RegionID,RegionName,State,StateCodeFIPS,Date,HousingPrice
2964,Miami-Dade County,FL,12,2010-01-31,174162.6818749296
1561,Broward County,FL,12,2010-01-31,146697.04687263875
2993,Palm Beach County,FL,12,2010-01-31,176963.8848064428
3165,Hillsborough County,FL,12,2010-01-31,142764.2526879294
1287,Orange County,FL,12,2010-01-31,151282.1093663761
489,Duval County,FL,12,2010-01-31,140511.4346471615
2480,Pinellas County,FL,12,2010-01-31,144931.28879718445
80,Lee County,FL,12,2010-01-31,138255.8196212848
285,Polk County,FL,12,2010-01-31,118309.8559313121
1556,Brevard County,FL,12,2010-01-31,137329.24383047235
669,Pasco County,FL,12,2010-01-31,136954.08589600972
2063,Volusia County,FL,12,2010-01-31,133604.836245778
2538,Seminole County,FL,12,2010-01-31,163647.60418201305
2528,Sarasota County,FL,12,2010-01-31,173511.00029770425
1916,Manatee County,FL,12,2010-01-31,172501.15306053392
1957,Osceola County,FL,12,2010-01-31,126876.43885050988
219,Lake County,FL,12,2010-01-31,150990.3312901595
1638,Collier County,FL,12,2010-01-31,255264.5471260397
1161,Marion County,FL,12,2010-01-31,126327.16556666046
3131,Saint Lucie County,FL,12,2010-01-31,105886.85228587373
2259,Escambia County,FL,12,2010-01-31,137346.7184580867
232,Leon County,FL,12,2010-01-31,173979.4540313071
1509,Alachua County,FL,12,2010-01-31,167705.39782147363
3128,Saint Johns County,FL,12,2010-01-31,229210.2094421287
118,Clay County,FL,12,2010-01-31,160915.42457685302
2460,Okaloosa County,FL,12,2010-01-31,180738.225079254
2341,Hernando County,FL,12,2010-01-31,122557.2243266764
2650,Charlotte County,FL,12,2010-01-31,124302.4188740756
3026,Santa Rosa County,FL,12,2010-01-31,158089.4181786608
67,Bay County,FL,12,2010-01-31,177323.25643630783
3168,Indian River County,FL,12,2010-01-31,150160.96500238887
1176,Martin County,FL,12,2010-01-31,176154.98356132652
938,Citrus County,FL,12,2010-01-31,124077.55787119376
1409,Sumter County,FL,12,2010-01-31,194227.86178002387
1707,Flagler County,FL,12,2010-01-31,155267.42682225432
2724,Highlands County,FL,12,2010-01-31,96398.901637651
1251,Nassau County,FL,12,2010-01-31,208625.7811029465
1214,Monroe County,FL,12,2010-01-31,
1468,Walton County,FL,12,2010-01-31,270531.135223107
1338,Putnam County,FL,12,2010-01-31,90866.4516530999
2212,Columbia County,FL,12,2010-01-31,120542.60414937814
1794,Jackson County,FL,12,2010-01-31,97185.3434936052
1717,Gadsden County,FL,12,2010-01-31,106323.2520748758
2570,Suwannee County,FL,12,2010-01-31,121331.31609840645
234,Levy County,FL,12,2010-01-31,116336.72857696144
2990,Okeechobee County,FL,12,2010-01-31,96226.99932811584
1093,Hendry County,FL,12,2010-01-31,79046.07235108274
1659,De Soto County,FL,12,2010-01-31,93495.947648459
2066,Wakulla County,FL,12,2010-01-31,139471.25654306795
378,Baker County,FL,12,2010-01-31,140451.29009034229
2148,Bradford County,FL,12,2010-01-31,110644.91242738812
1076,Hardee County,FL,12,2010-01-31,85581.88136610376
3050,Washington County,FL,12,2010-01-31,
1419,Taylor County,FL,12,2010-01-31,91832.8334231539
1094,Holmes County,FL,12,2010-01-31,96629.55765988944
1896,Madison County,FL,12,2010-01-31,100284.16525054972
2704,Gilchrist County,FL,12,2010-01-31,117183.37171692106
480,Dixie County,FL,12,2010-01-31,76888.96097633975
762,Union County,FL,12,2010-01-31,109491.58404333911
169,Gulf County,FL,12,2010-01-31,156607.677061495
2735,Jefferson County,FL,12,2010-01-31,134478.90942161353
2315,Hamilton County,FL,12,2010-01-31,82248.83113982354
1571,Calhoun County,FL,12,2010-01-31,95040.1353039692
2272,Franklin County,FL,12,2010-01-31,200168.61050769707
1042,Glades County,FL,12,2010-01-31,88711.34136734491
2769,Lafayette County,FL,12,2010-01-31,102396.39569961307
1858,Liberty County,FL,12,2010-01-31,
2964,Miami-Dade County,FL,12,2010-02-28,172988.44963498416
1561,Broward County,FL,12,2010-02-28,146969.17700168316
2993,Palm Beach County,FL,12,2010-02-28,176051.16863872623
3165,Hillsborough County,FL,12,2010-02-28,142264.6051298891
1287,Orange County,FL,12,2010-02-28,149841.21779638823
489,Duval County,FL,12,2010-02-28,138949.33026229512
2480,Pinellas County,FL,12,2010-02-28,144926.70897652736
80,Lee County,FL,12,2010-02-28,136594.21679017192
285,Polk County,FL,12,2010-02-28,117964.48729158174
1556,Brevard County,FL,12,2010-02-28,136322.64926469498
669,Pasco County,FL,12,2010-02-28,136825.15623408262
2063,Volusia County,FL,12,2010-02-28,131903.95747331853
2538,Seminole County,FL,12,2010-02-28,161956.23004056103
2528,Sarasota County,FL,12,2010-02-28,173164.95602528224
1916,Manatee County,FL,12,2010-02-28,172004.42097014486
1957,Osceola County,FL,12,2010-02-28,126497.27389867812
219,Lake County,FL,12,2010-02-28,150390.89855725857
1638,Collier County,FL,12,2010-02-28,253886.3487808291
1161,Marion County,FL,12,2010-02-28,125144.41930388389
3131,Saint Lucie County,FL,12,2010-02-28,105384.7641457423
2259,Escambia County,FL,12,2010-02-28,136848.13996084422
232,Leon County,FL,12,2010-02-28,174169.08382399948
1509,Alachua County,FL,12,2010-02-28,168415.4160272021
3128,Saint Johns County,FL,12,2010-02-28,229194.40800323908
118,Clay County,FL,12,2010-02-28,159743.40074354442
2460,Okaloosa County,FL,12,2010-02-28,179954.07076778857
2341,Hernando County,FL,12,2010-02-28,121016.3378353897
2650,Charlotte County,FL,12,2010-02-28,124894.69422773267
3026,Santa Rosa County,FL,12,2010-02-28,157364.5737057405
67,Bay County,FL,12,2010-02-28,175726.79927167625
3168,Indian River County,FL,12,2010-02-28,150537.47350209326
1176,Martin County,FL,12,2010-02-28,176619.8333000852
938,Citrus County,FL,12,2010-02-28,123277.75357608382
1409,Sumter County,FL,12,2010-02-28,193851.9249061111
1707,Flagler County,FL,12,2010-02-28,154474.01489677897
2724,Highlands County,FL,12,2010-02-28,95494.49931452656
1251,Nassau County,FL,12,2010-02-28,207565.28016806763
1214,Monroe County,FL,12,2010-02-28,
1468,Walton County,FL,12,2010-02-28,271580.7751479512
1338,Putnam County,FL,12,2010-02-28,90336.59267387184
2212,Columbia County,FL,12,2010-02-28,119880.03004934848
1794,Jackson County,FL,12,2010-02-28,96540.39693145832
1717,Gadsden County,FL,12,2010-02-28,105822.56631698292
2570,Suwannee County,FL,12,2010-02-28,120745.74263031268
234,Levy County,FL,12,2010-02-28,115841.4924920858
2990,Okeechobee County,FL,12,2010-02-28,95665.4745467691
1093,Hendry County,FL,12,2010-02-28,78559.1843351866
1659,De Soto County,FL,12,2010-02-28,92978.46226618032
2066,Wakulla County,FL,12,2010-02-28,138970.6263192297
378,Baker County,FL,12,2010-02-28,139610.3078725746
2148,Bradford County,FL,12,2010-02-28,110098.69688202602
1076,Hardee County,FL,12,2010-02-28,85542.9961797769
3050,Washington County,FL,12,2010-02-28,
1419,Taylor County,FL,12,2010-02-28,91240.80084830818
1094,Holmes County,FL,12,2010-02-28,96030.02463727038
1896,Madison County,FL,12,2010-02-28,99627.288578912
2704,Gilchrist County,FL,12,2010-02-28,116409.1010420526
480,Dixie County,FL,12,2010-02-28,76731.5190482613
762,Union County,FL,12,2010-02-28,108532.67676874196
169,Gulf County,FL,12,2010-02-28,155825.1658149414
2735,Jefferson County,FL,12,2010-02-28,134041.87739253076
2315,Hamilton County,FL,12,2010-02-28,81775.23224042483
1571,Calhoun County,FL,12,2010-02-28,94834.44181129988
2272,Franklin County,FL,12,2010-02-28,199514.90028809555
1042,Glades County,FL,12,2010-02-28,88592.60733666585
2769,Lafayette County,FL,12,2010-02-28,101855.40978170032
1858,Liberty County,FL,12,2010-02-28,
2964,Miami-Dade County,FL,12,2010-03-31,172471.0289165365
1561,Broward County,FL,12,2010-03-31,147372.08132219364
2993,Palm Beach County,FL,12,2010-03-31,175784.85785394162
3165,Hillsborough County,FL,12,2010-03-31,141957.890602464
1287,Orange County,FL,12,2010-03-31,148549.9436105411
489,Duval County,FL,12,2010-03-31,137535.18470295912
2480,Pinellas County,FL,12,2010-03-31,144778.40486701642
80,Lee County,FL,12,2010-03-31,135425.61397095383
285,Polk County,FL,12,2010-03-31,117205.8909022803
1556,Brevard County,FL,12,2010-03-31,134949.7389918541
669,Pasco County,FL,12,2010-03-31,137086.7670659834
2063,Volusia County,FL,12,2010-03-31,131029.54582086403
2538,Seminole County,FL,12,2010-03-31,159754.00248695273
2528,Sarasota County,FL,12,2010-03-31,173128.26360081843
1916,Manatee County,FL,12,2010-03-31,171882.65650904272
1957,Osceola County,FL,12,2010-03-31,126745.1550517793
219,Lake County,FL,12,2010-03-31,149499.092244884
1638,Collier County,FL,12,2010-03-31,253234.616583112
1161,Marion County,FL,12,2010-03-31,124080.6635084624
3131,Saint Lucie County,FL,12,2010-03-31,105450.15386397048
2259,Escambia County,FL,12,2010-03-31,136150.35942911234
232,Leon County,FL,12,2010-03-31,174586.08533652066
1509,Alachua County,FL,12,2010-03-31,168775.80369743842
3128,Saint Johns County,FL,12,2010-03-31,228681.0146408838
118,Clay County,FL,12,2010-03-31,159043.74201093105
2460,Okaloosa County,FL,12,2010-03-31,180973.9284274905
2341,Hernando County,FL,12,2010-03-31,118987.74961959182
2650,Charlotte County,FL,12,2010-03-31,125785.01811627184
3026,Santa Rosa County,FL,12,2010-03-31,157648.87473053276
67,Bay County,FL,12,2010-03-31,173648.91345856138
3168,Indian River County,FL,12,2010-03-31,150961.29584730414
1176,Martin County,FL,12,2010-03-31,176591.10825543772
938,Citrus County,FL,12,2010-03-31,122903.10133018556
1409,Sumter County,FL,12,2010-03-31,194357.4982446487
1707,Flagler County,FL,12,2010-03-31,153954.68585274075
2724,Highlands County,FL,12,2010-03-31,94938.30394568304
1251,Nassau County,FL,12,2010-03-31,206321.54560441253
1214,Monroe County,FL,12,2010-03-31,
1468,Walton County,FL,12,2010-03-31,271467.00121081865
1338,Putnam County,FL,12,2010-03-31,89774.73081382707
2212,Columbia County,FL,12,2010-03-31,119258.63583883128
1794,Jackson County,FL,12,2010-03-31,95898.95208741986
1717,Gadsden County,FL,12,2010-03-31,105230.66167840332
2570,Suwannee County,FL,12,2010-03-31,120226.02440123602
234,Levy County,FL,12,2010-03-31,115431.23593490048
2990,Okeechobee County,FL,12,2010-03-31,95171.95943675656
1093,Hendry County,FL,12,2010-03-31,78134.0180998021
1659,De Soto County,FL,12,2010-03-31,92482.19229278204
2066,Wakulla County,FL,12,2010-03-31,138456.06295935673
378,Baker County,FL,12,2010-03-31,138860.23959021302
2148,Bradford County,FL,12,2010-03-31,109583.89350713656
1076,Hardee County,FL,12,2010-03-31,85659.30460286356
3050,Washington County,FL,12,2010-03-31,
1419,Taylor County,FL,12,2010-03-31,90719.38222380524
1094,Holmes County,FL,12,2010-03-31,95643.47264880373
1896,Madison County,FL,12,2010-03-31,99050.80689168489
2704,Gilchrist County,FL,12,2010-03-31,115780.8852042082
480,Dixie County,FL,12,2010-03-31,76685.80830488839
762,Union County,FL,12,2010-03-31,107807.83688072248
169,Gulf County,FL,12,2010-03-31,155188.7883100784
2735,Jefferson County,FL,12,2010-03-31,133574.8667669089
2315,Hamilton County,FL,12,2010-03-31,81289.74810672051
1571,Calhoun County,FL,12,2010-03-31,94567.4377810648
2272,Franklin County,FL,12,2010-03-31,199186.35018386645
1042,Glades County,FL,12,2010-03-31,88411.84210887262
2769,Lafayette County,FL,12,2010-03-31,101452.34210200836
1858,Liberty County,FL,12,2010-03-31,
2964,Miami-Dade County,FL,12,2010-04-30,172075.63841077616
1561,Broward County,FL,12,2010-04-30,147318.67994621268
2993,Palm Beach County,FL,12,2010-04-30,175691.72548212507
3165,Hillsborough County,FL,12,2010-04-30,141441.907115882
1287,Orange County,FL,12,2010-04-30,147857.85690359765
489,Duval County,FL,12,2010-04-30,136941.91275712466
2480,Pinellas County,FL,12,2010-04-30,144785.194039722
80,Lee County,FL,12,2010-04-30,134728.9316697278
285,Polk County,FL,12,2010-04-30,116100.46394915384
1556,Brevard County,FL,12,2010-04-30,134190.91985864405
669,Pasco County,FL,12,2010-04-30,137013.11383657742
2063,Volusia County,FL,12,2010-04-30,130175.4202234388
2538,Seminole County,FL,12,2010-04-30,158427.8089708403
2528,Sarasota County,FL,12,2010-04-30,174277.0719621028
1916,Manatee County,FL,12,2010-04-30,171522.8246516211
1957,Osceola County,FL,12,2010-04-30,126645.34988717224
219,Lake County,FL,12,2010-04-30,148530.71688105862
1638,Collier County,FL,12,2010-04-30,253593.00837533464
1161,Marion County,FL,12,2010-04-30,123053.2392129794
3131,Saint Lucie County,FL,12,2010-04-30,105495.4581970073
2259,Escambia County,FL,12,2010-04-30,135419.00916384932
232,Leon County,FL,12,2010-04-30,174475.76878844164
1509,Alachua County,FL,12,2010-04-30,168006.52769969156
3128,Saint Johns County,FL,12,2010-04-30,228258.5999081192
118,Clay County,FL,12,2010-04-30,158158.1037946532
2460,Okaloosa County,FL,12,2010-04-30,182163.49871211857
2341,Hernando County,FL,12,2010-04-30,118082.72546713852
2650,Charlotte County,FL,12,2010-04-30,126240.27358079032
3026,Santa Rosa County,FL,12,2010-04-30,158325.5467568778
67,Bay County,FL,12,2010-04-30,172490.10101395546
3168,Indian River County,FL,12,2010-04-30,150855.6522725421
1176,Martin County,FL,12,2010-04-30,175783.43798329064
938,Citrus County,FL,12,2010-04-30,122667.25856501742
1409,Sumter County,FL,12,2010-04-30,195578.17793148544
1707,Flagler County,FL,12,2010-04-30,153412.14781343765
2724,Highlands County,FL,12,2010-04-30,94508.4502868998
1251,Nassau County,FL,12,2010-04-30,205137.7583551608
1214,Monroe County,FL,12,2010-04-30,
1468,Walton County,FL,12,2010-04-30,271115.59614563803
1338,Putnam County,FL,12,2010-04-30,89271.73781951884
2212,Columbia County,FL,12,2010-04-30,118564.33764846069
1794,Jackson County,FL,12,2010-04-30,95445.2430879298
1717,Gadsden County,FL,12,2010-04-30,104645.07857021432
2570,Suwannee County,FL,12,2010-04-30,119770.09794499032
234,Levy County,FL,12,2010-04-30,114915.68180928665
2990,Okeechobee County,FL,12,2010-04-30,94682.40092683876
1093,Hendry County,FL,12,2010-04-30,77737.58376459243
1659,De Soto County,FL,12,2010-04-30,91971.30416385792
2066,Wakulla County,FL,12,2010-04-30,137703.09844789866
378,Baker County,FL,12,2010-04-30,138164.35427243577
2148,Bradford County,FL,12,2010-04-30,109086.87380836716
1076,Hardee County,FL,12,2010-04-30,85482.97196645032
3050,Washington County,FL,12,2010-04-30,
1419,Taylor County,FL,12,2010-04-30,90196.70251287131
1094,Holmes County,FL,12,2010-04-30,95359.35699523454
1896,Madison County,FL,12,2010-04-30,98516.49757002678
2704,Gilchrist County,FL,12,2010-04-30,115365.62455356884
480,Dixie County,FL,12,2010-04-30,76510.51638695934
762,Union County,FL,12,2010-04-30,107454.25056837936
169,Gulf County,FL,12,2010-04-30,154581.48097196824
2735,Jefferson County,FL,12,2010-04-30,133102.46452864882
2315,Hamilton County,FL,12,2010-04-30,80905.3397169093
1571,Calhoun County,FL,12,2010-04-30,94233.13652828697
2272,Franklin County,FL,12,2010-04-30,198841.5298860299
1042,Glades County,FL,12,2010-04-30,88211.96025249998
2769,Lafayette County,FL,12,2010-04-30,100826.53045500572
1858,Liberty County,FL,12,2010-04-30,
2964,Miami-Dade County,FL,12,2010-05-31,171619.59926468408
1561,Broward County,FL,12,2010-05-31,146787.3854390071
2993,Palm Beach County,FL,12,2010-05-31,175256.35506813193
3165,Hillsborough County,FL,12,2010-05-31,141379.41313733274
1287,Orange County,FL,12,2010-05-31,146985.7386555325
489,Duval County,FL,12,2010-05-31,136728.66234881314
2480,Pinellas County,FL,12,2010-05-31,144387.7090959035
80,Lee County,FL,12,2010-05-31,134904.41751013155
285,Polk County,FL,12,2010-05-31,114636.71807423944
1556,Brevard County,FL,12,2010-05-31,133764.5740515579
669,Pasco County,FL,12,2010-05-31,136730.0632635559
2063,Volusia County,FL,12,2010-05-31,129638.0473771296
2538,Seminole County,FL,12,2010-05-31,157944.0030056309
2528,Sarasota County,FL,12,2010-05-31,174708.26289893914
1916,Manatee County,FL,12,2010-05-31,170766.93638889387
1957,Osceola County,FL,12,2010-05-31,126023.5461472491
219,Lake County,FL,12,2010-05-31,147386.36284538268
1638,Collier County,FL,12,2010-05-31,254002.47501410183
1161,Marion County,FL,12,2010-05-31,121713.00869612148
3131,Saint Lucie County,FL,12,2010-05-31,105736.74222366123
2259,Escambia County,FL,12,2010-05-31,135211.73516036302
232,Leon County,FL,12,2010-05-31,174463.45506037408
1509,Alachua County,FL,12,2010-05-31,165858.43658668324
3128,Saint Johns County,FL,12,2010-05-31,227689.9575834892
118,Clay County,FL,12,2010-05-31,157686.44023527278
2460,Okaloosa County,FL,12,2010-05-31,182390.63453731185
2341,Hernando County,FL,12,2010-05-31,117005.53109811115
2650,Charlotte County,FL,12,2010-05-31,126331.6859509502
3026,Santa Rosa County,FL,12,2010-05-31,158591.5143705908
67,Bay County,FL,12,2010-05-31,171749.82748208102
3168,Indian River County,FL,12,2010-05-31,150505.40386498533
1176,Martin County,FL,12,2010-05-31,175332.01409048238
938,Citrus County,FL,12,2010-05-31,122350.41301036866
1409,Sumter County,FL,12,2010-05-31,197053.58004380224
1707,Flagler County,FL,12,2010-05-31,152813.61081454784
2724,Highlands County,FL,12,2010-05-31,93864.4716667225
1251,Nassau County,FL,12,2010-05-31,204018.54708831888
1214,Monroe County,FL,12,2010-05-31,
1468,Walton County,FL,12,2010-05-31,267736.58872404805
1338,Putnam County,FL,12,2010-05-31,88852.50933899784
2212,Columbia County,FL,12,2010-05-31,117910.76474926875
1794,Jackson County,FL,12,2010-05-31,95253.89627482792
1717,Gadsden County,FL,12,2010-05-31,104089.59344022084
2570,Suwannee County,FL,12,2010-05-31,119296.6197525652
234,Levy County,FL,12,2010-05-31,114435.31685501352
2990,Okeechobee County,FL,12,2010-05-31,94167.4865893686
1093,Hendry County,FL,12,2010-05-31,77398.87565740917
1659,De Soto County,FL,12,2010-05-31,91439.12071473392
2066,Wakulla County,FL,12,2010-05-31,136864.1940604252
378,Baker County,FL,12,2010-05-31,137568.89489797273
2148,Bradford County,FL,12,2010-05-31,108684.57700144724
1076,Hardee County,FL,12,2010-05-31,85271.32965175231
3050,Washington County,FL,12,2010-05-31,
1419,Taylor County,FL,12,2010-05-31,89737.22758004356
1094,Holmes County,FL,12,2010-05-31,95234.89634561124
1896,Madison County,FL,12,2010-05-31,98143.18243011634
2704,Gilchrist County,FL,12,2010-05-31,115138.5876166428
480,Dixie County,FL,12,2010-05-31,76490.11709499014
762,Union County,FL,12,2010-05-31,107427.53605068255
169,Gulf County,FL,12,2010-05-31,154498.11990956796
2735,Jefferson County,FL,12,2010-05-31,132520.30868893387
2315,Hamilton County,FL,12,2010-05-31,80679.25691473558
1571,Calhoun County,FL,12,2010-05-31,94096.82405760876
2272,Franklin County,FL,12,2010-05-31,198327.5544093792
1042,Glades County,FL,12,2010-05-31,87836.10694557878
2769,Lafayette County,FL,12,2010-05-31,100171.84145701554
1858,Liberty County,FL,12,2010-05-31,
2964,Miami-Dade County,FL,12,2010-06-30,170527.89423261504
1561,Broward County,FL,12,2010-06-30,145956.03491906685
2993,Palm Beach County,FL,12,2010-06-30,174066.61936054155
3165,Hillsborough County,FL,12,2010-06-30,141385.7135436883
1287,Orange County,FL,12,2010-06-30,145868.74029168164
489,Duval County,FL,12,2010-06-30,136573.15700608087
2480,Pinellas County,FL,12,2010-06-30,143771.96496969365
80,Lee County,FL,12,2010-06-30,135284.06358212887
285,Polk County,FL,12,2010-06-30,113168.92681816212
1556,Brevard County,FL,12,2010-06-30,133356.6849464478
669,Pasco County,FL,12,2010-06-30,136336.2370525515
2063,Volusia County,FL,12,2010-06-30,128311.1561224952
2538,Seminole County,FL,12,2010-06-30,157675.11251866244
2528,Sarasota County,FL,12,2010-06-30,174550.6753578773
1916,Manatee County,FL,12,2010-06-30,169895.20364630636
1957,Osceola County,FL,12,2010-06-30,125270.13236614157
219,Lake County,FL,12,2010-06-30,146291.18922419936
1638,Collier County,FL,12,2010-06-30,254037.6903962031
1161,Marion County,FL,12,2010-06-30,120808.09835910506
3131,Saint Lucie County,FL,12,2010-06-30,105699.54836249776
2259,Escambia County,FL,12,2010-06-30,135075.18228260663
232,Leon County,FL,12,2010-06-30,174119.5431573155
1509,Alachua County,FL,12,2010-06-30,163788.6166293502
3128,Saint Johns County,FL,12,2010-06-30,227076.1856360584
118,Clay County,FL,12,2010-06-30,156887.96386387953
2460,Okaloosa County,FL,12,2010-06-30,181703.7895626397
2341,Hernando County,FL,12,2010-06-30,115861.72539560084
2650,Charlotte County,FL,12,2010-06-30,126112.50569197672
3026,Santa Rosa County,FL,12,2010-06-30,158132.16721848535
67,Bay County,FL,12,2010-06-30,171823.32824631737
3168,Indian River County,FL,12,2010-06-30,150070.942403808
1176,Martin County,FL,12,2010-06-30,175406.94220472142
938,Citrus County,FL,12,2010-06-30,121578.15602894955
1409,Sumter County,FL,12,2010-06-30,198646.98004844107
1707,Flagler County,FL,12,2010-06-30,151525.8230637695
2724,Highlands County,FL,12,2010-06-30,93001.06792372908
1251,Nassau County,FL,12,2010-06-30,203287.29892243704
1214,Monroe County,FL,12,2010-06-30,
1468,Walton County,FL,12,2010-06-30,266269.5882720182
1338,Putnam County,FL,12,2010-06-30,88501.69816126564
2212,Columbia County,FL,12,2010-06-30,117317.9565115436
1794,Jackson County,FL,12,2010-06-30,94933.09162546688
1717,Gadsden County,FL,12,2010-06-30,103664.49807798844
2570,Suwannee County,FL,12,2010-06-30,118897.60156335324
234,Levy County,FL,12,2010-06-30,113893.9329728826
2990,Okeechobee County,FL,12,2010-06-30,93690.1399214806
1093,Hendry County,FL,12,2010-06-30,77050.93133009442
1659,De Soto County,FL,12,2010-06-30,90956.40877760955
2066,Wakulla County,FL,12,2010-06-30,136058.79641340184
378,Baker County,FL,12,2010-06-30,137081.72466499254
2148,Bradford County,FL,12,2010-06-30,108379.62193383576
1076,Hardee County,FL,12,2010-06-30,85105.2232635765
3050,Washington County,FL,12,2010-06-30,
1419,Taylor County,FL,12,2010-06-30,89289.12012783166
1094,Holmes County,FL,12,2010-06-30,95012.89141309122
1896,Madison County,FL,12,2010-06-30,97698.29450096452
2704,Gilchrist County,FL,12,2010-06-30,114997.82381933108
480,Dixie County,FL,12,2010-06-30,76447.83317027196
762,Union County,FL,12,2010-06-30,107556.76698292668
169,Gulf County,FL,12,2010-06-30,154556.61920812438
2735,Jefferson County,FL,12,2010-06-30,132086.5720409414
2315,Hamilton County,FL,12,2010-06-30,80530.79408678877
1571,Calhoun County,FL,12,2010-06-30,93877.69609883153
2272,Franklin County,FL,12,2010-06-30,197931.3714964938
1042,Glades County,FL,12,2010-06-30,87536.9711660529
2769,Lafayette County,FL,12,2010-06-30,99867.2073266732
1858,Liberty County,FL,12,2010-06-30,
2964,Miami-Dade County,FL,12,2010-07-31,169137.76824327215
1561,Broward County,FL,12,2010-07-31,145328.23688715856
2993,Palm Beach County,FL,12,2010-07-31,172534.658820581
3165,Hillsborough County,FL,12,2010-07-31,140908.57223806894
1287,Orange County,FL,12,2010-07-31,144878.75877207323
489,Duval County,FL,12,2010-07-31,135572.69285771452
2480,Pinellas County,FL,12,2010-07-31,142721.4011709852
80,Lee County,FL,12,2010-07-31,135409.94519673465
285,Polk County,FL,12,2010-07-31,111839.73230472476
1556,Brevard County,FL,12,2010-07-31,132003.6148262937
669,Pasco County,FL,12,2010-07-31,135708.84347899305
2063,Volusia County,FL,12,2010-07-31,126975.32311220764
2538,Seminole County,FL,12,2010-07-31,155718.6082881764
2528,Sarasota County,FL,12,2010-07-31,173770.04977205148
1916,Manatee County,FL,12,2010-07-31,169065.00171396244
1957,Osceola County,FL,12,2010-07-31,124865.49284601938
219,Lake County,FL,12,2010-07-31,145882.83840275355
1638,Collier County,FL,12,2010-07-31,252933.76063488144
1161,Marion County,FL,12,2010-07-31,119833.74141959944
3131,Saint Lucie County,FL,12,2010-07-31,105530.62782529953
2259,Escambia County,FL,12,2010-07-31,134388.6768167778
232,Leon County,FL,12,2010-07-31,173418.05731281886
1509,Alachua County,FL,12,2010-07-31,161693.2097578043
3128,Saint Johns County,FL,12,2010-07-31,226152.10461374148
118,Clay County,FL,12,2010-07-31,155799.18323802765
2460,Okaloosa County,FL,12,2010-07-31,180492.626575022
2341,Hernando County,FL,12,2010-07-31,114239.3745593913
2650,Charlotte County,FL,12,2010-07-31,125838.0092810068
3026,Santa Rosa County,FL,12,2010-07-31,157703.98983234484
67,Bay County,FL,12,2010-07-31,171305.9014011705
3168,Indian River County,FL,12,2010-07-31,149012.23667555657
1176,Martin County,FL,12,2010-07-31,175375.55855786358
938,Citrus County,FL,12,2010-07-31,120491.14599763283
1409,Sumter County,FL,12,2010-07-31,199649.9115422165
1707,Flagler County,FL,12,2010-07-31,150228.43033280343
2724,Highlands County,FL,12,2010-07-31,91961.61907405198
1251,Nassau County,FL,12,2010-07-31,202560.848004701
1214,Monroe County,FL,12,2010-07-31,
1468,Walton County,FL,12,2010-07-31,265049.313838035
1338,Putnam County,FL,12,2010-07-31,88235.60685869023
2212,Columbia County,FL,12,2010-07-31,116971.10910086344
1794,Jackson County,FL,12,2010-07-31,94649.56770047412
1717,Gadsden County,FL,12,2010-07-31,103169.29514919642
2570,Suwannee County,FL,12,2010-07-31,118434.486785873
234,Levy County,FL,12,2010-07-31,113386.02980575863
2990,Okeechobee County,FL,12,2010-07-31,93185.23134592052
1093,Hendry County,FL,12,2010-07-31,76715.21657254726
1659,De Soto County,FL,12,2010-07-31,90461.9778415986
2066,Wakulla County,FL,12,2010-07-31,135623.7717909497
378,Baker County,FL,12,2010-07-31,136643.10774709025
2148,Bradford County,FL,12,2010-07-31,108230.06223595233
1076,Hardee County,FL,12,2010-07-31,84970.33194243132
3050,Washington County,FL,12,2010-07-31,
1419,Taylor County,FL,12,2010-07-31,88887.5965095748
1094,Holmes County,FL,12,2010-07-31,94814.66365321884
1896,Madison County,FL,12,2010-07-31,97313.18490581668
2704,Gilchrist County,FL,12,2010-07-31,114874.68654179576
480,Dixie County,FL,12,2010-07-31,76399.73750615696
762,Union County,FL,12,2010-07-31,107624.90995334914
169,Gulf County,FL,12,2010-07-31,154667.2897426549
2735,Jefferson County,FL,12,2010-07-31,131580.35453062705
2315,Hamilton County,FL,12,2010-07-31,80388.57725520385
1571,Calhoun County,FL,12,2010-07-31,93354.09027653064
2272,Franklin County,FL,12,2010-07-31,197406.74315055297
1042,Glades County,FL,12,2010-07-31,87262.61218881002
2769,Lafayette County,FL,12,2010-07-31,99958.13885317864
1858,Liberty County,FL,12,2010-07-31,
2964,Miami-Dade County,FL,12,2010-08-31,167541.87123697152
1561,Broward County,FL,12,2010-08-31,144348.01257156674
2993,Palm Beach County,FL,12,2010-08-31,171184.17325086377
3165,Hillsborough County,FL,12,2010-08-31,140008.70870813544
1287,Orange County,FL,12,2010-08-31,143445.6241715847
489,Duval County,FL,12,2010-08-31,133663.48056932917
2480,Pinellas County,FL,12,2010-08-31,141313.33749145237
80,Lee County,FL,12,2010-08-31,135071.64730835138
285,Polk County,FL,12,2010-08-31,110383.07090002486
1556,Brevard County,FL,12,2010-08-31,130216.82668702408
669,Pasco County,FL,12,2010-08-31,135031.40430148688
2063,Volusia County,FL,12,2010-08-31,125128.7667876384
2538,Seminole County,FL,12,2010-08-31,153460.90669076497
2528,Sarasota County,FL,12,2010-08-31,173214.8501075167
1916,Manatee County,FL,12,2010-08-31,168149.1594243096
1957,Osceola County,FL,12,2010-08-31,124589.06679394674
219,Lake County,FL,12,2010-08-31,145942.0717824133
1638,Collier County,FL,12,2010-08-31,251239.2408154458
1161,Marion County,FL,12,2010-08-31,118939.05583941207
3131,Saint Lucie County,FL,12,2010-08-31,105160.51393348628
2259,Escambia County,FL,12,2010-08-31,133793.31747592895
232,Leon County,FL,12,2010-08-31,172094.197697587
1509,Alachua County,FL,12,2010-08-31,159974.88046812368
3128,Saint Johns County,FL,12,2010-08-31,224887.2161775856
118,Clay County,FL,12,2010-08-31,154129.94837817506
2460,Okaloosa County,FL,12,2010-08-31,179381.42802142387
2341,Hernando County,FL,12,2010-08-31,112816.0777584896
2650,Charlotte County,FL,12,2010-08-31,124903.2882459416
3026,Santa Rosa County,FL,12,2010-08-31,157370.08836177588
67,Bay County,FL,12,2010-08-31,170883.75510724715
3168,Indian River County,FL,12,2010-08-31,147625.96265580354
1176,Martin County,FL,12,2010-08-31,174966.54013863383
938,Citrus County,FL,12,2010-08-31,119165.13980340723
1409,Sumter County,FL,12,2010-08-31,200393.7337609563
1707,Flagler County,FL,12,2010-08-31,148455.9453877318
2724,Highlands County,FL,12,2010-08-31,91091.2556642018
1251,Nassau County,FL,12,2010-08-31,201654.8233265428
1214,Monroe County,FL,12,2010-08-31,
1468,Walton County,FL,12,2010-08-31,264637.2751051117
1338,Putnam County,FL,12,2010-08-31,87877.66904996498
2212,Columbia County,FL,12,2010-08-31,116759.04741258507
1794,Jackson County,FL,12,2010-08-31,93917.39657273132
1717,Gadsden County,FL,12,2010-08-31,102549.68463139232
2570,Suwannee County,FL,12,2010-08-31,117814.87669573048
234,Levy County,FL,12,2010-08-31,113057.19766763288
2990,Okeechobee County,FL,12,2010-08-31,92592.62330285642
1093,Hendry County,FL,12,2010-08-31,76254.90632216382
1659,De Soto County,FL,12,2010-08-31,89889.61939498583
2066,Wakulla County,FL,12,2010-08-31,134998.72427041587
378,Baker County,FL,12,2010-08-31,135914.2418234401
2148,Bradford County,FL,12,2010-08-31,107939.19686658667
1076,Hardee County,FL,12,2010-08-31,84689.28344707166
3050,Washington County,FL,12,2010-08-31,
1419,Taylor County,FL,12,2010-08-31,88410.55614531356
1094,Holmes County,FL,12,2010-08-31,94410.43777356693
1896,Madison County,FL,12,2010-08-31,96800.60670308385
2704,Gilchrist County,FL,12,2010-08-31,114527.44057015669
480,Dixie County,FL,12,2010-08-31,76054.8156433083
762,Union County,FL,12,2010-08-31,107387.68529828556
169,Gulf County,FL,12,2010-08-31,154132.38958320676
2735,Jefferson County,FL,12,2010-08-31,130930.60253206833
2315,Hamilton County,FL,12,2010-08-31,80022.61975738016
1571,Calhoun County,FL,12,2010-08-31,92766.30653368973
2272,Franklin County,FL,12,2010-08-31,196641.62084754152
1042,Glades County,FL,12,2010-08-31,86888.43442107573
2769,Lafayette County,FL,12,2010-08-31,100046.31570185832
1858,Liberty County,FL,12,2010-08-31,
2964,Miami-Dade County,FL,12,2010-09-30,166162.27371035595
1561,Broward County,FL,12,2010-09-30,143209.34475808052
2993,Palm Beach County,FL,12,2010-09-30,170048.9278285525
3165,Hillsborough County,FL,12,2010-09-30,138499.19392840812
1287,Orange County,FL,12,2010-09-30,141683.88234441145
489,Duval County,FL,12,2010-09-30,131588.99421047978
2480,Pinellas County,FL,12,2010-09-30,139814.94403281514
80,Lee County,FL,12,2010-09-30,134405.56924954386
285,Polk County,FL,12,2010-09-30,109130.70194661627
1556,Brevard County,FL,12,2010-09-30,128497.66142747726
669,Pasco County,FL,12,2010-09-30,133753.76919155943
2063,Volusia County,FL,12,2010-09-30,123185.33817287364
2538,Seminole County,FL,12,2010-09-30,150962.29132465573
2528,Sarasota County,FL,12,2010-09-30,172811.87161815865
1916,Manatee County,FL,12,2010-09-30,166683.68889772845
1957,Osceola County,FL,12,2010-09-30,124056.4140694054
219,Lake County,FL,12,2010-09-30,146147.58871509123
1638,Collier County,FL,12,2010-09-30,249328.4530244905
1161,Marion County,FL,12,2010-09-30,117543.68095829796
3131,Saint Lucie County,FL,12,2010-09-30,104641.47823724424
2259,Escambia County,FL,12,2010-09-30,132774.97875933137
232,Leon County,FL,12,2010-09-30,170443.28948082824
1509,Alachua County,FL,12,2010-09-30,158212.3002533595
3128,Saint Johns County,FL,12,2010-09-30,223231.71611816747
118,Clay County,FL,12,2010-09-30,152328.05603416546
2460,Okaloosa County,FL,12,2010-09-30,178157.43719964757
2341,Hernando County,FL,12,2010-09-30,111712.29579769877
2650,Charlotte County,FL,12,2010-09-30,123997.02683118852
3026,Santa Rosa County,FL,12,2010-09-30,156995.43545344344
67,Bay County,FL,12,2010-09-30,169900.90988947323
3168,Indian River County,FL,12,2010-09-30,146583.58330388216
1176,Martin County,FL,12,2010-09-30,174174.27970143998
938,Citrus County,FL,12,2010-09-30,117753.01684727544
1409,Sumter County,FL,12,2010-09-30,200626.16051769
1707,Flagler County,FL,12,2010-09-30,147371.7856225113
2724,Highlands County,FL,12,2010-09-30,89936.99902659678
1251,Nassau County,FL,12,2010-09-30,200489.6945773788
1214,Monroe County,FL,12,2010-09-30,
1468,Walton County,FL,12,2010-09-30,263617.242069508
1338,Putnam County,FL,12,2010-09-30,87378.29805918293
2212,Columbia County,FL,12,2010-09-30,116344.52658104664
1794,Jackson County,FL,12,2010-09-30,93143.5442097276
1717,Gadsden County,FL,12,2010-09-30,101724.16233575896
2570,Suwannee County,FL,12,2010-09-30,117197.31137929442
234,Levy County,FL,12,2010-09-30,112621.27249669324
2990,Okeechobee County,FL,12,2010-09-30,91854.43183115842
1093,Hendry County,FL,12,2010-09-30,75704.35631320177
1659,De Soto County,FL,12,2010-09-30,89201.5396207206
2066,Wakulla County,FL,12,2010-09-30,134143.16614968827
378,Baker County,FL,12,2010-09-30,134882.72479034518
2148,Bradford County,FL,12,2010-09-30,107460.84973891258
1076,Hardee County,FL,12,2010-09-30,84160.56332375486
3050,Washington County,FL,12,2010-09-30,
1419,Taylor County,FL,12,2010-09-30,87832.69428201551
1094,Holmes County,FL,12,2010-09-30,93954.08358563446
1896,Madison County,FL,12,2010-09-30,96095.70691749372
2704,Gilchrist County,FL,12,2010-09-30,113843.3297583445
480,Dixie County,FL,12,2010-09-30,75590.80286344592
762,Union County,FL,12,2010-09-30,106665.54527867936
169,Gulf County,FL,12,2010-09-30,152799.35153007592
2735,Jefferson County,FL,12,2010-09-30,130175.49745864244
2315,Hamilton County,FL,12,2010-09-30,79463.07126548409
1571,Calhoun County,FL,12,2010-09-30,92006.7380209482
2272,Franklin County,FL,12,2010-09-30,195473.95987787188
1042,Glades County,FL,12,2010-09-30,86312.96049107159
2769,Lafayette County,FL,12,2010-09-30,99756.02052791498
1858,Liberty County,FL,12,2010-09-30,
2964,Miami-Dade County,FL,12,2010-10-31,164318.98109616115
1561,Broward County,FL,12,2010-10-31,141663.0703102439
2993,Palm Beach County,FL,12,2010-10-31,168742.83749008185
3165,Hillsborough County,FL,12,2010-10-31,137094.44597560074
1287,Orange County,FL,12,2010-10-31,140300.55251264197
489,Duval County,FL,12,2010-10-31,130134.46597907852
2480,Pinellas County,FL,12,2010-10-31,138357.3110761594
80,Lee County,FL,12,2010-10-31,133344.97133599294
285,Polk County,FL,12,2010-10-31,107877.10752477692
1556,Brevard County,FL,12,2010-10-31,126881.72481554344
669,Pasco County,FL,12,2010-10-31,132118.5513749949
2063,Volusia County,FL,12,2010-10-31,121440.91631155688
2538,Seminole County,FL,12,2010-10-31,149766.51411694224
2528,Sarasota County,FL,12,2010-10-31,172080.74413336266
1916,Manatee County,FL,12,2010-10-31,164670.56431559531
1957,Osceola County,FL,12,2010-10-31,122314.85071105712
219,Lake County,FL,12,2010-10-31,145602.77739211157
1638,Collier County,FL,12,2010-10-31,247384.16797040447
1161,Marion County,FL,12,2010-10-31,116082.84199370284
3131,Saint Lucie County,FL,12,2010-10-31,104324.39519908598
2259,Escambia County,FL,12,2010-10-31,131595.00719407256
232,Leon County,FL,12,2010-10-31,168949.90887949007
1509,Alachua County,FL,12,2010-10-31,156310.1666519971
3128,Saint Johns County,FL,12,2010-10-31,221205.19854912776
118,Clay County,FL,12,2010-10-31,150724.19742039547
2460,Okaloosa County,FL,12,2010-10-31,176816.55450995883
2341,Hernando County,FL,12,2010-10-31,110338.94453735312
2650,Charlotte County,FL,12,2010-10-31,123444.9476250731
3026,Santa Rosa County,FL,12,2010-10-31,156287.96849261606
67,Bay County,FL,12,2010-10-31,169014.67206537686
3168,Indian River County,FL,12,2010-10-31,145544.727133931
1176,Martin County,FL,12,2010-10-31,173218.79564618887
938,Citrus County,FL,12,2010-10-31,116133.75956993533
1409,Sumter County,FL,12,2010-10-31,201003.90605095724
1707,Flagler County,FL,12,2010-10-31,146261.69772316786
2724,Highlands County,FL,12,2010-10-31,89033.83255741985
1251,Nassau County,FL,12,2010-10-31,198927.47849480307
1214,Monroe County,FL,12,2010-10-31,
1468,Walton County,FL,12,2010-10-31,262229.2708626331
1338,Putnam County,FL,12,2010-10-31,86826.62426298387
2212,Columbia County,FL,12,2010-10-31,115576.61984406487
1794,Jackson County,FL,12,2010-10-31,92078.84120160842
1717,Gadsden County,FL,12,2010-10-31,100779.69128015358
2570,Suwannee County,FL,12,2010-10-31,116437.29766573408
234,Levy County,FL,12,2010-10-31,112258.511983482
2990,Okeechobee County,FL,12,2010-10-31,91058.19090952683
1093,Hendry County,FL,12,2010-10-31,75030.435990516
1659,De Soto County,FL,12,2010-10-31,88330.97421318492
2066,Wakulla County,FL,12,2010-10-31,132948.79861889037
378,Baker County,FL,12,2010-10-31,133609.47914263193
2148,Bradford County,FL,12,2010-10-31,106633.59515506576
1076,Hardee County,FL,12,2010-10-31,84065.17317478383
3050,Washington County,FL,12,2010-10-31,
1419,Taylor County,FL,12,2010-10-31,87871.43310010397
1094,Holmes County,FL,12,2010-10-31,93266.4546001268
1896,Madison County,FL,12,2010-10-31,94989.5818474333
2704,Gilchrist County,FL,12,2010-10-31,113014.25728146266
480,Dixie County,FL,12,2010-10-31,75215.58492030564
762,Union County,FL,12,2010-10-31,105763.76655069285
169,Gulf County,FL,12,2010-10-31,151190.8089605676
2735,Jefferson County,FL,12,2010-10-31,129740.76947210428
2315,Hamilton County,FL,12,2010-10-31,78901.99344968105
1571,Calhoun County,FL,12,2010-10-31,91705.41277060872
2272,Franklin County,FL,12,2010-10-31,194079.9255602712
1042,Glades County,FL,12,2010-10-31,85549.64477294787
2769,Lafayette County,FL,12,2010-10-31,98832.80945546857
1858,Liberty County,FL,12,2010-10-31,
2964,Miami-Dade County,FL,12,2010-11-30,162668.7515582009
1561,Broward County,FL,12,2010-11-30,140081.19871928767
2993,Palm Beach County,FL,12,2010-11-30,167488.34425730866
3165,Hillsborough County,FL,12,2010-11-30,135360.8028589151
1287,Orange County,FL,12,2010-11-30,138805.69957090775
489,Duval County,FL,12,2010-11-30,128713.78011968565
2480,Pinellas County,FL,12,2010-11-30,136953.47370263768
80,Lee County,FL,12,2010-11-30,131979.33714193254
285,Polk County,FL,12,2010-11-30,106719.81484592186
1556,Brevard County,FL,12,2010-11-30,125580.62403803327
669,Pasco County,FL,12,2010-11-30,130325.36434175684
2063,Volusia County,FL,12,2010-11-30,120647.34719585786
2538,Seminole County,FL,12,2010-11-30,148197.4007926538
2528,Sarasota County,FL,12,2010-11-30,170851.87710916388
1916,Manatee County,FL,12,2010-11-30,162134.00464287933
1957,Osceola County,FL,12,2010-11-30,120624.83270939437
219,Lake County,FL,12,2010-11-30,144378.30505453746
1638,Collier County,FL,12,2010-11-30,245196.68205746528
1161,Marion County,FL,12,2010-11-30,114731.30795548898
3131,Saint Lucie County,FL,12,2010-11-30,104299.90651996758
2259,Escambia County,FL,12,2010-11-30,129373.7620582246
232,Leon County,FL,12,2010-11-30,167270.7188980527
1509,Alachua County,FL,12,2010-11-30,154286.38679888492
3128,Saint Johns County,FL,12,2010-11-30,218493.9529346611
118,Clay County,FL,12,2010-11-30,149199.19589974076
2460,Okaloosa County,FL,12,2010-11-30,175261.4597670293
2341,Hernando County,FL,12,2010-11-30,108821.46799550675
2650,Charlotte County,FL,12,2010-11-30,122747.40843691208
3026,Santa Rosa County,FL,12,2010-11-30,154893.4863939919
67,Bay County,FL,12,2010-11-30,167451.07087219323
3168,Indian River County,FL,12,2010-11-30,143922.4111887445
1176,Martin County,FL,12,2010-11-30,172523.30589533818
938,Citrus County,FL,12,2010-11-30,114373.0005851499
1409,Sumter County,FL,12,2010-11-30,201480.60329605217
1707,Flagler County,FL,12,2010-11-30,145901.18379485683
2724,Highlands County,FL,12,2010-11-30,88635.13664620568
1251,Nassau County,FL,12,2010-11-30,197417.60139753137
1214,Monroe County,FL,12,2010-11-30,
1468,Walton County,FL,12,2010-11-30,261796.1543349844
1338,Putnam County,FL,12,2010-11-30,86329.57152488547
2212,Columbia County,FL,12,2010-11-30,114690.84652676612
1794,Jackson County,FL,12,2010-11-30,91364.98202055588
1717,Gadsden County,FL,12,2010-11-30,99906.6379445579
2570,Suwannee County,FL,12,2010-11-30,115837.82962500218
234,Levy County,FL,12,2010-11-30,111801.2491902777
2990,Okeechobee County,FL,12,2010-11-30,90439.31026698726
1093,Hendry County,FL,12,2010-11-30,74454.11190380485
1659,De Soto County,FL,12,2010-11-30,87555.44035278172
2066,Wakulla County,FL,12,2010-11-30,131790.4943948085
378,Baker County,FL,12,2010-11-30,132624.0211600608
2148,Bradford County,FL,12,2010-11-30,105872.02644015552
1076,Hardee County,FL,12,2010-11-30,84314.82145402233
3050,Washington County,FL,12,2010-11-30,
1419,Taylor County,FL,12,2010-11-30,88190.04973270209
1094,Holmes County,FL,12,2010-11-30,92743.00681533996
1896,Madison County,FL,12,2010-11-30,93950.47047999736
2704,Gilchrist County,FL,12,2010-11-30,112235.90502747057
480,Dixie County,FL,12,2010-11-30,75085.70750430397
762,Union County,FL,12,2010-11-30,104901.35698807445
169,Gulf County,FL,12,2010-11-30,150124.7394434229
2735,Jefferson County,FL,12,2010-11-30,129684.64508956956
2315,Hamilton County,FL,12,2010-11-30,78581.43667177511
1571,Calhoun County,FL,12,2010-11-30,91601.77002852154
2272,Franklin County,FL,12,2010-11-30,193091.84458336607
1042,Glades County,FL,12,2010-11-30,85111.47302282485
2769,Lafayette County,FL,12,2010-11-30,97971.84277908248
1858,Liberty County,FL,12,2010-11-30,
2964,Miami-Dade County,FL,12,2010-12-31,161406.00832197812
1561,Broward County,FL,12,2010-12-31,138649.61660621347
2993,Palm Beach County,FL,12,2010-12-31,166052.4555911648
3165,Hillsborough County,FL,12,2010-12-31,133934.87244369576
1287,Orange County,FL,12,2010-12-31,137246.71525397903
489,Duval County,FL,12,2010-12-31,126952.5562252524
2480,Pinellas County,FL,12,2010-12-31,135810.89539264436
80,Lee County,FL,12,2010-12-31,131039.76544176754
285,Polk County,FL,12,2010-12-31,105300.1207482712
1556,Brevard County,FL,12,2010-12-31,124197.36608476762
669,Pasco County,FL,12,2010-12-31,128932.1667676782
2063,Volusia County,FL,12,2010-12-31,120340.22691777912
2538,Seminole County,FL,12,2010-12-31,146679.53923002598
2528,Sarasota County,FL,12,2010-12-31,169824.36699128628
1916,Manatee County,FL,12,2010-12-31,160332.9600835585
1957,Osceola County,FL,12,2010-12-31,118806.0000154056
219,Lake County,FL,12,2010-12-31,142205.80326912776
1638,Collier County,FL,12,2010-12-31,243211.1000007725
1161,Marion County,FL,12,2010-12-31,113204.13004106906
3131,Saint Lucie County,FL,12,2010-12-31,104352.9164362902
2259,Escambia County,FL,12,2010-12-31,126767.80876326036
232,Leon County,FL,12,2010-12-31,165423.20427781934
1509,Alachua County,FL,12,2010-12-31,152494.85589849055
3128,Saint Johns County,FL,12,2010-12-31,215370.5109173344
118,Clay County,FL,12,2010-12-31,147389.1375093106
2460,Okaloosa County,FL,12,2010-12-31,173902.5757692655
2341,Hernando County,FL,12,2010-12-31,106940.21364162996
2650,Charlotte County,FL,12,2010-12-31,121548.23388981276
3026,Santa Rosa County,FL,12,2010-12-31,153577.1345815116
67,Bay County,FL,12,2010-12-31,166058.80396383573
3168,Indian River County,FL,12,2010-12-31,142110.02366762233
1176,Martin County,FL,12,2010-12-31,171935.88811847437
938,Citrus County,FL,12,2010-12-31,112749.50684241275
1409,Sumter County,FL,12,2010-12-31,201773.242479841
1707,Flagler County,FL,12,2010-12-31,145545.50114241854
2724,Highlands County,FL,12,2010-12-31,88232.5896587217
1251,Nassau County,FL,12,2010-12-31,195735.01632000503
1214,Monroe County,FL,12,2010-12-31,
1468,Walton County,FL,12,2010-12-31,261895.96193880844
1338,Putnam County,FL,12,2010-12-31,85784.48421056171
2212,Columbia County,FL,12,2010-12-31,113744.20526726298
1794,Jackson County,FL,12,2010-12-31,90722.31280413568
1717,Gadsden County,FL,12,2010-12-31,99074.8703434763
2570,Suwannee County,FL,12,2010-12-31,114957.84437754254
234,Levy County,FL,12,2010-12-31,111354.0118174877
2990,Okeechobee County,FL,12,2010-12-31,89812.7266585685
1093,Hendry County,FL,12,2010-12-31,73848.63566433698
1659,De Soto County,FL,12,2010-12-31,86739.3908404131
2066,Wakulla County,FL,12,2010-12-31,130471.01793133286
378,Baker County,FL,12,2010-12-31,131761.33382924937
2148,Bradford County,FL,12,2010-12-31,105000.7405907403
1076,Hardee County,FL,12,2010-12-31,84589.47445978671
3050,Washington County,FL,12,2010-12-31,
1419,Taylor County,FL,12,2010-12-31,88467.62886449485
1094,Holmes County,FL,12,2010-12-31,92136.85869859769
1896,Madison County,FL,12,2010-12-31,92925.41974214218
2704,Gilchrist County,FL,12,2010-12-31,111411.88026602993
480,Dixie County,FL,12,2010-12-31,74912.74603280834
762,Union County,FL,12,2010-12-31,104243.3121990146
169,Gulf County,FL,12,2010-12-31,149524.58458767153
2735,Jefferson County,FL,12,2010-12-31,129415.67469268576
2315,Hamilton County,FL,12,2010-12-31,78279.14898188542
1571,Calhoun County,FL,12,2010-12-31,91531.89499160548
2272,Franklin County,FL,12,2010-12-31,191927.788819066
1042,Glades County,FL,12,2010-12-31,84694.01673662575
2769,Lafayette County,FL,12,2010-12-31,96921.46254484972
1858,Liberty County,FL,12,2010-12-31,
2964,Miami-Dade County,FL,12,2011-01-31,160150.33014795158
1561,Broward County,FL,12,2011-01-31,137467.4211880571
2993,Palm Beach County,FL,12,2011-01-31,164500.49691106725
3165,Hillsborough County,FL,12,2011-01-31,132449.50089699918
1287,Orange County,FL,12,2011-01-31,135547.30271352202
489,Duval County,FL,12,2011-01-31,124688.68440380869
2480,Pinellas County,FL,12,2011-01-31,133941.7779855856
80,Lee County,FL,12,2011-01-31,130639.06345514786
285,Polk County,FL,12,2011-01-31,103194.9123173226
1556,Brevard County,FL,12,2011-01-31,122808.98905371706
669,Pasco County,FL,12,2011-01-31,127914.03769050316
2063,Volusia County,FL,12,2011-01-31,119555.04231659816
2538,Seminole County,FL,12,2011-01-31,144717.4596411838
2528,Sarasota County,FL,12,2011-01-31,168852.90521530938
1916,Manatee County,FL,12,2011-01-31,159188.61087665826
1957,Osceola County,FL,12,2011-01-31,117658.37041996692
219,Lake County,FL,12,2011-01-31,140415.0073725296
1638,Collier County,FL,12,2011-01-31,241718.71458664667
1161,Marion County,FL,12,2011-01-31,111764.04401544206
3131,Saint Lucie County,FL,12,2011-01-31,104080.17027464922
2259,Escambia County,FL,12,2011-01-31,124871.2345451908
232,Leon County,FL,12,2011-01-31,163877.6800301992
1509,Alachua County,FL,12,2011-01-31,151065.30414390986
3128,Saint Johns County,FL,12,2011-01-31,212474.08323683217
118,Clay County,FL,12,2011-01-31,145605.3365746259
2460,Okaloosa County,FL,12,2011-01-31,173050.90429048912
2341,Hernando County,FL,12,2011-01-31,105504.96295682904
2650,Charlotte County,FL,12,2011-01-31,119762.08626265288
3026,Santa Rosa County,FL,12,2011-01-31,153071.75723388087
67,Bay County,FL,12,2011-01-31,164525.25597682912
3168,Indian River County,FL,12,2011-01-31,140096.36095258294
1176,Martin County,FL,12,2011-01-31,171190.63582682482
938,Citrus County,FL,12,2011-01-31,111410.83956719212
1409,Sumter County,FL,12,2011-01-31,201805.03974954845
1707,Flagler County,FL,12,2011-01-31,145208.4621917306
2724,Highlands County,FL,12,2011-01-31,87500.89694931499
1251,Nassau County,FL,12,2011-01-31,194380.24174257493
1214,Monroe County,FL,12,2011-01-31,
1468,Walton County,FL,12,2011-01-31,260610.956619157
1338,Putnam County,FL,12,2011-01-31,85181.5155782854
2212,Columbia County,FL,12,2011-01-31,112931.43723357712
1794,Jackson County,FL,12,2011-01-31,90191.97898722596
1717,Gadsden County,FL,12,2011-01-31,98452.717612106
2570,Suwannee County,FL,12,2011-01-31,114331.22179849476
234,Levy County,FL,12,2011-01-31,110868.7908066205
2990,Okeechobee County,FL,12,2011-01-31,89376.00847516849
1093,Hendry County,FL,12,2011-01-31,73231.05684361917
1659,De Soto County,FL,12,2011-01-31,86178.64826477537
2066,Wakulla County,FL,12,2011-01-31,129352.9298235034
378,Baker County,FL,12,2011-01-31,131145.17091273828
2148,Bradford County,FL,12,2011-01-31,104394.35913721386
1076,Hardee County,FL,12,2011-01-31,84417.2268706447
3050,Washington County,FL,12,2011-01-31,85448.68778504894
1419,Taylor County,FL,12,2011-01-31,88124.54551980899
1094,Holmes County,FL,12,2011-01-31,91602.967761759
1896,Madison County,FL,12,2011-01-31,92294.8699195091
2704,Gilchrist County,FL,12,2011-01-31,110645.51105693437
480,Dixie County,FL,12,2011-01-31,74834.57415174521
762,Union County,FL,12,2011-01-31,103611.7449439988
169,Gulf County,FL,12,2011-01-31,149106.99519448087
2735,Jefferson County,FL,12,2011-01-31,129035.8630757122
2315,Hamilton County,FL,12,2011-01-31,77952.67308818207
1571,Calhoun County,FL,12,2011-01-31,91077.4838697994
2272,Franklin County,FL,12,2011-01-31,191148.9401321957
1042,Glades County,FL,12,2011-01-31,84359.9464267085
2769,Lafayette County,FL,12,2011-01-31,95955.601868692
1858,Liberty County,FL,12,2011-01-31,91348.72783539048
2964,Miami-Dade County,FL,12,2011-02-28,158839.98555922447
1561,Broward County,FL,12,2011-02-28,136627.60372822927
2993,Palm Beach County,FL,12,2011-02-28,163069.6075114477
3165,Hillsborough County,FL,12,2011-02-28,130874.82725067942
1287,Orange County,FL,12,2011-02-28,134094.49436064446
489,Duval County,FL,12,2011-02-28,122859.13646325126
2480,Pinellas County,FL,12,2011-02-28,131652.61171236628
80,Lee County,FL,12,2011-02-28,131025.81342147569
285,Polk County,FL,12,2011-02-28,101026.8938413576
1556,Brevard County,FL,12,2011-02-28,121000.29193777344
669,Pasco County,FL,12,2011-02-28,126506.44875304733
2063,Volusia County,FL,12,2011-02-28,118334.22466127116
2538,Seminole County,FL,12,2011-02-28,142987.99677613727
2528,Sarasota County,FL,12,2011-02-28,168370.86481414075
1916,Manatee County,FL,12,2011-02-28,157981.8291119364
1957,Osceola County,FL,12,2011-02-28,116192.2775162311
219,Lake County,FL,12,2011-02-28,138851.9082563631
1638,Collier County,FL,12,2011-02-28,241380.05012395457
1161,Marion County,FL,12,2011-02-28,110299.19248678506
3131,Saint Lucie County,FL,12,2011-02-28,103526.1472256286
2259,Escambia County,FL,12,2011-02-28,123866.03175584936
232,Leon County,FL,12,2011-02-28,162503.97772950106
1509,Alachua County,FL,12,2011-02-28,149996.83673159636
3128,Saint Johns County,FL,12,2011-02-28,210941.46847153432
118,Clay County,FL,12,2011-02-28,144437.08188942974
2460,Okaloosa County,FL,12,2011-02-28,172120.2568278528
2341,Hernando County,FL,12,2011-02-28,104226.14523506154
2650,Charlotte County,FL,12,2011-02-28,117654.11230798496
3026,Santa Rosa County,FL,12,2011-02-28,152518.70266134545
67,Bay County,FL,12,2011-02-28,163659.97527096656
3168,Indian River County,FL,12,2011-02-28,138948.94549158865
1176,Martin County,FL,12,2011-02-28,169515.96245962157
938,Citrus County,FL,12,2011-02-28,110495.24405103874
1409,Sumter County,FL,12,2011-02-28,201618.8245072892
1707,Flagler County,FL,12,2011-02-28,144195.55287045822
2724,Highlands County,FL,12,2011-02-28,86302.87063988812
1251,Nassau County,FL,12,2011-02-28,193158.1570924809
1214,Monroe County,FL,12,2011-02-28,
1468,Walton County,FL,12,2011-02-28,258354.9800388239
1338,Putnam County,FL,12,2011-02-28,84575.73031605569
2212,Columbia County,FL,12,2011-02-28,112099.40228160971
1794,Jackson County,FL,12,2011-02-28,89586.03759563697
1717,Gadsden County,FL,12,2011-02-28,97912.2560174468
2570,Suwannee County,FL,12,2011-02-28,113713.61485969451
234,Levy County,FL,12,2011-02-28,110238.85742392666
2990,Okeechobee County,FL,12,2011-02-28,88960.42011684056
1093,Hendry County,FL,12,2011-02-28,72563.01363092597
1659,De Soto County,FL,12,2011-02-28,85653.67117934044
2066,Wakulla County,FL,12,2011-02-28,128659.24989243865
378,Baker County,FL,12,2011-02-28,130411.0267965367
2148,Bradford County,FL,12,2011-02-28,103802.81271385727
1076,Hardee County,FL,12,2011-02-28,84033.24211271189
3050,Washington County,FL,12,2011-02-28,85037.66534362506
1419,Taylor County,FL,12,2011-02-28,87634.38887448244
1094,Holmes County,FL,12,2011-02-28,91095.93981320616
1896,Madison County,FL,12,2011-02-28,91672.1083420426
2704,Gilchrist County,FL,12,2011-02-28,109918.22437870306
480,Dixie County,FL,12,2011-02-28,74756.59314324202
762,Union County,FL,12,2011-02-28,103068.6816704876
169,Gulf County,FL,12,2011-02-28,148293.55027001872
2735,Jefferson County,FL,12,2011-02-28,128534.4420895982
2315,Hamilton County,FL,12,2011-02-28,77548.15988932842
1571,Calhoun County,FL,12,2011-02-28,90275.18432115362
2272,Franklin County,FL,12,2011-02-28,190409.71381006745
1042,Glades County,FL,12,2011-02-28,83788.57073281945
2769,Lafayette County,FL,12,2011-02-28,95147.76039928931
1858,Liberty County,FL,12,2011-02-28,91134.22117434684
2964,Miami-Dade County,FL,12,2011-03-31,157732.57820315848
1561,Broward County,FL,12,2011-03-31,135986.69260680524
2993,Palm Beach County,FL,12,2011-03-31,161532.152374317
3165,Hillsborough County,FL,12,2011-03-31,129351.9961491076
1287,Orange County,FL,12,2011-03-31,132481.11688097168
489,Duval County,FL,12,2011-03-31,121035.36809682164
2480,Pinellas County,FL,12,2011-03-31,129246.63215065045
80,Lee County,FL,12,2011-03-31,131009.71911787544
285,Polk County,FL,12,2011-03-31,98969.2894799569
1556,Brevard County,FL,12,2011-03-31,119294.36164571677
669,Pasco County,FL,12,2011-03-31,125063.6962056634
2063,Volusia County,FL,12,2011-03-31,116667.30583789627
2538,Seminole County,FL,12,2011-03-31,141563.71898921597
2528,Sarasota County,FL,12,2011-03-31,167530.8188405614
1916,Manatee County,FL,12,2011-03-31,156199.17158260607
1957,Osceola County,FL,12,2011-03-31,114726.36798577162
219,Lake County,FL,12,2011-03-31,137369.47651466375
1638,Collier County,FL,12,2011-03-31,240158.1321209861
1161,Marion County,FL,12,2011-03-31,108564.59861909556
3131,Saint Lucie County,FL,12,2011-03-31,102915.006039695
2259,Escambia County,FL,12,2011-03-31,123524.81924904014
232,Leon County,FL,12,2011-03-31,161540.3927618292
1509,Alachua County,FL,12,2011-03-31,148881.0550587506
3128,Saint Johns County,FL,12,2011-03-31,210351.46502472545
118,Clay County,FL,12,2011-03-31,143424.49202455758
2460,Okaloosa County,FL,12,2011-03-31,170630.0771979541
2341,Hernando County,FL,12,2011-03-31,103462.0540190803
2650,Charlotte County,FL,12,2011-03-31,115861.23887595376
3026,Santa Rosa County,FL,12,2011-03-31,151551.88977696872
67,Bay County,FL,12,2011-03-31,162583.1479216409
3168,Indian River County,FL,12,2011-03-31,137560.26989019333
1176,Martin County,FL,12,2011-03-31,167384.42627576966
938,Citrus County,FL,12,2011-03-31,109503.80836732022
1409,Sumter County,FL,12,2011-03-31,201064.180104668
1707,Flagler County,FL,12,2011-03-31,142939.30575108377
2724,Highlands County,FL,12,2011-03-31,85265.99283688364
1251,Nassau County,FL,12,2011-03-31,191706.7068840007
1214,Monroe County,FL,12,2011-03-31,
1468,Walton County,FL,12,2011-03-31,254597.82128845804
1338,Putnam County,FL,12,2011-03-31,83958.61907946866
2212,Columbia County,FL,12,2011-03-31,111363.81578584496
1794,Jackson County,FL,12,2011-03-31,88955.18208521769
1717,Gadsden County,FL,12,2011-03-31,97333.91499675182
2570,Suwannee County,FL,12,2011-03-31,113180.2907908986
234,Levy County,FL,12,2011-03-31,109586.82114571892
2990,Okeechobee County,FL,12,2011-03-31,88562.37490351999
1093,Hendry County,FL,12,2011-03-31,71862.12345078775
1659,De Soto County,FL,12,2011-03-31,85140.37515621124
2066,Wakulla County,FL,12,2011-03-31,128169.97598246968
378,Baker County,FL,12,2011-03-31,129463.72903585742
2148,Bradford County,FL,12,2011-03-31,103273.36784008692
1076,Hardee County,FL,12,2011-03-31,83673.32060546383
3050,Washington County,FL,12,2011-03-31,84551.84828010754
1419,Taylor County,FL,12,2011-03-31,87128.1186038654
1094,Holmes County,FL,12,2011-03-31,90558.87006068956
1896,Madison County,FL,12,2011-03-31,91140.4229884491
2704,Gilchrist County,FL,12,2011-03-31,109285.76872184122
480,Dixie County,FL,12,2011-03-31,74631.43195726455
762,Union County,FL,12,2011-03-31,102469.043641665
169,Gulf County,FL,12,2011-03-31,147008.51329413618
2735,Jefferson County,FL,12,2011-03-31,128104.21794070496
2315,Hamilton County,FL,12,2011-03-31,77121.16762252407
1571,Calhoun County,FL,12,2011-03-31,89359.1710499474
2272,Franklin County,FL,12,2011-03-31,189594.58890001
1042,Glades County,FL,12,2011-03-31,83111.84516488593
2769,Lafayette County,FL,12,2011-03-31,94566.1594832732
1858,Liberty County,FL,12,2011-03-31,90719.44465277104
2964,Miami-Dade County,FL,12,2011-04-30,157250.48430119336
1561,Broward County,FL,12,2011-04-30,135227.00369627427
2993,Palm Beach County,FL,12,2011-04-30,160504.65931445092
3165,Hillsborough County,FL,12,2011-04-30,127623.86229671426
1287,Orange County,FL,12,2011-04-30,130756.38156380036
489,Duval County,FL,12,2011-04-30,119557.87326467356
2480,Pinellas County,FL,12,2011-04-30,127371.56201879332
80,Lee County,FL,12,2011-04-30,130626.00351889578
285,Polk County,FL,12,2011-04-30,97583.92818181188
1556,Brevard County,FL,12,2011-04-30,117733.73861127876
669,Pasco County,FL,12,2011-04-30,123189.66755758644
2063,Volusia County,FL,12,2011-04-30,115003.28995875613
2538,Seminole County,FL,12,2011-04-30,139998.19518594578
2528,Sarasota County,FL,12,2011-04-30,166551.26733387948
1916,Manatee County,FL,12,2011-04-30,154586.06814263438
1957,Osceola County,FL,12,2011-04-30,113478.44953768625
219,Lake County,FL,12,2011-04-30,135718.64080698532
1638,Collier County,FL,12,2011-04-30,238508.8723322588
1161,Marion County,FL,12,2011-04-30,106893.31248209458
3131,Saint Lucie County,FL,12,2011-04-30,102262.73611352868
2259,Escambia County,FL,12,2011-04-30,122653.64175202884
232,Leon County,FL,12,2011-04-30,160006.0260010979
1509,Alachua County,FL,12,2011-04-30,148019.18956689842
3128,Saint Johns County,FL,12,2011-04-30,209332.29381268844
118,Clay County,FL,12,2011-04-30,142214.7429014798
2460,Okaloosa County,FL,12,2011-04-30,169018.6391403512
2341,Hernando County,FL,12,2011-04-30,102294.12175042352
2650,Charlotte County,FL,12,2011-04-30,114589.5572202917
3026,Santa Rosa County,FL,12,2011-04-30,150136.32934519427
67,Bay County,FL,12,2011-04-30,161195.64971861945
3168,Indian River County,FL,12,2011-04-30,136443.18123174142
1176,Martin County,FL,12,2011-04-30,165434.69494290405
938,Citrus County,FL,12,2011-04-30,108665.9570004039
1409,Sumter County,FL,12,2011-04-30,199774.09389352915
1707,Flagler County,FL,12,2011-04-30,141425.7288343796
2724,Highlands County,FL,12,2011-04-30,84204.11784226121
1251,Nassau County,FL,12,2011-04-30,190281.4534750821
1214,Monroe County,FL,12,2011-04-30,
1468,Walton County,FL,12,2011-04-30,252115.78895746777
1338,Putnam County,FL,12,2011-04-30,83323.7052439584
2212,Columbia County,FL,12,2011-04-30,110609.07760082472
1794,Jackson County,FL,12,2011-04-30,88331.4440599392
1717,Gadsden County,FL,12,2011-04-30,96741.03069551672
2570,Suwannee County,FL,12,2011-04-30,112619.47475868728
234,Levy County,FL,12,2011-04-30,108884.32477389714
2990,Okeechobee County,FL,12,2011-04-30,88076.18151281355
1093,Hendry County,FL,12,2011-04-30,71222.33127032126
1659,De Soto County,FL,12,2011-04-30,84558.59886820168
2066,Wakulla County,FL,12,2011-04-30,127706.84631515673
378,Baker County,FL,12,2011-04-30,128490.73533139811
2148,Bradford County,FL,12,2011-04-30,102661.64546132767
1076,Hardee County,FL,12,2011-04-30,83295.0453099873
3050,Washington County,FL,12,2011-04-30,83741.42444525128
1419,Taylor County,FL,12,2011-04-30,86649.39134735968
1094,Holmes County,FL,12,2011-04-30,90171.756611281
1896,Madison County,FL,12,2011-04-30,90794.23880990356
2704,Gilchrist County,FL,12,2011-04-30,108726.42755802828
480,Dixie County,FL,12,2011-04-30,74310.94811993906
762,Union County,FL,12,2011-04-30,101899.65555805812
169,Gulf County,FL,12,2011-04-30,145598.1002627496
2735,Jefferson County,FL,12,2011-04-30,127448.83447755728
2315,Hamilton County,FL,12,2011-04-30,76663.49607181591
1571,Calhoun County,FL,12,2011-04-30,88469.26621001061
2272,Franklin County,FL,12,2011-04-30,188530.21595848328
1042,Glades County,FL,12,2011-04-30,82423.09600051037
2769,Lafayette County,FL,12,2011-04-30,94342.6500628293
1858,Liberty County,FL,12,2011-04-30,90152.2441582377
2964,Miami-Dade County,FL,12,2011-05-31,156767.91989596665
1561,Broward County,FL,12,2011-05-31,134305.09179050475
2993,Palm Beach County,FL,12,2011-05-31,159449.96843914638
3165,Hillsborough County,FL,12,2011-05-31,125987.5461324065
1287,Orange County,FL,12,2011-05-31,129243.84517990163
489,Duval County,FL,12,2011-05-31,117663.97757094202
2480,Pinellas County,FL,12,2011-05-31,126000.6301186621
80,Lee County,FL,12,2011-05-31,129787.20380940614
285,Polk County,FL,12,2011-05-31,96690.68596685944
1556,Brevard County,FL,12,2011-05-31,116517.39062123554
669,Pasco County,FL,12,2011-05-31,121695.17953172117
2063,Volusia County,FL,12,2011-05-31,113125.12597167
2538,Seminole County,FL,12,2011-05-31,138140.7905461254
2528,Sarasota County,FL,12,2011-05-31,165352.45872313797
1916,Manatee County,FL,12,2011-05-31,153617.01685321648
1957,Osceola County,FL,12,2011-05-31,112897.37977632396
219,Lake County,FL,12,2011-05-31,134225.99056952
1638,Collier County,FL,12,2011-05-31,236178.39038024904
1161,Marion County,FL,12,2011-05-31,105341.00238080462
3131,Saint Lucie County,FL,12,2011-05-31,101524.13210678892
2259,Escambia County,FL,12,2011-05-31,121164.83090559448
232,Leon County,FL,12,2011-05-31,158393.93165275475
1509,Alachua County,FL,12,2011-05-31,146720.92602187095
3128,Saint Johns County,FL,12,2011-05-31,207993.58337419093
118,Clay County,FL,12,2011-05-31,140235.26338133085
2460,Okaloosa County,FL,12,2011-05-31,167565.60959222305
2341,Hernando County,FL,12,2011-05-31,100950.00529081984
2650,Charlotte County,FL,12,2011-05-31,113829.52365568856
3026,Santa Rosa County,FL,12,2011-05-31,148871.69547985712
67,Bay County,FL,12,2011-05-31,158976.74199989054
3168,Indian River County,FL,12,2011-05-31,134968.34779464058
1176,Martin County,FL,12,2011-05-31,164479.11634366933
938,Citrus County,FL,12,2011-05-31,107666.42772270832
1409,Sumter County,FL,12,2011-05-31,198018.59024472733
1707,Flagler County,FL,12,2011-05-31,140504.92665118983
2724,Highlands County,FL,12,2011-05-31,83489.35456457511
1251,Nassau County,FL,12,2011-05-31,189065.47697361108
1214,Monroe County,FL,12,2011-05-31,
1468,Walton County,FL,12,2011-05-31,249404.53255702124
1338,Putnam County,FL,12,2011-05-31,82731.4758587574
2212,Columbia County,FL,12,2011-05-31,109923.52205389956
1794,Jackson County,FL,12,2011-05-31,87790.3104251951
1717,Gadsden County,FL,12,2011-05-31,96262.35360075992
2570,Suwannee County,FL,12,2011-05-31,112112.2816317358
234,Levy County,FL,12,2011-05-31,108351.66869955634
2990,Okeechobee County,FL,12,2011-05-31,87560.05522833967
1093,Hendry County,FL,12,2011-05-31,70724.3028098429
1659,De Soto County,FL,12,2011-05-31,84035.08907580258
2066,Wakulla County,FL,12,2011-05-31,127175.96719036144
378,Baker County,FL,12,2011-05-31,127725.52169518617
2148,Bradford County,FL,12,2011-05-31,102237.66589458597
1076,Hardee County,FL,12,2011-05-31,82945.95345600965
3050,Washington County,FL,12,2011-05-31,83157.35629593849
1419,Taylor County,FL,12,2011-05-31,86139.69014661566
1094,Holmes County,FL,12,2011-05-31,89810.15761071279
1896,Madison County,FL,12,2011-05-31,90602.97929154232
2704,Gilchrist County,FL,12,2011-05-31,108293.3290697478
480,Dixie County,FL,12,2011-05-31,73990.43859134104
762,Union County,FL,12,2011-05-31,101548.07220222749
169,Gulf County,FL,12,2011-05-31,144311.54091202692
2735,Jefferson County,FL,12,2011-05-31,126992.14531093964
2315,Hamilton County,FL,12,2011-05-31,76398.6733234015
1571,Calhoun County,FL,12,2011-05-31,87764.02338748712
2272,Franklin County,FL,12,2011-05-31,187506.68166241937
1042,Glades County,FL,12,2011-05-31,81853.94320972652
2769,Lafayette County,FL,12,2011-05-31,94109.61450946906
1858,Liberty County,FL,12,2011-05-31,89718.25160699362
2964,Miami-Dade County,FL,12,2011-06-30,156040.56387990722
1561,Broward County,FL,12,2011-06-30,133436.61701191164
2993,Palm Beach County,FL,12,2011-06-30,158224.60390886996
3165,Hillsborough County,FL,12,2011-06-30,124487.79731171776
1287,Orange County,FL,12,2011-06-30,128178.54534244986
489,Duval County,FL,12,2011-06-30,115823.59928727263
2480,Pinellas County,FL,12,2011-06-30,124486.82203254673
80,Lee County,FL,12,2011-06-30,129304.02610106127
285,Polk County,FL,12,2011-06-30,96147.31386247228
1556,Brevard County,FL,12,2011-06-30,115637.3627868527
669,Pasco County,FL,12,2011-06-30,120086.40019905324
2063,Volusia County,FL,12,2011-06-30,111910.76523130898
2538,Seminole County,FL,12,2011-06-30,136160.71934852115
2528,Sarasota County,FL,12,2011-06-30,164392.1275774356
1916,Manatee County,FL,12,2011-06-30,152770.68155643638
1957,Osceola County,FL,12,2011-06-30,112711.61421046592
219,Lake County,FL,12,2011-06-30,133549.5294054147
1638,Collier County,FL,12,2011-06-30,234782.08822949868
1161,Marion County,FL,12,2011-06-30,104452.8373518408
3131,Saint Lucie County,FL,12,2011-06-30,100829.89159898453
2259,Escambia County,FL,12,2011-06-30,119520.66065484547
232,Leon County,FL,12,2011-06-30,156793.88826526914
1509,Alachua County,FL,12,2011-06-30,145225.09540662004
3128,Saint Johns County,FL,12,2011-06-30,206048.47675276667
118,Clay County,FL,12,2011-06-30,138461.3585694928
2460,Okaloosa County,FL,12,2011-06-30,166822.07107281135
2341,Hernando County,FL,12,2011-06-30,99510.24255388776
2650,Charlotte County,FL,12,2011-06-30,113108.98300885496
3026,Santa Rosa County,FL,12,2011-06-30,147882.47564504854
67,Bay County,FL,12,2011-06-30,156387.94687184764
3168,Indian River County,FL,12,2011-06-30,133834.9307653336
1176,Martin County,FL,12,2011-06-30,163503.11243448147
938,Citrus County,FL,12,2011-06-30,106665.05648133343
1409,Sumter County,FL,12,2011-06-30,196160.3864435604
1707,Flagler County,FL,12,2011-06-30,139594.61380603464
2724,Highlands County,FL,12,2011-06-30,83063.2181290362
1251,Nassau County,FL,12,2011-06-30,188487.25879383623
1214,Monroe County,FL,12,2011-06-30,
1468,Walton County,FL,12,2011-06-30,246247.74495284804
1338,Putnam County,FL,12,2011-06-30,82301.58871144163
2212,Columbia County,FL,12,2011-06-30,109396.70614905312
1794,Jackson County,FL,12,2011-06-30,87441.46579931588
1717,Gadsden County,FL,12,2011-06-30,96008.11385666244
2570,Suwannee County,FL,12,2011-06-30,111823.20038356996
234,Levy County,FL,12,2011-06-30,107969.81201786143
2990,Okeechobee County,FL,12,2011-06-30,87206.85110018664
1093,Hendry County,FL,12,2011-06-30,70374.63214177167
1659,De Soto County,FL,12,2011-06-30,83635.78687942792
2066,Wakulla County,FL,12,2011-06-30,126874.16564382466
378,Baker County,FL,12,2011-06-30,127333.86000377616
2148,Bradford County,FL,12,2011-06-30,102035.49986176698
1076,Hardee County,FL,12,2011-06-30,82735.38662792028
3050,Washington County,FL,12,2011-06-30,83334.49817231206
1419,Taylor County,FL,12,2011-06-30,85828.92620184856
1094,Holmes County,FL,12,2011-06-30,89617.08196788617
1896,Madison County,FL,12,2011-06-30,90581.29858667456
2704,Gilchrist County,FL,12,2011-06-30,107992.31052067112
480,Dixie County,FL,12,2011-06-30,73755.66319598591
762,Union County,FL,12,2011-06-30,101349.1229753695
169,Gulf County,FL,12,2011-06-30,143729.07987046396
2735,Jefferson County,FL,12,2011-06-30,126611.64193028984
2315,Hamilton County,FL,12,2011-06-30,76336.86593353795
1571,Calhoun County,FL,12,2011-06-30,87384.42442184263
2272,Franklin County,FL,12,2011-06-30,186914.1089235226
1042,Glades County,FL,12,2011-06-30,81452.25963844033
2769,Lafayette County,FL,12,2011-06-30,93698.79049385776
1858,Liberty County,FL,12,2011-06-30,89701.69441035848
2964,Miami-Dade County,FL,12,2011-07-31,155272.05554969216
1561,Broward County,FL,12,2011-07-31,132811.00468623548
2993,Palm Beach County,FL,12,2011-07-31,156575.63042018097
3165,Hillsborough County,FL,12,2011-07-31,123338.15714784642
1287,Orange County,FL,12,2011-07-31,127423.26544610744
489,Duval County,FL,12,2011-07-31,114125.579174284
2480,Pinellas County,FL,12,2011-07-31,122948.54274656996
80,Lee County,FL,12,2011-07-31,128971.79013730564
285,Polk County,FL,12,2011-07-31,95603.48024683112
1556,Brevard County,FL,12,2011-07-31,115034.14784449052
669,Pasco County,FL,12,2011-07-31,118815.01097712404
2063,Volusia County,FL,12,2011-07-31,110937.13324688953
2538,Seminole County,FL,12,2011-07-31,134587.01473925597
2528,Sarasota County,FL,12,2011-07-31,163156.2222455959
1916,Manatee County,FL,12,2011-07-31,151812.34701639507
1957,Osceola County,FL,12,2011-07-31,112149.52593932324
219,Lake County,FL,12,2011-07-31,132550.0909187513
1638,Collier County,FL,12,2011-07-31,233906.55867629964
1161,Marion County,FL,12,2011-07-31,103357.06348204133
3131,Saint Lucie County,FL,12,2011-07-31,100327.48799585774
2259,Escambia County,FL,12,2011-07-31,118231.04566409886
232,Leon County,FL,12,2011-07-31,155792.14478801962
1509,Alachua County,FL,12,2011-07-31,143460.83901232088
3128,Saint Johns County,FL,12,2011-07-31,204785.1712846896
118,Clay County,FL,12,2011-07-31,137095.92326428363
2460,Okaloosa County,FL,12,2011-07-31,166504.71990395777
2341,Hernando County,FL,12,2011-07-31,98377.94081918604
2650,Charlotte County,FL,12,2011-07-31,111977.5802125758
3026,Santa Rosa County,FL,12,2011-07-31,147018.6170912575
67,Bay County,FL,12,2011-07-31,153925.94912879835
3168,Indian River County,FL,12,2011-07-31,132624.57645936278
1176,Martin County,FL,12,2011-07-31,162178.5412513922
938,Citrus County,FL,12,2011-07-31,105712.31305875826
1409,Sumter County,FL,12,2011-07-31,194546.53533030875
1707,Flagler County,FL,12,2011-07-31,139094.49742278073
2724,Highlands County,FL,12,2011-07-31,82832.57316120608
1251,Nassau County,FL,12,2011-07-31,188055.02242906808
1214,Monroe County,FL,12,2011-07-31,
1468,Walton County,FL,12,2011-07-31,243193.70301395367
1338,Putnam County,FL,12,2011-07-31,82030.63052179157
2212,Columbia County,FL,12,2011-07-31,109100.94682187162
1794,Jackson County,FL,12,2011-07-31,87121.3675831792
1717,Gadsden County,FL,12,2011-07-31,95745.38193663616
2570,Suwannee County,FL,12,2011-07-31,111515.95171828433
234,Levy County,FL,12,2011-07-31,107634.22162128112
2990,Okeechobee County,FL,12,2011-07-31,86866.06186736152
1093,Hendry County,FL,12,2011-07-31,70090.88113846182
1659,De Soto County,FL,12,2011-07-31,83253.1990186663
2066,Wakulla County,FL,12,2011-07-31,126735.95959541335
378,Baker County,FL,12,2011-07-31,126995.09082798676
2148,Bradford County,FL,12,2011-07-31,101940.56212126736
1076,Hardee County,FL,12,2011-07-31,82538.85434122657
3050,Washington County,FL,12,2011-07-31,83752.05039553302
1419,Taylor County,FL,12,2011-07-31,85537.42475990318
1094,Holmes County,FL,12,2011-07-31,89325.10648905754
1896,Madison County,FL,12,2011-07-31,90452.3605313928
2704,Gilchrist County,FL,12,2011-07-31,107719.5702272394
480,Dixie County,FL,12,2011-07-31,73652.27022554509
762,Union County,FL,12,2011-07-31,101137.58342645572
169,Gulf County,FL,12,2011-07-31,143205.298975121
2735,Jefferson County,FL,12,2011-07-31,126249.4879619242
2315,Hamilton County,FL,12,2011-07-31,76283.94783973975
1571,Calhoun County,FL,12,2011-07-31,86970.95690424582
2272,Franklin County,FL,12,2011-07-31,186306.3916554305
1042,Glades County,FL,12,2011-07-31,81120.13038931288
2769,Lafayette County,FL,12,2011-07-31,93027.06730800185
1858,Liberty County,FL,12,2011-07-31,89620.93077673441
2964,Miami-Dade County,FL,12,2011-08-31,154778.92164128003
1561,Broward County,FL,12,2011-08-31,132527.40030360143
2993,Palm Beach County,FL,12,2011-08-31,155034.56920512542
3165,Hillsborough County,FL,12,2011-08-31,122408.02820141031
1287,Orange County,FL,12,2011-08-31,127232.16223899856
489,Duval County,FL,12,2011-08-31,112724.13120194287
2480,Pinellas County,FL,12,2011-08-31,121650.609274965
80,Lee County,FL,12,2011-08-31,128983.5516708091
285,Polk County,FL,12,2011-08-31,94891.00991886076
1556,Brevard County,FL,12,2011-08-31,114503.39147968612
669,Pasco County,FL,12,2011-08-31,117531.3600667838
2063,Volusia County,FL,12,2011-08-31,110355.5915108365
2538,Seminole County,FL,12,2011-08-31,133513.77476721696
2528,Sarasota County,FL,12,2011-08-31,162078.47177965337
1916,Manatee County,FL,12,2011-08-31,150900.50621387138
1957,Osceola County,FL,12,2011-08-31,111360.56432023202
219,Lake County,FL,12,2011-08-31,131166.69716498107
1638,Collier County,FL,12,2011-08-31,233152.16890483967
1161,Marion County,FL,12,2011-08-31,102312.14993451069
3131,Saint Lucie County,FL,12,2011-08-31,100099.26053627626
2259,Escambia County,FL,12,2011-08-31,117633.80131465064
232,Leon County,FL,12,2011-08-31,155135.01923974953
1509,Alachua County,FL,12,2011-08-31,142044.0678102403
3128,Saint Johns County,FL,12,2011-08-31,203948.97032224
118,Clay County,FL,12,2011-08-31,135820.43700881468
2460,Okaloosa County,FL,12,2011-08-31,166307.90546270498
2341,Hernando County,FL,12,2011-08-31,97457.43458935282
2650,Charlotte County,FL,12,2011-08-31,111307.47412342236
3026,Santa Rosa County,FL,12,2011-08-31,146563.04322214422
67,Bay County,FL,12,2011-08-31,151675.8539432785
3168,Indian River County,FL,12,2011-08-31,131642.05122580664
1176,Martin County,FL,12,2011-08-31,160399.26025365526
938,Citrus County,FL,12,2011-08-31,105017.43339123637
1409,Sumter County,FL,12,2011-08-31,193407.09771760053
1707,Flagler County,FL,12,2011-08-31,138386.88533488577
2724,Highlands County,FL,12,2011-08-31,83675.25600267896
1251,Nassau County,FL,12,2011-08-31,187527.4341505526
1214,Monroe County,FL,12,2011-08-31,
1468,Walton County,FL,12,2011-08-31,240748.7089164717
1338,Putnam County,FL,12,2011-08-31,81833.14456069075
2212,Columbia County,FL,12,2011-08-31,109022.11245626144
1794,Jackson County,FL,12,2011-08-31,87207.68225253676
1717,Gadsden County,FL,12,2011-08-31,95343.49041106028
2570,Suwannee County,FL,12,2011-08-31,111207.42779451584
234,Levy County,FL,12,2011-08-31,107214.06649931072
2990,Okeechobee County,FL,12,2011-08-31,86497.95178928196
1093,Hendry County,FL,12,2011-08-31,69717.92147971084
1659,De Soto County,FL,12,2011-08-31,82851.6083435392
2066,Wakulla County,FL,12,2011-08-31,126455.6886510657
378,Baker County,FL,12,2011-08-31,126568.1394121286
2148,Bradford County,FL,12,2011-08-31,101739.28425794294
1076,Hardee County,FL,12,2011-08-31,82322.49166209095
3050,Washington County,FL,12,2011-08-31,84382.74001662049
1419,Taylor County,FL,12,2011-08-31,85288.2158905129
1094,Holmes County,FL,12,2011-08-31,89012.76285900181
1896,Madison County,FL,12,2011-08-31,90247.84821532488
2704,Gilchrist County,FL,12,2011-08-31,107410.4018736324
480,Dixie County,FL,12,2011-08-31,73633.38745675025
762,Union County,FL,12,2011-08-31,100845.0446547765
169,Gulf County,FL,12,2011-08-31,143045.89155709706
2735,Jefferson County,FL,12,2011-08-31,125596.49781818056
2315,Hamilton County,FL,12,2011-08-31,76183.75100471916
1571,Calhoun County,FL,12,2011-08-31,86832.42108443918
2272,Franklin County,FL,12,2011-08-31,185472.1250773953
1042,Glades County,FL,12,2011-08-31,80723.75439596521
2769,Lafayette County,FL,12,2011-08-31,92328.74865969266
1858,Liberty County,FL,12,2011-08-31,89989.16797207911
2964,Miami-Dade County,FL,12,2011-09-30,154555.90706292758
1561,Broward County,FL,12,2011-09-30,132405.49441555332
2993,Palm Beach County,FL,12,2011-09-30,153945.5467538948
3165,Hillsborough County,FL,12,2011-09-30,121798.37857611898
1287,Orange County,FL,12,2011-09-30,127380.51947752136
489,Duval County,FL,12,2011-09-30,111472.25218444625
2480,Pinellas County,FL,12,2011-09-30,120745.23717312048
80,Lee County,FL,12,2011-09-30,129019.47237530336
285,Polk County,FL,12,2011-09-30,94421.49001786573
1556,Brevard County,FL,12,2011-09-30,114067.34014527942
669,Pasco County,FL,12,2011-09-30,116416.89142955978
2063,Volusia County,FL,12,2011-09-30,109904.89319451682
2538,Seminole County,FL,12,2011-09-30,132349.7222757919
2528,Sarasota County,FL,12,2011-09-30,161219.92918990972
1916,Manatee County,FL,12,2011-09-30,150573.0429633297
1957,Osceola County,FL,12,2011-09-30,110681.4551041829
219,Lake County,FL,12,2011-09-30,129201.88004981604
1638,Collier County,FL,12,2011-09-30,232236.09711236585
1161,Marion County,FL,12,2011-09-30,101195.20591952826
3131,Saint Lucie County,FL,12,2011-09-30,100090.51348117646
2259,Escambia County,FL,12,2011-09-30,117370.4553626414
232,Leon County,FL,12,2011-09-30,154524.02029399364
1509,Alachua County,FL,12,2011-09-30,141054.7253513454
3128,Saint Johns County,FL,12,2011-09-30,203026.3002402083
118,Clay County,FL,12,2011-09-30,134716.7782126031
2460,Okaloosa County,FL,12,2011-09-30,165681.44560960328
2341,Hernando County,FL,12,2011-09-30,96816.61359828112
2650,Charlotte County,FL,12,2011-09-30,110742.88411819196
3026,Santa Rosa County,FL,12,2011-09-30,146176.3095027732
67,Bay County,FL,12,2011-09-30,150229.68851974735
3168,Indian River County,FL,12,2011-09-30,130775.79284830204
1176,Martin County,FL,12,2011-09-30,159180.08548958317
938,Citrus County,FL,12,2011-09-30,104516.74671022323
1409,Sumter County,FL,12,2011-09-30,192419.0084398454
1707,Flagler County,FL,12,2011-09-30,137794.14018574057
2724,Highlands County,FL,12,2011-09-30,84534.95918941598
1251,Nassau County,FL,12,2011-09-30,187078.32593404024
1214,Monroe County,FL,12,2011-09-30,
1468,Walton County,FL,12,2011-09-30,239516.84320090563
1338,Putnam County,FL,12,2011-09-30,81684.64637732338
2212,Columbia County,FL,12,2011-09-30,108952.06146995196
1794,Jackson County,FL,12,2011-09-30,87483.92567036692
1717,Gadsden County,FL,12,2011-09-30,94922.76054387235
2570,Suwannee County,FL,12,2011-09-30,110979.9814489485
234,Levy County,FL,12,2011-09-30,106687.1717501526
2990,Okeechobee County,FL,12,2011-09-30,86135.47005181217
1093,Hendry County,FL,12,2011-09-30,69375.97192795717
1659,De Soto County,FL,12,2011-09-30,82464.87499457505
2066,Wakulla County,FL,12,2011-09-30,126226.58199751755
378,Baker County,FL,12,2011-09-30,126179.85767889836
2148,Bradford County,FL,12,2011-09-30,101574.15836649651
1076,Hardee County,FL,12,2011-09-30,82114.84397090528
3050,Washington County,FL,12,2011-09-30,84562.42578897056
1419,Taylor County,FL,12,2011-09-30,85112.28951958216
1094,Holmes County,FL,12,2011-09-30,88777.77833819005
1896,Madison County,FL,12,2011-09-30,90043.59457029666
2704,Gilchrist County,FL,12,2011-09-30,107129.73122051316
480,Dixie County,FL,12,2011-09-30,73719.14038413855
762,Union County,FL,12,2011-09-30,100563.85464544
169,Gulf County,FL,12,2011-09-30,143055.47427176623
2735,Jefferson County,FL,12,2011-09-30,125056.39444024842
2315,Hamilton County,FL,12,2011-09-30,75995.16306756677
1571,Calhoun County,FL,12,2011-09-30,86546.31611698384
2272,Franklin County,FL,12,2011-09-30,184571.6700414717
1042,Glades County,FL,12,2011-09-30,80357.60351965245
2769,Lafayette County,FL,12,2011-09-30,91833.70236798038
1858,Liberty County,FL,12,2011-09-30,90300.32977749352
2964,Miami-Dade County,FL,12,2011-10-31,154878.63774312494
1561,Broward County,FL,12,2011-10-31,132195.9652329764
2993,Palm Beach County,FL,12,2011-10-31,153152.5013525955
3165,Hillsborough County,FL,12,2011-10-31,121686.5409571086
1287,Orange County,FL,12,2011-10-31,127437.97009780828
489,Duval County,FL,12,2011-10-31,110103.4466529242
2480,Pinellas County,FL,12,2011-10-31,120507.57851242652
80,Lee County,FL,12,2011-10-31,129448.47242393768
285,Polk County,FL,12,2011-10-31,94191.8993422065
1556,Brevard County,FL,12,2011-10-31,113842.90639373938
669,Pasco County,FL,12,2011-10-31,115595.91250968106
2063,Volusia County,FL,12,2011-10-31,109643.1296141556
2538,Seminole County,FL,12,2011-10-31,131311.43005392497
2528,Sarasota County,FL,12,2011-10-31,160646.36058728708
1916,Manatee County,FL,12,2011-10-31,150608.5953492121
1957,Osceola County,FL,12,2011-10-31,110831.27504889749
219,Lake County,FL,12,2011-10-31,128178.77061223774
1638,Collier County,FL,12,2011-10-31,231771.62216985784
1161,Marion County,FL,12,2011-10-31,100222.14305732552
3131,Saint Lucie County,FL,12,2011-10-31,100080.27698137295
2259,Escambia County,FL,12,2011-10-31,117261.8758156974
232,Leon County,FL,12,2011-10-31,153013.72224045242
1509,Alachua County,FL,12,2011-10-31,140572.21128499287
3128,Saint Johns County,FL,12,2011-10-31,201985.90486914225
118,Clay County,FL,12,2011-10-31,133970.19450588347
2460,Okaloosa County,FL,12,2011-10-31,164745.89709280504
2341,Hernando County,FL,12,2011-10-31,96343.33083692472
2650,Charlotte County,FL,12,2011-10-31,110960.60302031672
3026,Santa Rosa County,FL,12,2011-10-31,145210.2917172661
67,Bay County,FL,12,2011-10-31,149357.2619180577
3168,Indian River County,FL,12,2011-10-31,130459.5428965528
1176,Martin County,FL,12,2011-10-31,158802.83347090814
938,Citrus County,FL,12,2011-10-31,104143.37954991349
1409,Sumter County,FL,12,2011-10-31,191602.0778369947
1707,Flagler County,FL,12,2011-10-31,137118.4944239282
2724,Highlands County,FL,12,2011-10-31,84338.03894585522
1251,Nassau County,FL,12,2011-10-31,186749.5141822076
1214,Monroe County,FL,12,2011-10-31,
1468,Walton County,FL,12,2011-10-31,238275.06539264767
1338,Putnam County,FL,12,2011-10-31,81684.3591760212
2212,Columbia County,FL,12,2011-10-31,108889.1637615026
1794,Jackson County,FL,12,2011-10-31,87913.174960125
1717,Gadsden County,FL,12,2011-10-31,94674.64527903688
2570,Suwannee County,FL,12,2011-10-31,110957.61297140949
234,Levy County,FL,12,2011-10-31,106275.90960330718
2990,Okeechobee County,FL,12,2011-10-31,85840.11533882462
1093,Hendry County,FL,12,2011-10-31,69080.26136164194
1659,De Soto County,FL,12,2011-10-31,82090.03810813418
2066,Wakulla County,FL,12,2011-10-31,126007.83202939352
378,Baker County,FL,12,2011-10-31,126001.25799718162
2148,Bradford County,FL,12,2011-10-31,101352.4918433157
1076,Hardee County,FL,12,2011-10-31,81751.15800366463
3050,Washington County,FL,12,2011-10-31,84798.34265503606
1419,Taylor County,FL,12,2011-10-31,85061.45766141218
1094,Holmes County,FL,12,2011-10-31,88669.31781143723
1896,Madison County,FL,12,2011-10-31,89895.91950924277
2704,Gilchrist County,FL,12,2011-10-31,106922.56207150534
480,Dixie County,FL,12,2011-10-31,73930.16948871897
762,Union County,FL,12,2011-10-31,99935.11627787832
169,Gulf County,FL,12,2011-10-31,143400.64102725568
2735,Jefferson County,FL,12,2011-10-31,125349.1008854702
2315,Hamilton County,FL,12,2011-10-31,75910.9743383756
1571,Calhoun County,FL,12,2011-10-31,87039.08380314996
2272,Franklin County,FL,12,2011-10-31,183820.631897296
1042,Glades County,FL,12,2011-10-31,80115.83695557185
2769,Lafayette County,FL,12,2011-10-31,91652.68852948675
1858,Liberty County,FL,12,2011-10-31,90658.2863162501
2964,Miami-Dade County,FL,12,2011-11-30,155370.32785146296
1561,Broward County,FL,12,2011-11-30,132089.5458377334
2993,Palm Beach County,FL,12,2011-11-30,152688.96782266
3165,Hillsborough County,FL,12,2011-11-30,121785.40612567618
1287,Orange County,FL,12,2011-11-30,127194.4081928006
489,Duval County,FL,12,2011-11-30,109055.90711231472
2480,Pinellas County,FL,12,2011-11-30,120224.84797059283
80,Lee County,FL,12,2011-11-30,129903.39679836544
285,Polk County,FL,12,2011-11-30,94156.73199799766
1556,Brevard County,FL,12,2011-11-30,113858.86600278877
669,Pasco County,FL,12,2011-11-30,114973.34240756562
2063,Volusia County,FL,12,2011-11-30,108939.06522797087
2538,Seminole County,FL,12,2011-11-30,130631.56332539133
2528,Sarasota County,FL,12,2011-11-30,160476.66398962925
1916,Manatee County,FL,12,2011-11-30,151103.7426027512
1957,Osceola County,FL,12,2011-11-30,111333.64084402849
219,Lake County,FL,12,2011-11-30,127642.90693501307
1638,Collier County,FL,12,2011-11-30,231187.5450031833
1161,Marion County,FL,12,2011-11-30,99318.31731108182
3131,Saint Lucie County,FL,12,2011-11-30,100017.98969540405
2259,Escambia County,FL,12,2011-11-30,117300.74378324758
232,Leon County,FL,12,2011-11-30,151304.4051514353
1509,Alachua County,FL,12,2011-11-30,140563.48310674704
3128,Saint Johns County,FL,12,2011-11-30,201276.18630804843
118,Clay County,FL,12,2011-11-30,133769.9832684732
2460,Okaloosa County,FL,12,2011-11-30,163628.0755889809
2341,Hernando County,FL,12,2011-11-30,96413.94962017475
2650,Charlotte County,FL,12,2011-11-30,111617.35016897456
3026,Santa Rosa County,FL,12,2011-11-30,144526.59803065436
67,Bay County,FL,12,2011-11-30,149284.987520556
3168,Indian River County,FL,12,2011-11-30,130148.66970415074
1176,Martin County,FL,12,2011-11-30,158982.41200006593
938,Citrus County,FL,12,2011-11-30,103743.50320888303
1409,Sumter County,FL,12,2011-11-30,190845.8634771776
1707,Flagler County,FL,12,2011-11-30,136476.32663499867
2724,Highlands County,FL,12,2011-11-30,82727.15360943179
1251,Nassau County,FL,12,2011-11-30,186616.12618622623
1214,Monroe County,FL,12,2011-11-30,
1468,Walton County,FL,12,2011-11-30,238087.44129660729
1338,Putnam County,FL,12,2011-11-30,81720.53035587452
2212,Columbia County,FL,12,2011-11-30,108593.6832760162
1794,Jackson County,FL,12,2011-11-30,88039.58163788558
1717,Gadsden County,FL,12,2011-11-30,94821.18461709731
2570,Suwannee County,FL,12,2011-11-30,111139.86518751943
234,Levy County,FL,12,2011-11-30,105985.4236814158
2990,Okeechobee County,FL,12,2011-11-30,85657.42854760312
1093,Hendry County,FL,12,2011-11-30,68868.18810922552
1659,De Soto County,FL,12,2011-11-30,81741.33425166359
2066,Wakulla County,FL,12,2011-11-30,125769.2503290834
378,Baker County,FL,12,2011-11-30,125970.67084857656
2148,Bradford County,FL,12,2011-11-30,101418.28284048762
1076,Hardee County,FL,12,2011-11-30,81391.5748815412
3050,Washington County,FL,12,2011-11-30,85004.33373659306
1419,Taylor County,FL,12,2011-11-30,85097.84668316087
1094,Holmes County,FL,12,2011-11-30,88641.6680151312
1896,Madison County,FL,12,2011-11-30,89807.23805943089
2704,Gilchrist County,FL,12,2011-11-30,106801.80550440052
480,Dixie County,FL,12,2011-11-30,74136.4021130099
762,Union County,FL,12,2011-11-30,98967.03157745051
169,Gulf County,FL,12,2011-11-30,143519.48892074873
2735,Jefferson County,FL,12,2011-11-30,126281.84497637756
2315,Hamilton County,FL,12,2011-11-30,75744.69584816664
1571,Calhoun County,FL,12,2011-11-30,87653.82588560997
2272,Franklin County,FL,12,2011-11-30,183364.48815227696
1042,Glades County,FL,12,2011-11-30,80017.63337904609
2769,Lafayette County,FL,12,2011-11-30,91538.6804016711
1858,Liberty County,FL,12,2011-11-30,90475.5038351978
2964,Miami-Dade County,FL,12,2011-12-31,155643.4822539437
1561,Broward County,FL,12,2011-12-31,132069.2924421197
2993,Palm Beach County,FL,12,2011-12-31,152528.8317067629
3165,Hillsborough County,FL,12,2011-12-31,121724.1172177386
1287,Orange County,FL,12,2011-12-31,127040.64524951336
489,Duval County,FL,12,2011-12-31,108440.41120343244
2480,Pinellas County,FL,12,2011-12-31,120087.34623301214
80,Lee County,FL,12,2011-12-31,130418.29605292052
285,Polk County,FL,12,2011-12-31,93919.25769130222
1556,Brevard County,FL,12,2011-12-31,114020.55538443069
669,Pasco County,FL,12,2011-12-31,114492.69745184254
2063,Volusia County,FL,12,2011-12-31,107892.2869437743
2538,Seminole County,FL,12,2011-12-31,130459.57810646862
2528,Sarasota County,FL,12,2011-12-31,160046.49216310112
1916,Manatee County,FL,12,2011-12-31,151141.83495773238
1957,Osceola County,FL,12,2011-12-31,111987.01394841932
219,Lake County,FL,12,2011-12-31,127565.10329138328
1638,Collier County,FL,12,2011-12-31,230839.79096107208
1161,Marion County,FL,12,2011-12-31,98724.33278101851
3131,Saint Lucie County,FL,12,2011-12-31,100152.61009356152
2259,Escambia County,FL,12,2011-12-31,117442.77128357388
232,Leon County,FL,12,2011-12-31,149672.6896258403
1509,Alachua County,FL,12,2011-12-31,140135.5499483664
3128,Saint Johns County,FL,12,2011-12-31,201137.91778585865
118,Clay County,FL,12,2011-12-31,134292.09179738615
2460,Okaloosa County,FL,12,2011-12-31,163097.9045301222
2341,Hernando County,FL,12,2011-12-31,96464.11799845943
2650,Charlotte County,FL,12,2011-12-31,112673.4975192428
3026,Santa Rosa County,FL,12,2011-12-31,144312.60382292757
67,Bay County,FL,12,2011-12-31,149333.00477823534
3168,Indian River County,FL,12,2011-12-31,129959.74690644589
1176,Martin County,FL,12,2011-12-31,159132.297492653
938,Citrus County,FL,12,2011-12-31,103065.51712327858
1409,Sumter County,FL,12,2011-12-31,190342.67878010267
1707,Flagler County,FL,12,2011-12-31,135061.71339066917
2724,Highlands County,FL,12,2011-12-31,81085.33851999657
1251,Nassau County,FL,12,2011-12-31,186662.8109711732
1214,Monroe County,FL,12,2011-12-31,
1468,Walton County,FL,12,2011-12-31,237521.04976556703
1338,Putnam County,FL,12,2011-12-31,81860.84429534046
2212,Columbia County,FL,12,2011-12-31,108383.84127032524
1794,Jackson County,FL,12,2011-12-31,88143.79530467845
1717,Gadsden County,FL,12,2011-12-31,95165.0863056612
2570,Suwannee County,FL,12,2011-12-31,111300.02801320911
234,Levy County,FL,12,2011-12-31,105985.41615009157
2990,Okeechobee County,FL,12,2011-12-31,85555.86990765497
1093,Hendry County,FL,12,2011-12-31,68661.32214288753
1659,De Soto County,FL,12,2011-12-31,81478.49276261135
2066,Wakulla County,FL,12,2011-12-31,125467.49089731812
378,Baker County,FL,12,2011-12-31,126028.88006034192
2148,Bradford County,FL,12,2011-12-31,101614.67256393412
1076,Hardee County,FL,12,2011-12-31,81062.75920882235
3050,Washington County,FL,12,2011-12-31,85311.61379395389
1419,Taylor County,FL,12,2011-12-31,85228.91902914956
1094,Holmes County,FL,12,2011-12-31,88646.9394807737
1896,Madison County,FL,12,2011-12-31,89839.96984390642
2704,Gilchrist County,FL,12,2011-12-31,106874.32452109264
480,Dixie County,FL,12,2011-12-31,74441.57128014026
762,Union County,FL,12,2011-12-31,98048.4036127219
169,Gulf County,FL,12,2011-12-31,143520.5009517942
2735,Jefferson County,FL,12,2011-12-31,127535.89990912676
2315,Hamilton County,FL,12,2011-12-31,75676.93973398203
1571,Calhoun County,FL,12,2011-12-31,88684.5220025078
2272,Franklin County,FL,12,2011-12-31,183303.798772166
1042,Glades County,FL,12,2011-12-31,80254.03809040425
2769,Lafayette County,FL,12,2011-12-31,91605.54659654852
1858,Liberty County,FL,12,2011-12-31,90215.77535572244
2964,Miami-Dade County,FL,12,2012-01-31,156078.0416864263
1561,Broward County,FL,12,2012-01-31,132175.1867372845
2993,Palm Beach County,FL,12,2012-01-31,152604.961938952
3165,Hillsborough County,FL,12,2012-01-31,121091.43562330026
1287,Orange County,FL,12,2012-01-31,127527.57966348516
489,Duval County,FL,12,2012-01-31,108300.26958839325
2480,Pinellas County,FL,12,2012-01-31,119729.01124777006
80,Lee County,FL,12,2012-01-31,130758.3997386329
285,Polk County,FL,12,2012-01-31,93977.35333884443
1556,Brevard County,FL,12,2012-01-31,114212.18267016028
669,Pasco County,FL,12,2012-01-31,114043.1952135624
2063,Volusia County,FL,12,2012-01-31,106819.96259981632
2538,Seminole County,FL,12,2012-01-31,130831.5260536414
2528,Sarasota County,FL,12,2012-01-31,159740.71764783066
1916,Manatee County,FL,12,2012-01-31,151536.41271134818
1957,Osceola County,FL,12,2012-01-31,111983.39116606832
219,Lake County,FL,12,2012-01-31,127207.38618844748
1638,Collier County,FL,12,2012-01-31,230700.5985858224
1161,Marion County,FL,12,2012-01-31,98245.14629426113
3131,Saint Lucie County,FL,12,2012-01-31,100339.17818926112
2259,Escambia County,FL,12,2012-01-31,117646.30628274144
232,Leon County,FL,12,2012-01-31,149240.5086389053
1509,Alachua County,FL,12,2012-01-31,139626.3386579905
3128,Saint Johns County,FL,12,2012-01-31,201401.73387283084
118,Clay County,FL,12,2012-01-31,134637.89803490895
2460,Okaloosa County,FL,12,2012-01-31,163118.53247409852
2341,Hernando County,FL,12,2012-01-31,96785.47883723109
2650,Charlotte County,FL,12,2012-01-31,113227.32770879444
3026,Santa Rosa County,FL,12,2012-01-31,144376.69105111074
67,Bay County,FL,12,2012-01-31,148679.75408576132
3168,Indian River County,FL,12,2012-01-31,129371.95971515054
1176,Martin County,FL,12,2012-01-31,159377.37973239366
938,Citrus County,FL,12,2012-01-31,102157.60915390088
1409,Sumter County,FL,12,2012-01-31,189826.95213098728
1707,Flagler County,FL,12,2012-01-31,133679.44818509664
2724,Highlands County,FL,12,2012-01-31,80255.74219908268
1251,Nassau County,FL,12,2012-01-31,186747.67059057244
1214,Monroe County,FL,12,2012-01-31,
1468,Walton County,FL,12,2012-01-31,237616.38728713267
1338,Putnam County,FL,12,2012-01-31,81956.6588677372
2212,Columbia County,FL,12,2012-01-31,108191.6841574508
1794,Jackson County,FL,12,2012-01-31,88225.46619757665
1717,Gadsden County,FL,12,2012-01-31,95585.17306550278
2570,Suwannee County,FL,12,2012-01-31,111528.42339294829
234,Levy County,FL,12,2012-01-31,106056.57960582591
2990,Okeechobee County,FL,12,2012-01-31,85589.56682027303
1093,Hendry County,FL,12,2012-01-31,68532.25848081712
1659,De Soto County,FL,12,2012-01-31,81281.47199470119
2066,Wakulla County,FL,12,2012-01-31,125278.35326578816
378,Baker County,FL,12,2012-01-31,126043.0039419706
2148,Bradford County,FL,12,2012-01-31,102083.5679722206
1076,Hardee County,FL,12,2012-01-31,81011.78232184995
3050,Washington County,FL,12,2012-01-31,85386.43790703233
1419,Taylor County,FL,12,2012-01-31,85373.7865100834
1094,Holmes County,FL,12,2012-01-31,88794.48882290236
1896,Madison County,FL,12,2012-01-31,90041.51864110737
2704,Gilchrist County,FL,12,2012-01-31,106910.89923055934
480,Dixie County,FL,12,2012-01-31,74830.92353683729
762,Union County,FL,12,2012-01-31,97634.79445330784
169,Gulf County,FL,12,2012-01-31,143511.58464688028
2735,Jefferson County,FL,12,2012-01-31,128301.6203158647
2315,Hamilton County,FL,12,2012-01-31,75713.74339445708
1571,Calhoun County,FL,12,2012-01-31,89372.8912198491
2272,Franklin County,FL,12,2012-01-31,183536.57663908124
1042,Glades County,FL,12,2012-01-31,80499.48061939639
2769,Lafayette County,FL,12,2012-01-31,91813.8231469352
1858,Liberty County,FL,12,2012-01-31,90210.01215844083
2964,Miami-Dade County,FL,12,2012-02-29,156272.19736458626
1561,Broward County,FL,12,2012-02-29,132357.11213459776
2993,Palm Beach County,FL,12,2012-02-29,152505.20937775564
3165,Hillsborough County,FL,12,2012-02-29,120904.5549953478
1287,Orange County,FL,12,2012-02-29,128004.80692946892
489,Duval County,FL,12,2012-02-29,108215.94968802872
2480,Pinellas County,FL,12,2012-02-29,119821.9710457315
80,Lee County,FL,12,2012-02-29,131245.08078054967
285,Polk County,FL,12,2012-02-29,94393.24661509931
1556,Brevard County,FL,12,2012-02-29,114272.070664709
669,Pasco County,FL,12,2012-02-29,113796.4976284554
2063,Volusia County,FL,12,2012-02-29,106340.72457382486
2538,Seminole County,FL,12,2012-02-29,131604.98189183025
2528,Sarasota County,FL,12,2012-02-29,159536.65517914653
1916,Manatee County,FL,12,2012-02-29,152356.07743881134
1957,Osceola County,FL,12,2012-02-29,112113.5507174562
219,Lake County,FL,12,2012-02-29,127227.4533361572
1638,Collier County,FL,12,2012-02-29,230293.88724344285
1161,Marion County,FL,12,2012-02-29,97835.87200670234
3131,Saint Lucie County,FL,12,2012-02-29,100706.52266807218
2259,Escambia County,FL,12,2012-02-29,117396.21717498604
232,Leon County,FL,12,2012-02-29,149425.79168817503
1509,Alachua County,FL,12,2012-02-29,139054.77819158527
3128,Saint Johns County,FL,12,2012-02-29,201744.484679349
118,Clay County,FL,12,2012-02-29,134709.11987851156
2460,Okaloosa County,FL,12,2012-02-29,163150.995835154
2341,Hernando County,FL,12,2012-02-29,96429.85838785653
2650,Charlotte County,FL,12,2012-02-29,113406.31744273228
3026,Santa Rosa County,FL,12,2012-02-29,143918.86675017886
67,Bay County,FL,12,2012-02-29,148022.52749904263
3168,Indian River County,FL,12,2012-02-29,128975.3338439099
1176,Martin County,FL,12,2012-02-29,159703.4520236279
938,Citrus County,FL,12,2012-02-29,101203.80295460344
1409,Sumter County,FL,12,2012-02-29,189469.8145553348
1707,Flagler County,FL,12,2012-02-29,132721.72673597516
2724,Highlands County,FL,12,2012-02-29,79791.7008879881
1251,Nassau County,FL,12,2012-02-29,186839.3437393708
1214,Monroe County,FL,12,2012-02-29,
1468,Walton County,FL,12,2012-02-29,238384.2141616496
1338,Putnam County,FL,12,2012-02-29,82246.42834301708
2212,Columbia County,FL,12,2012-02-29,108092.38534773597
1794,Jackson County,FL,12,2012-02-29,88447.02157236943
1717,Gadsden County,FL,12,2012-02-29,95836.6090182354
2570,Suwannee County,FL,12,2012-02-29,111845.81146202097
234,Levy County,FL,12,2012-02-29,106271.39774476836
2990,Okeechobee County,FL,12,2012-02-29,85689.60329847952
1093,Hendry County,FL,12,2012-02-29,68412.94422842847
1659,De Soto County,FL,12,2012-02-29,81171.73655559897
2066,Wakulla County,FL,12,2012-02-29,125264.2899843483
378,Baker County,FL,12,2012-02-29,126171.7237386213
2148,Bradford County,FL,12,2012-02-29,102601.43581364636
1076,Hardee County,FL,12,2012-02-29,80993.12963978668
3050,Washington County,FL,12,2012-02-29,85544.1222058282
1419,Taylor County,FL,12,2012-02-29,85508.75568157634
1094,Holmes County,FL,12,2012-02-29,89111.52340105099
1896,Madison County,FL,12,2012-02-29,90399.86727191888
2704,Gilchrist County,FL,12,2012-02-29,107058.13251888784
480,Dixie County,FL,12,2012-02-29,75523.1274948042
762,Union County,FL,12,2012-02-29,97556.83239570326
169,Gulf County,FL,12,2012-02-29,143589.45530955042
2735,Jefferson County,FL,12,2012-02-29,128905.4491553615
2315,Hamilton County,FL,12,2012-02-29,75885.69413710151
1571,Calhoun County,FL,12,2012-02-29,89851.52383425667
2272,Franklin County,FL,12,2012-02-29,183875.62034077788
1042,Glades County,FL,12,2012-02-29,80808.75452396285
2769,Lafayette County,FL,12,2012-02-29,91888.66637650855
1858,Liberty County,FL,12,2012-02-29,90464.50126937404
2964,Miami-Dade County,FL,12,2012-03-31,156230.41119663013
1561,Broward County,FL,12,2012-03-31,132761.98068824757
2993,Palm Beach County,FL,12,2012-03-31,152360.92464905884
3165,Hillsborough County,FL,12,2012-03-31,121168.41856945038
1287,Orange County,FL,12,2012-03-31,128167.2701939282
489,Duval County,FL,12,2012-03-31,108053.9917474899
2480,Pinellas County,FL,12,2012-03-31,120285.41966625828
80,Lee County,FL,12,2012-03-31,131777.3452619233
285,Polk County,FL,12,2012-03-31,95242.35894937407
1556,Brevard County,FL,12,2012-03-31,114053.34569312067
669,Pasco County,FL,12,2012-03-31,113570.79305675672
2063,Volusia County,FL,12,2012-03-31,106326.22358226716
2538,Seminole County,FL,12,2012-03-31,132607.402142256
2528,Sarasota County,FL,12,2012-03-31,160202.28830027356
1916,Manatee County,FL,12,2012-03-31,153636.25806325054
1957,Osceola County,FL,12,2012-03-31,112547.10471683728
219,Lake County,FL,12,2012-03-31,127541.63187991966
1638,Collier County,FL,12,2012-03-31,229309.869470875
1161,Marion County,FL,12,2012-03-31,97331.00350368784
3131,Saint Lucie County,FL,12,2012-03-31,100873.84457257076
2259,Escambia County,FL,12,2012-03-31,116570.3418471312
232,Leon County,FL,12,2012-03-31,149686.2956393609
1509,Alachua County,FL,12,2012-03-31,138840.9385902997
3128,Saint Johns County,FL,12,2012-03-31,202657.37171088043
118,Clay County,FL,12,2012-03-31,134359.3937280241
2460,Okaloosa County,FL,12,2012-03-31,163207.7077931418
2341,Hernando County,FL,12,2012-03-31,95627.82262806536
2650,Charlotte County,FL,12,2012-03-31,113697.90265535732
3026,Santa Rosa County,FL,12,2012-03-31,143196.6913791322
67,Bay County,FL,12,2012-03-31,147503.9990434619
3168,Indian River County,FL,12,2012-03-31,128409.00744186428
1176,Martin County,FL,12,2012-03-31,160168.3403874871
938,Citrus County,FL,12,2012-03-31,100449.70904555247
1409,Sumter County,FL,12,2012-03-31,189373.56083029063
1707,Flagler County,FL,12,2012-03-31,132938.72649011682
2724,Highlands County,FL,12,2012-03-31,79431.21777719438
1251,Nassau County,FL,12,2012-03-31,186816.09858712848
1214,Monroe County,FL,12,2012-03-31,
1468,Walton County,FL,12,2012-03-31,240372.7245250706
1338,Putnam County,FL,12,2012-03-31,82673.46009424956
2212,Columbia County,FL,12,2012-03-31,107991.77775273607
1794,Jackson County,FL,12,2012-03-31,88558.9492991665
1717,Gadsden County,FL,12,2012-03-31,95813.1340243168
2570,Suwannee County,FL,12,2012-03-31,112057.4043456994
234,Levy County,FL,12,2012-03-31,106365.52021314412
2990,Okeechobee County,FL,12,2012-03-31,85795.83988246198
1093,Hendry County,FL,12,2012-03-31,68319.06803938141
1659,De Soto County,FL,12,2012-03-31,80985.9046956164
2066,Wakulla County,FL,12,2012-03-31,125278.8553430817
378,Baker County,FL,12,2012-03-31,126154.68599729484
2148,Bradford County,FL,12,2012-03-31,103148.08887436864
1076,Hardee County,FL,12,2012-03-31,80908.42986573455
3050,Washington County,FL,12,2012-03-31,85583.49115782164
1419,Taylor County,FL,12,2012-03-31,85407.62763109688
1094,Holmes County,FL,12,2012-03-31,89317.42261938525
1896,Madison County,FL,12,2012-03-31,90600.84902321851
2704,Gilchrist County,FL,12,2012-03-31,107204.01583883558
480,Dixie County,FL,12,2012-03-31,76347.65545477881
762,Union County,FL,12,2012-03-31,97720.75021190528
169,Gulf County,FL,12,2012-03-31,144211.39271047912
2735,Jefferson County,FL,12,2012-03-31,129590.88905120478
2315,Hamilton County,FL,12,2012-03-31,76012.13718136508
1571,Calhoun County,FL,12,2012-03-31,89992.67723733088
2272,Franklin County,FL,12,2012-03-31,184072.29810101344
1042,Glades County,FL,12,2012-03-31,81019.4336488102
2769,Lafayette County,FL,12,2012-03-31,91609.61554984564
1858,Liberty County,FL,12,2012-03-31,90489.60181805956
2964,Miami-Dade County,FL,12,2012-04-30,155909.8492537646
1561,Broward County,FL,12,2012-04-30,133457.92364473664
2993,Palm Beach County,FL,12,2012-04-30,152354.57705940338
3165,Hillsborough County,FL,12,2012-04-30,122171.2674574636
1287,Orange County,FL,12,2012-04-30,127921.90047639492
489,Duval County,FL,12,2012-04-30,108026.8867576782
2480,Pinellas County,FL,12,2012-04-30,121196.75978883384
80,Lee County,FL,12,2012-04-30,132810.80591830096
285,Polk County,FL,12,2012-04-30,96198.7152346254
1556,Brevard County,FL,12,2012-04-30,113847.1764522508
669,Pasco County,FL,12,2012-04-30,113555.98613457762
2063,Volusia County,FL,12,2012-04-30,106753.01015279052
2538,Seminole County,FL,12,2012-04-30,133756.55491597418
2528,Sarasota County,FL,12,2012-04-30,161906.96471932987
1916,Manatee County,FL,12,2012-04-30,155014.42642371403
1957,Osceola County,FL,12,2012-04-30,113622.07891083586
219,Lake County,FL,12,2012-04-30,128254.36289606483
1638,Collier County,FL,12,2012-04-30,228189.6564700173
1161,Marion County,FL,12,2012-04-30,97076.47758976145
3131,Saint Lucie County,FL,12,2012-04-30,101174.64948686608
2259,Escambia County,FL,12,2012-04-30,115482.85801851524
232,Leon County,FL,12,2012-04-30,149771.78827097136
1509,Alachua County,FL,12,2012-04-30,138408.92662357228
3128,Saint Johns County,FL,12,2012-04-30,204086.6792785067
118,Clay County,FL,12,2012-04-30,134267.9808752165
2460,Okaloosa County,FL,12,2012-04-30,163235.81908227177
2341,Hernando County,FL,12,2012-04-30,94518.6694436065
2650,Charlotte County,FL,12,2012-04-30,114788.02266099036
3026,Santa Rosa County,FL,12,2012-04-30,142875.7856141811
67,Bay County,FL,12,2012-04-30,147882.51094895529
3168,Indian River County,FL,12,2012-04-30,128376.23598377783
1176,Martin County,FL,12,2012-04-30,160319.01311324054
938,Citrus County,FL,12,2012-04-30,100012.50509791088
1409,Sumter County,FL,12,2012-04-30,189994.29874697072
1707,Flagler County,FL,12,2012-04-30,133855.54549132774
2724,Highlands County,FL,12,2012-04-30,79516.07999906702
1251,Nassau County,FL,12,2012-04-30,186824.8386844281
1214,Monroe County,FL,12,2012-04-30,
1468,Walton County,FL,12,2012-04-30,242746.08908088377
1338,Putnam County,FL,12,2012-04-30,83033.60189344182
2212,Columbia County,FL,12,2012-04-30,107948.64269718192
1794,Jackson County,FL,12,2012-04-30,88562.27921149322
1717,Gadsden County,FL,12,2012-04-30,95830.07998166716
2570,Suwannee County,FL,12,2012-04-30,112247.3055167832
234,Levy County,FL,12,2012-04-30,106148.57735100022
2990,Okeechobee County,FL,12,2012-04-30,85894.021436288
1093,Hendry County,FL,12,2012-04-30,68369.84310377897
1659,De Soto County,FL,12,2012-04-30,81160.55507383501
2066,Wakulla County,FL,12,2012-04-30,125435.41264683031
378,Baker County,FL,12,2012-04-30,126076.6159298784
2148,Bradford County,FL,12,2012-04-30,103565.1885892243
1076,Hardee County,FL,12,2012-04-30,80496.75416622804
3050,Washington County,FL,12,2012-04-30,85711.52521756181
1419,Taylor County,FL,12,2012-04-30,85213.61474879769
1094,Holmes County,FL,12,2012-04-30,89327.7443590606
1896,Madison County,FL,12,2012-04-30,90867.85415508668
2704,Gilchrist County,FL,12,2012-04-30,107476.6670059937
480,Dixie County,FL,12,2012-04-30,77118.81902960668
762,Union County,FL,12,2012-04-30,98317.3637831784
169,Gulf County,FL,12,2012-04-30,145203.34054036924
2735,Jefferson County,FL,12,2012-04-30,130370.8879511925
2315,Hamilton County,FL,12,2012-04-30,76241.10830582537
1571,Calhoun County,FL,12,2012-04-30,90117.01311991656
2272,Franklin County,FL,12,2012-04-30,184819.53522449764
1042,Glades County,FL,12,2012-04-30,81314.48315132437
2769,Lafayette County,FL,12,2012-04-30,91081.92811902384
1858,Liberty County,FL,12,2012-04-30,90302.8447536119
2964,Miami-Dade County,FL,12,2012-05-31,155802.65315553016
1561,Broward County,FL,12,2012-05-31,134413.50518662573
2993,Palm Beach County,FL,12,2012-05-31,152590.68327476873
3165,Hillsborough County,FL,12,2012-05-31,123049.54533635832
1287,Orange County,FL,12,2012-05-31,127887.61508113368
489,Duval County,FL,12,2012-05-31,107995.00974530524
2480,Pinellas County,FL,12,2012-05-31,122275.33768775804
80,Lee County,FL,12,2012-05-31,134263.76305946676
285,Polk County,FL,12,2012-05-31,97087.84312775952
1556,Brevard County,FL,12,2012-05-31,113845.50793631216
669,Pasco County,FL,12,2012-05-31,113705.39842298331
2063,Volusia County,FL,12,2012-05-31,107405.75637471802
2538,Seminole County,FL,12,2012-05-31,134844.51538106965
2528,Sarasota County,FL,12,2012-05-31,163803.3128647172
1916,Manatee County,FL,12,2012-05-31,156234.864062053
1957,Osceola County,FL,12,2012-05-31,114804.84470840484
219,Lake County,FL,12,2012-05-31,129147.45470499896
1638,Collier County,FL,12,2012-05-31,227855.50272698377
1161,Marion County,FL,12,2012-05-31,97079.86924423216
3131,Saint Lucie County,FL,12,2012-05-31,101520.70341728158
2259,Escambia County,FL,12,2012-05-31,114547.60733135875
232,Leon County,FL,12,2012-05-31,149544.73764322852
1509,Alachua County,FL,12,2012-05-31,137633.15028299074
3128,Saint Johns County,FL,12,2012-05-31,205520.0008678192
118,Clay County,FL,12,2012-05-31,134440.5819506962
2460,Okaloosa County,FL,12,2012-05-31,163571.53652615764
2341,Hernando County,FL,12,2012-05-31,93751.0916654215
2650,Charlotte County,FL,12,2012-05-31,116270.23949751833
3026,Santa Rosa County,FL,12,2012-05-31,143069.04043845242
67,Bay County,FL,12,2012-05-31,148034.1510475653
3168,Indian River County,FL,12,2012-05-31,128331.96284101332
1176,Martin County,FL,12,2012-05-31,160376.73956920757
938,Citrus County,FL,12,2012-05-31,99823.53545397436
1409,Sumter County,FL,12,2012-05-31,190743.60589281563
1707,Flagler County,FL,12,2012-05-31,135184.80630629676
2724,Highlands County,FL,12,2012-05-31,79692.90837214496
1251,Nassau County,FL,12,2012-05-31,186838.147493117
1214,Monroe County,FL,12,2012-05-31,
1468,Walton County,FL,12,2012-05-31,244435.5555737597
1338,Putnam County,FL,12,2012-05-31,82924.06691768277
2212,Columbia County,FL,12,2012-05-31,107906.04531694316
1794,Jackson County,FL,12,2012-05-31,88399.27147439514
1717,Gadsden County,FL,12,2012-05-31,95715.51870435418
2570,Suwannee County,FL,12,2012-05-31,112121.38154952828
234,Levy County,FL,12,2012-05-31,105624.38698038086
2990,Okeechobee County,FL,12,2012-05-31,85897.8230135301
1093,Hendry County,FL,12,2012-05-31,68835.17701332293
1659,De Soto County,FL,12,2012-05-31,81348.21441391297
2066,Wakulla County,FL,12,2012-05-31,125567.33635682915
378,Baker County,FL,12,2012-05-31,125512.90879391757
2148,Bradford County,FL,12,2012-05-31,103582.31030197744
1076,Hardee County,FL,12,2012-05-31,79917.0565148306
3050,Washington County,FL,12,2012-05-31,85697.26393920158
1419,Taylor County,FL,12,2012-05-31,85074.07389085999
1094,Holmes County,FL,12,2012-05-31,89348.06001969158
1896,Madison County,FL,12,2012-05-31,90961.08414207632
2704,Gilchrist County,FL,12,2012-05-31,107408.71864692426
480,Dixie County,FL,12,2012-05-31,77876.7087067718
762,Union County,FL,12,2012-05-31,99324.87656514584
169,Gulf County,FL,12,2012-05-31,146060.68712942387
2735,Jefferson County,FL,12,2012-05-31,130593.88748900872
2315,Hamilton County,FL,12,2012-05-31,76477.17913957842
1571,Calhoun County,FL,12,2012-05-31,89804.19943952875
2272,Franklin County,FL,12,2012-05-31,185865.7320623732
1042,Glades County,FL,12,2012-05-31,81637.07397476888
2769,Lafayette County,FL,12,2012-05-31,90605.1008542428
1858,Liberty County,FL,12,2012-05-31,89787.32827304267
2964,Miami-Dade County,FL,12,2012-06-30,156678.53375054846
1561,Broward County,FL,12,2012-06-30,135427.3917180618
2993,Palm Beach County,FL,12,2012-06-30,153244.95460746123
3165,Hillsborough County,FL,12,2012-06-30,123777.15150400445
1287,Orange County,FL,12,2012-06-30,128485.42676195758
489,Duval County,FL,12,2012-06-30,108072.6440546369
2480,Pinellas County,FL,12,2012-06-30,123314.5259199149
80,Lee County,FL,12,2012-06-30,135989.34627837947
285,Polk County,FL,12,2012-06-30,97817.92107559132
1556,Brevard County,FL,12,2012-06-30,113909.13090434928
669,Pasco County,FL,12,2012-06-30,114120.68816378896
2063,Volusia County,FL,12,2012-06-30,107917.6489256604
2538,Seminole County,FL,12,2012-06-30,135935.36726447786
2528,Sarasota County,FL,12,2012-06-30,165413.01345487297
1916,Manatee County,FL,12,2012-06-30,157582.33645074393
1957,Osceola County,FL,12,2012-06-30,115985.31395973824
219,Lake County,FL,12,2012-06-30,130071.41064387762
1638,Collier County,FL,12,2012-06-30,228497.75763679
1161,Marion County,FL,12,2012-06-30,97281.67681132205
3131,Saint Lucie County,FL,12,2012-06-30,101986.9985400686
2259,Escambia County,FL,12,2012-06-30,113935.89555787416
232,Leon County,FL,12,2012-06-30,149295.22770497145
1509,Alachua County,FL,12,2012-06-30,136840.56663027374
3128,Saint Johns County,FL,12,2012-06-30,206984.35425363967
118,Clay County,FL,12,2012-06-30,134891.4338485195
2460,Okaloosa County,FL,12,2012-06-30,164141.6089730414
2341,Hernando County,FL,12,2012-06-30,93239.28309139892
2650,Charlotte County,FL,12,2012-06-30,117609.4023412675
3026,Santa Rosa County,FL,12,2012-06-30,143480.3350320546
67,Bay County,FL,12,2012-06-30,147897.45216586947
3168,Indian River County,FL,12,2012-06-30,128407.3607346864
1176,Martin County,FL,12,2012-06-30,160730.5495646207
938,Citrus County,FL,12,2012-06-30,99964.17985573216
1409,Sumter County,FL,12,2012-06-30,191611.56128600475
1707,Flagler County,FL,12,2012-06-30,136606.4860576251
2724,Highlands County,FL,12,2012-06-30,80006.63202490339
1251,Nassau County,FL,12,2012-06-30,187160.9461467218
1214,Monroe County,FL,12,2012-06-30,
1468,Walton County,FL,12,2012-06-30,246388.38599843488
1338,Putnam County,FL,12,2012-06-30,82417.1164473979
2212,Columbia County,FL,12,2012-06-30,107607.21798397228
1794,Jackson County,FL,12,2012-06-30,88298.77119267336
1717,Gadsden County,FL,12,2012-06-30,95811.5198850434
2570,Suwannee County,FL,12,2012-06-30,112099.7924933618
234,Levy County,FL,12,2012-06-30,105250.49580301491
2990,Okeechobee County,FL,12,2012-06-30,85987.55658688738
1093,Hendry County,FL,12,2012-06-30,69506.83044000862
1659,De Soto County,FL,12,2012-06-30,81837.25054707598
2066,Wakulla County,FL,12,2012-06-30,125802.61914725017
378,Baker County,FL,12,2012-06-30,124907.46877946526
2148,Bradford County,FL,12,2012-06-30,103328.71508503045
1076,Hardee County,FL,12,2012-06-30,79422.91414863015
3050,Washington County,FL,12,2012-06-30,85970.86805328638
1419,Taylor County,FL,12,2012-06-30,85284.21415158415
1094,Holmes County,FL,12,2012-06-30,89630.39166856068
1896,Madison County,FL,12,2012-06-30,91159.42380629276
2704,Gilchrist County,FL,12,2012-06-30,107243.61563063104
480,Dixie County,FL,12,2012-06-30,78444.01179481788
762,Union County,FL,12,2012-06-30,100152.33898434808
169,Gulf County,FL,12,2012-06-30,146667.6107282531
2735,Jefferson County,FL,12,2012-06-30,130107.1121017238
2315,Hamilton County,FL,12,2012-06-30,77119.9860844531
1571,Calhoun County,FL,12,2012-06-30,89416.06460031052
2272,Franklin County,FL,12,2012-06-30,187582.71345134985
1042,Glades County,FL,12,2012-06-30,81800.43915069412
2769,Lafayette County,FL,12,2012-06-30,90276.0210319851
1858,Liberty County,FL,12,2012-06-30,89522.25181154435
2964,Miami-Dade County,FL,12,2012-07-31,157999.89820023024
1561,Broward County,FL,12,2012-07-31,136343.60964755
2993,Palm Beach County,FL,12,2012-07-31,154086.69821012882
3165,Hillsborough County,FL,12,2012-07-31,124595.71476347191
1287,Orange County,FL,12,2012-07-31,129367.43130860577
489,Duval County,FL,12,2012-07-31,107885.75771145707
2480,Pinellas County,FL,12,2012-07-31,124190.90760355852
80,Lee County,FL,12,2012-07-31,137620.41170344243
285,Polk County,FL,12,2012-07-31,98464.336001258
1556,Brevard County,FL,12,2012-07-31,114096.38202219944
669,Pasco County,FL,12,2012-07-31,114283.35817114158
2063,Volusia County,FL,12,2012-07-31,108436.90516651672
2538,Seminole County,FL,12,2012-07-31,136723.16498663693
2528,Sarasota County,FL,12,2012-07-31,166810.83544292444
1916,Manatee County,FL,12,2012-07-31,158762.79645613598
1957,Osceola County,FL,12,2012-07-31,117252.50045732567
219,Lake County,FL,12,2012-07-31,130746.90998738668
1638,Collier County,FL,12,2012-07-31,229533.6418910428
1161,Marion County,FL,12,2012-07-31,97580.87536908608
3131,Saint Lucie County,FL,12,2012-07-31,102510.25297157445
2259,Escambia County,FL,12,2012-07-31,113625.6162331227
232,Leon County,FL,12,2012-07-31,148984.11671071663
1509,Alachua County,FL,12,2012-07-31,136046.27762531035
3128,Saint Johns County,FL,12,2012-07-31,208255.88214260028
118,Clay County,FL,12,2012-07-31,135302.71450211608
2460,Okaloosa County,FL,12,2012-07-31,164505.6118896946
2341,Hernando County,FL,12,2012-07-31,92847.14635398664
2650,Charlotte County,FL,12,2012-07-31,118590.6554485038
3026,Santa Rosa County,FL,12,2012-07-31,143998.6928519339
67,Bay County,FL,12,2012-07-31,147649.72574314472
3168,Indian River County,FL,12,2012-07-31,128731.9069945098
1176,Martin County,FL,12,2012-07-31,161213.950827678
938,Citrus County,FL,12,2012-07-31,100037.13302565923
1409,Sumter County,FL,12,2012-07-31,192187.114599465
1707,Flagler County,FL,12,2012-07-31,137886.77678186662
2724,Highlands County,FL,12,2012-07-31,80082.23739861709
1251,Nassau County,FL,12,2012-07-31,187237.36227295749
1214,Monroe County,FL,12,2012-07-31,
1468,Walton County,FL,12,2012-07-31,248348.8582162017
1338,Putnam County,FL,12,2012-07-31,81501.10954950067
2212,Columbia County,FL,12,2012-07-31,107032.85710686391
1794,Jackson County,FL,12,2012-07-31,87829.88027439681
1717,Gadsden County,FL,12,2012-07-31,95477.51466116504
2570,Suwannee County,FL,12,2012-07-31,111282.41696012586
234,Levy County,FL,12,2012-07-31,104596.5681911347
2990,Okeechobee County,FL,12,2012-07-31,85843.50504456191
1093,Hendry County,FL,12,2012-07-31,70143.22298639461
1659,De Soto County,FL,12,2012-07-31,81938.19910731625
2066,Wakulla County,FL,12,2012-07-31,125954.1732840294
378,Baker County,FL,12,2012-07-31,124151.579154127
2148,Bradford County,FL,12,2012-07-31,102648.03888034682
1076,Hardee County,FL,12,2012-07-31,78947.16819628928
3050,Washington County,FL,12,2012-07-31,85956.95889560056
1419,Taylor County,FL,12,2012-07-31,85085.39332421048
1094,Holmes County,FL,12,2012-07-31,89519.03907536838
1896,Madison County,FL,12,2012-07-31,90777.77966954578
2704,Gilchrist County,FL,12,2012-07-31,106764.79653094368
480,Dixie County,FL,12,2012-07-31,78477.95900217858
762,Union County,FL,12,2012-07-31,99978.5800962934
169,Gulf County,FL,12,2012-07-31,147286.71802731478
2735,Jefferson County,FL,12,2012-07-31,128805.59158892596
2315,Hamilton County,FL,12,2012-07-31,77449.88230831329
1571,Calhoun County,FL,12,2012-07-31,88196.74336338967
2272,Franklin County,FL,12,2012-07-31,188793.9364743682
1042,Glades County,FL,12,2012-07-31,81412.61678235991
2769,Lafayette County,FL,12,2012-07-31,89833.24756254737
1858,Liberty County,FL,12,2012-07-31,88940.71767623386
2964,Miami-Dade County,FL,12,2012-08-31,159613.67508262288
1561,Broward County,FL,12,2012-08-31,137155.89444111913
2993,Palm Beach County,FL,12,2012-08-31,154928.6673730095
3165,Hillsborough County,FL,12,2012-08-31,125477.08872758623
1287,Orange County,FL,12,2012-08-31,130458.0361111883
489,Duval County,FL,12,2012-08-31,107601.71083451567
2480,Pinellas County,FL,12,2012-08-31,124663.29899783242
80,Lee County,FL,12,2012-08-31,138900.16155519386
285,Polk County,FL,12,2012-08-31,98886.33657259367
1556,Brevard County,FL,12,2012-08-31,114252.55448687244
669,Pasco County,FL,12,2012-08-31,114125.09410494748
2063,Volusia County,FL,12,2012-08-31,108930.02655174983
2538,Seminole County,FL,12,2012-08-31,137368.64819155235
2528,Sarasota County,FL,12,2012-08-31,167957.07633638915
1916,Manatee County,FL,12,2012-08-31,159985.16632244515
1957,Osceola County,FL,12,2012-08-31,118573.47716866444
219,Lake County,FL,12,2012-08-31,131130.10305762925
1638,Collier County,FL,12,2012-08-31,230765.46242517512
1161,Marion County,FL,12,2012-08-31,97822.96865725
3131,Saint Lucie County,FL,12,2012-08-31,103016.49391563496
2259,Escambia County,FL,12,2012-08-31,113146.80842415168
232,Leon County,FL,12,2012-08-31,148528.35929488533
1509,Alachua County,FL,12,2012-08-31,135232.6850959385
3128,Saint Johns County,FL,12,2012-08-31,209384.7363079756
118,Clay County,FL,12,2012-08-31,135365.37870786744
2460,Okaloosa County,FL,12,2012-08-31,164711.79627501045
2341,Hernando County,FL,12,2012-08-31,92617.29073207737
2650,Charlotte County,FL,12,2012-08-31,119160.59121348712
3026,Santa Rosa County,FL,12,2012-08-31,144434.83524229133
67,Bay County,FL,12,2012-08-31,147404.19111641342
3168,Indian River County,FL,12,2012-08-31,129173.88442162832
1176,Martin County,FL,12,2012-08-31,161449.44574655851
938,Citrus County,FL,12,2012-08-31,99931.17186374703
1409,Sumter County,FL,12,2012-08-31,192670.797275696
1707,Flagler County,FL,12,2012-08-31,138919.23408311247
2724,Highlands County,FL,12,2012-08-31,79675.52311855565
1251,Nassau County,FL,12,2012-08-31,187106.24320848988
1214,Monroe County,FL,12,2012-08-31,
1468,Walton County,FL,12,2012-08-31,250733.21333949952
1338,Putnam County,FL,12,2012-08-31,80672.72626833552
2212,Columbia County,FL,12,2012-08-31,106502.22525947452
1794,Jackson County,FL,12,2012-08-31,87158.62085054221
1717,Gadsden County,FL,12,2012-08-31,94715.30417746142
2570,Suwannee County,FL,12,2012-08-31,110332.77283827066
234,Levy County,FL,12,2012-08-31,103913.91356485196
2990,Okeechobee County,FL,12,2012-08-31,85688.86039519885
1093,Hendry County,FL,12,2012-08-31,70304.60337685102
1659,De Soto County,FL,12,2012-08-31,81596.61515097907
2066,Wakulla County,FL,12,2012-08-31,125895.95195080344
378,Baker County,FL,12,2012-08-31,123451.93644414251
2148,Bradford County,FL,12,2012-08-31,101793.86163789735
1076,Hardee County,FL,12,2012-08-31,78268.23466378347
3050,Washington County,FL,12,2012-08-31,85714.02018223325
1419,Taylor County,FL,12,2012-08-31,84759.5787922511
1094,Holmes County,FL,12,2012-08-31,89027.1334152408
1896,Madison County,FL,12,2012-08-31,90261.6978737178
2704,Gilchrist County,FL,12,2012-08-31,106026.26772240797
480,Dixie County,FL,12,2012-08-31,
762,Union County,FL,12,2012-08-31,98995.83797366214
169,Gulf County,FL,12,2012-08-31,147892.8522041264
2735,Jefferson County,FL,12,2012-08-31,127492.11324190046
2315,Hamilton County,FL,12,2012-08-31,77267.84972937139
1571,Calhoun County,FL,12,2012-08-31,87270.97852626587
2272,Franklin County,FL,12,2012-08-31,189314.8232958692
1042,Glades County,FL,12,2012-08-31,80657.71796922087
2769,Lafayette County,FL,12,2012-08-31,89351.31616606812
1858,Liberty County,FL,12,2012-08-31,88456.22156210178
2964,Miami-Dade County,FL,12,2012-09-30,161249.43506002155
1561,Broward County,FL,12,2012-09-30,137901.6802917393
2993,Palm Beach County,FL,12,2012-09-30,155807.33902947558
3165,Hillsborough County,FL,12,2012-09-30,126528.98259884078
1287,Orange County,FL,12,2012-09-30,131877.24419044968
489,Duval County,FL,12,2012-09-30,107498.65280328576
2480,Pinellas County,FL,12,2012-09-30,125021.75852463716
80,Lee County,FL,12,2012-09-30,140118.70444155906
285,Polk County,FL,12,2012-09-30,99081.22537635738
1556,Brevard County,FL,12,2012-09-30,114613.58188060868
669,Pasco County,FL,12,2012-09-30,113803.64238829126
2063,Volusia County,FL,12,2012-09-30,109655.58316045823
2538,Seminole County,FL,12,2012-09-30,138230.52534603432
2528,Sarasota County,FL,12,2012-09-30,168752.78230022037
1916,Manatee County,FL,12,2012-09-30,161019.8043933883
1957,Osceola County,FL,12,2012-09-30,120091.01624572568
219,Lake County,FL,12,2012-09-30,131471.5158252959
1638,Collier County,FL,12,2012-09-30,231538.3504959644
1161,Marion County,FL,12,2012-09-30,98147.70716914895
3131,Saint Lucie County,FL,12,2012-09-30,103635.53569309568
2259,Escambia County,FL,12,2012-09-30,113061.07185584836
232,Leon County,FL,12,2012-09-30,148028.35790957374
1509,Alachua County,FL,12,2012-09-30,134845.5055964735
3128,Saint Johns County,FL,12,2012-09-30,210159.2685618817
118,Clay County,FL,12,2012-09-30,135291.0937557236
2460,Okaloosa County,FL,12,2012-09-30,164884.0193746822
2341,Hernando County,FL,12,2012-09-30,92532.7636946449
2650,Charlotte County,FL,12,2012-09-30,119712.35198659087
3026,Santa Rosa County,FL,12,2012-09-30,144629.15461503278
67,Bay County,FL,12,2012-09-30,147380.14448826291
3168,Indian River County,FL,12,2012-09-30,129787.40561613617
1176,Martin County,FL,12,2012-09-30,161607.30626785554
938,Citrus County,FL,12,2012-09-30,99688.3137275934
1409,Sumter County,FL,12,2012-09-30,193125.0098105972
1707,Flagler County,FL,12,2012-09-30,139705.03316559448
2724,Highlands County,FL,12,2012-09-30,79049.75612174485
1251,Nassau County,FL,12,2012-09-30,186607.48768671395
1214,Monroe County,FL,12,2012-09-30,
1468,Walton County,FL,12,2012-09-30,252383.0946753033
1338,Putnam County,FL,12,2012-09-30,80049.55597721737
2212,Columbia County,FL,12,2012-09-30,106385.7083084804
1794,Jackson County,FL,12,2012-09-30,86532.39410791414
1717,Gadsden County,FL,12,2012-09-30,93651.91190434613
2570,Suwannee County,FL,12,2012-09-30,109552.2354950621
234,Levy County,FL,12,2012-09-30,103206.44032499708
2990,Okeechobee County,FL,12,2012-09-30,85553.12936048668
1093,Hendry County,FL,12,2012-09-30,70240.3977415755
1659,De Soto County,FL,12,2012-09-30,80841.07067762794
2066,Wakulla County,FL,12,2012-09-30,125860.44674165788
378,Baker County,FL,12,2012-09-30,123078.23521924004
2148,Bradford County,FL,12,2012-09-30,100853.5377868255
1076,Hardee County,FL,12,2012-09-30,77311.09452557778
3050,Washington County,FL,12,2012-09-30,85304.56081443897
1419,Taylor County,FL,12,2012-09-30,84474.46685136078
1094,Holmes County,FL,12,2012-09-30,88256.19485263825
1896,Madison County,FL,12,2012-09-30,89670.91060378635
2704,Gilchrist County,FL,12,2012-09-30,105103.76828733516
480,Dixie County,FL,12,2012-09-30,77188.48380919152
762,Union County,FL,12,2012-09-30,98461.29981010186
169,Gulf County,FL,12,2012-09-30,148457.14774933952
2735,Jefferson County,FL,12,2012-09-30,126443.96535655654
2315,Hamilton County,FL,12,2012-09-30,76920.40322770526
1571,Calhoun County,FL,12,2012-09-30,86696.26547131083
2272,Franklin County,FL,12,2012-09-30,188704.53873313128
1042,Glades County,FL,12,2012-09-30,79961.91206934392
2769,Lafayette County,FL,12,2012-09-30,89298.45920792858
1858,Liberty County,FL,12,2012-09-30,88072.43073065492
2964,Miami-Dade County,FL,12,2012-10-31,162713.07115516555
1561,Broward County,FL,12,2012-10-31,138785.66301391294
2993,Palm Beach County,FL,12,2012-10-31,156858.51133396386
3165,Hillsborough County,FL,12,2012-10-31,127694.0082056182
1287,Orange County,FL,12,2012-10-31,133529.4693831874
489,Duval County,FL,12,2012-10-31,107876.27804361728
2480,Pinellas County,FL,12,2012-10-31,125679.29312614356
80,Lee County,FL,12,2012-10-31,141394.84407683118
285,Polk County,FL,12,2012-10-31,99369.86892721952
1556,Brevard County,FL,12,2012-10-31,115069.38406366653
669,Pasco County,FL,12,2012-10-31,113667.87966007662
2063,Volusia County,FL,12,2012-10-31,110464.19332036962
2538,Seminole County,FL,12,2012-10-31,139321.08203393102
2528,Sarasota County,FL,12,2012-10-31,169152.93757027728
1916,Manatee County,FL,12,2012-10-31,162032.37454278689
1957,Osceola County,FL,12,2012-10-31,121705.78818524229
219,Lake County,FL,12,2012-10-31,132067.15777305918
1638,Collier County,FL,12,2012-10-31,232326.6110770921
1161,Marion County,FL,12,2012-10-31,98497.65260470896
3131,Saint Lucie County,FL,12,2012-10-31,104374.25706813853
2259,Escambia County,FL,12,2012-10-31,113051.43516034615
232,Leon County,FL,12,2012-10-31,147960.90268761883
1509,Alachua County,FL,12,2012-10-31,134664.51009303887
3128,Saint Johns County,FL,12,2012-10-31,210842.2906964156
118,Clay County,FL,12,2012-10-31,135496.40436224683
2460,Okaloosa County,FL,12,2012-10-31,165230.2305019044
2341,Hernando County,FL,12,2012-10-31,92530.38786746144
2650,Charlotte County,FL,12,2012-10-31,120474.2738847762
3026,Santa Rosa County,FL,12,2012-10-31,144780.94156585765
67,Bay County,FL,12,2012-10-31,147490.90218299403
3168,Indian River County,FL,12,2012-10-31,130346.16173882282
1176,Martin County,FL,12,2012-10-31,161760.2759893001
938,Citrus County,FL,12,2012-10-31,99328.56584859414
1409,Sumter County,FL,12,2012-10-31,193737.67399855083
1707,Flagler County,FL,12,2012-10-31,140445.98530064643
2724,Highlands County,FL,12,2012-10-31,78574.4763900892
1251,Nassau County,FL,12,2012-10-31,186480.3109843408
1214,Monroe County,FL,12,2012-10-31,
1468,Walton County,FL,12,2012-10-31,253735.8550832093
1338,Putnam County,FL,12,2012-10-31,79920.69629127352
2212,Columbia County,FL,12,2012-10-31,106650.64684985433
1794,Jackson County,FL,12,2012-10-31,86485.1633460528
1717,Gadsden County,FL,12,2012-10-31,92572.23362121292
2570,Suwannee County,FL,12,2012-10-31,109641.61632023672
234,Levy County,FL,12,2012-10-31,102974.61208800192
2990,Okeechobee County,FL,12,2012-10-31,85640.07232859547
1093,Hendry County,FL,12,2012-10-31,70264.13276668706
1659,De Soto County,FL,12,2012-10-31,80326.46306848689
2066,Wakulla County,FL,12,2012-10-31,125886.74582508278
378,Baker County,FL,12,2012-10-31,123165.08332489675
2148,Bradford County,FL,12,2012-10-31,100139.50858829149
1076,Hardee County,FL,12,2012-10-31,76682.30920787225
3050,Washington County,FL,12,2012-10-31,85379.38490550227
1419,Taylor County,FL,12,2012-10-31,85033.92456261232
1094,Holmes County,FL,12,2012-10-31,87768.20062356931
1896,Madison County,FL,12,2012-10-31,89478.22932100546
2704,Gilchrist County,FL,12,2012-10-31,104763.13053945715
480,Dixie County,FL,12,2012-10-31,77139.81198921111
762,Union County,FL,12,2012-10-31,98923.03606268932
169,Gulf County,FL,12,2012-10-31,148727.7055800898
2735,Jefferson County,FL,12,2012-10-31,126243.85964345292
2315,Hamilton County,FL,12,2012-10-31,76925.34461046672
1571,Calhoun County,FL,12,2012-10-31,87020.41725057655
2272,Franklin County,FL,12,2012-10-31,187743.524753868
1042,Glades County,FL,12,2012-10-31,79979.54595065975
2769,Lafayette County,FL,12,2012-10-31,90064.99481022441
1858,Liberty County,FL,12,2012-10-31,88095.66429391045
2964,Miami-Dade County,FL,12,2012-11-30,164416.3346796011
1561,Broward County,FL,12,2012-11-30,140131.93255733862
2993,Palm Beach County,FL,12,2012-11-30,158256.49743704477
3165,Hillsborough County,FL,12,2012-11-30,128999.59438180424
1287,Orange County,FL,12,2012-11-30,135321.47331648855
489,Duval County,FL,12,2012-11-30,108657.79945764596
2480,Pinellas County,FL,12,2012-11-30,126939.07235007186
80,Lee County,FL,12,2012-11-30,142790.23005015953
285,Polk County,FL,12,2012-11-30,99826.84163615917
1556,Brevard County,FL,12,2012-11-30,115978.9313128509
669,Pasco County,FL,12,2012-11-30,114039.19559590344
2063,Volusia County,FL,12,2012-11-30,111340.66999506469
2538,Seminole County,FL,12,2012-11-30,140582.89797020183
2528,Sarasota County,FL,12,2012-11-30,170031.74953353163
1916,Manatee County,FL,12,2012-11-30,162863.6810772141
1957,Osceola County,FL,12,2012-11-30,123207.19121938404
219,Lake County,FL,12,2012-11-30,132855.05793806224
1638,Collier County,FL,12,2012-11-30,233452.760719436
1161,Marion County,FL,12,2012-11-30,98936.31404691178
3131,Saint Lucie County,FL,12,2012-11-30,105261.57392695204
2259,Escambia County,FL,12,2012-11-30,113477.057166945
232,Leon County,FL,12,2012-11-30,148262.28962788978
1509,Alachua County,FL,12,2012-11-30,135093.2344680288
3128,Saint Johns County,FL,12,2012-11-30,211649.5731757118
118,Clay County,FL,12,2012-11-30,136118.74868128006
2460,Okaloosa County,FL,12,2012-11-30,166079.9328027794
2341,Hernando County,FL,12,2012-11-30,92633.07952809049
2650,Charlotte County,FL,12,2012-11-30,121708.24037887582
3026,Santa Rosa County,FL,12,2012-11-30,144942.92213038148
67,Bay County,FL,12,2012-11-30,148155.2906327569
3168,Indian River County,FL,12,2012-11-30,131050.81442661796
1176,Martin County,FL,12,2012-11-30,162352.07089041654
938,Citrus County,FL,12,2012-11-30,99138.34464792778
1409,Sumter County,FL,12,2012-11-30,194487.3518002959
1707,Flagler County,FL,12,2012-11-30,141212.3118233221
2724,Highlands County,FL,12,2012-11-30,78415.27014808838
1251,Nassau County,FL,12,2012-11-30,186524.2573731237
1214,Monroe County,FL,12,2012-11-30,
1468,Walton County,FL,12,2012-11-30,255207.4576074947
1338,Putnam County,FL,12,2012-11-30,80001.80423231535
2212,Columbia County,FL,12,2012-11-30,107077.48399189276
1794,Jackson County,FL,12,2012-11-30,86959.99242920017
1717,Gadsden County,FL,12,2012-11-30,91947.50844485732
2570,Suwannee County,FL,12,2012-11-30,110060.36273856869
234,Levy County,FL,12,2012-11-30,102793.19338493048
2990,Okeechobee County,FL,12,2012-11-30,85920.74028554995
1093,Hendry County,FL,12,2012-11-30,70624.8377595008
1659,De Soto County,FL,12,2012-11-30,80245.29076138571
2066,Wakulla County,FL,12,2012-11-30,126265.29740572482
378,Baker County,FL,12,2012-11-30,123637.41629607056
2148,Bradford County,FL,12,2012-11-30,99775.09564533865
1076,Hardee County,FL,12,2012-11-30,76710.59263032688
3050,Washington County,FL,12,2012-11-30,85775.71763143917
1419,Taylor County,FL,12,2012-11-30,85753.50197087949
1094,Holmes County,FL,12,2012-11-30,87317.81266331159
1896,Madison County,FL,12,2012-11-30,89775.66431243434
2704,Gilchrist County,FL,12,2012-11-30,104833.94272701496
480,Dixie County,FL,12,2012-11-30,77719.82924343184
762,Union County,FL,12,2012-11-30,100128.49086053576
169,Gulf County,FL,12,2012-11-30,149144.35977235247
2735,Jefferson County,FL,12,2012-11-30,127166.0329207544
2315,Hamilton County,FL,12,2012-11-30,77451.82263470965
1571,Calhoun County,FL,12,2012-11-30,88153.004872048
2272,Franklin County,FL,12,2012-11-30,187368.95751064853
1042,Glades County,FL,12,2012-11-30,80592.01192468863
2769,Lafayette County,FL,12,2012-11-30,91432.71863562736
1858,Liberty County,FL,12,2012-11-30,88463.85515891598
2964,Miami-Dade County,FL,12,2012-12-31,166295.53583589746
1561,Broward County,FL,12,2012-12-31,142049.80384680614
2993,Palm Beach County,FL,12,2012-12-31,159927.47792745245
3165,Hillsborough County,FL,12,2012-12-31,130580.212225691
1287,Orange County,FL,12,2012-12-31,137166.32090284277
489,Duval County,FL,12,2012-12-31,109830.9809703612
2480,Pinellas County,FL,12,2012-12-31,128784.12161774556
80,Lee County,FL,12,2012-12-31,144288.60451647654
285,Polk County,FL,12,2012-12-31,100775.39153976772
1556,Brevard County,FL,12,2012-12-31,117422.20829804352
669,Pasco County,FL,12,2012-12-31,114879.40120522224
2063,Volusia County,FL,12,2012-12-31,112408.1604643871
2538,Seminole County,FL,12,2012-12-31,142122.36723772803
2528,Sarasota County,FL,12,2012-12-31,171356.66214491864
1916,Manatee County,FL,12,2012-12-31,164028.4525015828
1957,Osceola County,FL,12,2012-12-31,124665.58257404766
219,Lake County,FL,12,2012-12-31,134006.0819913758
1638,Collier County,FL,12,2012-12-31,235866.54093495445
1161,Marion County,FL,12,2012-12-31,99409.66505276914
3131,Saint Lucie County,FL,12,2012-12-31,106494.40455601328
2259,Escambia County,FL,12,2012-12-31,113914.04585270384
232,Leon County,FL,12,2012-12-31,148975.4783140498
1509,Alachua County,FL,12,2012-12-31,135702.20543183535
3128,Saint Johns County,FL,12,2012-12-31,212690.5288546289
118,Clay County,FL,12,2012-12-31,137068.3032664151
2460,Okaloosa County,FL,12,2012-12-31,167062.65387834166
2341,Hernando County,FL,12,2012-12-31,93094.21093738131
2650,Charlotte County,FL,12,2012-12-31,123385.46124365654
3026,Santa Rosa County,FL,12,2012-12-31,145570.37689558158
67,Bay County,FL,12,2012-12-31,149147.95059076676
3168,Indian River County,FL,12,2012-12-31,131856.65095809908
1176,Martin County,FL,12,2012-12-31,163507.39816867388
938,Citrus County,FL,12,2012-12-31,99060.89370431469
1409,Sumter County,FL,12,2012-12-31,195318.9389362824
1707,Flagler County,FL,12,2012-12-31,142490.85533979637
2724,Highlands County,FL,12,2012-12-31,78419.18364326346
1251,Nassau County,FL,12,2012-12-31,187205.00244430592
1214,Monroe County,FL,12,2012-12-31,
1468,Walton County,FL,12,2012-12-31,257311.0101216116
1338,Putnam County,FL,12,2012-12-31,80190.21680901818
2212,Columbia County,FL,12,2012-12-31,107788.72846346472
1794,Jackson County,FL,12,2012-12-31,87647.49375487243
1717,Gadsden County,FL,12,2012-12-31,91751.1685376064
2570,Suwannee County,FL,12,2012-12-31,110367.44387330548
234,Levy County,FL,12,2012-12-31,102627.59542289125
2990,Okeechobee County,FL,12,2012-12-31,86049.04956032395
1093,Hendry County,FL,12,2012-12-31,71427.72873741297
1659,De Soto County,FL,12,2012-12-31,80467.8326293457
2066,Wakulla County,FL,12,2012-12-31,126749.78154314253
378,Baker County,FL,12,2012-12-31,124376.83964924852
2148,Bradford County,FL,12,2012-12-31,99690.2973563457
1076,Hardee County,FL,12,2012-12-31,77191.11982236947
3050,Washington County,FL,12,2012-12-31,86281.11283777202
1419,Taylor County,FL,12,2012-12-31,86535.28869386071
1094,Holmes County,FL,12,2012-12-31,86910.46500932012
1896,Madison County,FL,12,2012-12-31,90573.15624561398
2704,Gilchrist County,FL,12,2012-12-31,105246.6147175849
480,Dixie County,FL,12,2012-12-31,78429.81390665422
762,Union County,FL,12,2012-12-31,101227.01732491814
169,Gulf County,FL,12,2012-12-31,149913.36635070175
2735,Jefferson County,FL,12,2012-12-31,128864.5989536976
2315,Hamilton County,FL,12,2012-12-31,77929.87977266354
1571,Calhoun County,FL,12,2012-12-31,89771.4132024265
2272,Franklin County,FL,12,2012-12-31,187949.8075619856
1042,Glades County,FL,12,2012-12-31,81522.85495472308
2769,Lafayette County,FL,12,2012-12-31,92966.25250891564
1858,Liberty County,FL,12,2012-12-31,88739.73087083024
2964,Miami-Dade County,FL,12,2013-01-31,168611.15963215215
1561,Broward County,FL,12,2013-01-31,144707.35148238114
2993,Palm Beach County,FL,12,2013-01-31,161909.15676321802
3165,Hillsborough County,FL,12,2013-01-31,132140.58142057914
1287,Orange County,FL,12,2013-01-31,139104.8820043831
489,Duval County,FL,12,2013-01-31,110858.63780947676
2480,Pinellas County,FL,12,2013-01-31,130338.60084250144
80,Lee County,FL,12,2013-01-31,145802.03940960762
285,Polk County,FL,12,2013-01-31,101732.19531813751
1556,Brevard County,FL,12,2013-01-31,118863.47264482157
669,Pasco County,FL,12,2013-01-31,116039.82902957976
2063,Volusia County,FL,12,2013-01-31,113417.7891349008
2538,Seminole County,FL,12,2013-01-31,144060.2468275789
2528,Sarasota County,FL,12,2013-01-31,173121.5521484828
1916,Manatee County,FL,12,2013-01-31,165582.4699023182
1957,Osceola County,FL,12,2013-01-31,126179.41619099396
219,Lake County,FL,12,2013-01-31,135217.50374682577
1638,Collier County,FL,12,2013-01-31,238231.277808083
1161,Marion County,FL,12,2013-01-31,99932.60929512994
3131,Saint Lucie County,FL,12,2013-01-31,107844.9134591514
2259,Escambia County,FL,12,2013-01-31,114246.4705961734
232,Leon County,FL,12,2013-01-31,149610.35986713748
1509,Alachua County,FL,12,2013-01-31,136740.2372058825
3128,Saint Johns County,FL,12,2013-01-31,214063.3449883932
118,Clay County,FL,12,2013-01-31,138104.17387163398
2460,Okaloosa County,FL,12,2013-01-31,168322.30199807763
2341,Hernando County,FL,12,2013-01-31,93866.6884565058
2650,Charlotte County,FL,12,2013-01-31,125176.66731048455
3026,Santa Rosa County,FL,12,2013-01-31,146283.44686832174
67,Bay County,FL,12,2013-01-31,150440.43120978688
3168,Indian River County,FL,12,2013-01-31,132794.0369074487
1176,Martin County,FL,12,2013-01-31,165177.3037434873
938,Citrus County,FL,12,2013-01-31,99385.75318240988
1409,Sumter County,FL,12,2013-01-31,196388.2308063208
1707,Flagler County,FL,12,2013-01-31,144033.4723342881
2724,Highlands County,FL,12,2013-01-31,78388.4668719413
1251,Nassau County,FL,12,2013-01-31,188243.8466925615
1214,Monroe County,FL,12,2013-01-31,
1468,Walton County,FL,12,2013-01-31,259977.23394748653
1338,Putnam County,FL,12,2013-01-31,80322.83918135588
2212,Columbia County,FL,12,2013-01-31,108526.54156053317
1794,Jackson County,FL,12,2013-01-31,88348.3153032098
1717,Gadsden County,FL,12,2013-01-31,91797.9884604044
2570,Suwannee County,FL,12,2013-01-31,110336.88409449012
234,Levy County,FL,12,2013-01-31,102543.98964116452
2990,Okeechobee County,FL,12,2013-01-31,86191.93868961836
1093,Hendry County,FL,12,2013-01-31,72310.76252944676
1659,De Soto County,FL,12,2013-01-31,80638.04857762082
2066,Wakulla County,FL,12,2013-01-31,127058.09250583648
378,Baker County,FL,12,2013-01-31,124913.34444442535
2148,Bradford County,FL,12,2013-01-31,99936.59615321802
1076,Hardee County,FL,12,2013-01-31,77883.58765086239
3050,Washington County,FL,12,2013-01-31,86485.59828941978
1419,Taylor County,FL,12,2013-01-31,87339.41961275483
1094,Holmes County,FL,12,2013-01-31,86297.77421371978
1896,Madison County,FL,12,2013-01-31,91327.70378976064
2704,Gilchrist County,FL,12,2013-01-31,105789.01830089434
480,Dixie County,FL,12,2013-01-31,79072.64158095741
762,Union County,FL,12,2013-01-31,101737.89779219692
169,Gulf County,FL,12,2013-01-31,150162.66302335958
2735,Jefferson County,FL,12,2013-01-31,130410.83742433488
2315,Hamilton County,FL,12,2013-01-31,78217.85912585334
1571,Calhoun County,FL,12,2013-01-31,91413.6147295954
2272,Franklin County,FL,12,2013-01-31,189132.33143980824
1042,Glades County,FL,12,2013-01-31,82225.88460493016
2769,Lafayette County,FL,12,2013-01-31,94050.48879672048
1858,Liberty County,FL,12,2013-01-31,88915.67201572518
2964,Miami-Dade County,FL,12,2013-02-28,171226.30958843153
1561,Broward County,FL,12,2013-02-28,147355.05223345247
2993,Palm Beach County,FL,12,2013-02-28,163949.278201504
3165,Hillsborough County,FL,12,2013-02-28,133666.50079491976
1287,Orange County,FL,12,2013-02-28,140949.50313004866
489,Duval County,FL,12,2013-02-28,111820.61651452148
2480,Pinellas County,FL,12,2013-02-28,131558.36873751495
80,Lee County,FL,12,2013-02-28,147400.29351884595
285,Polk County,FL,12,2013-02-28,102760.87757613797
1556,Brevard County,FL,12,2013-02-28,120114.12670613594
669,Pasco County,FL,12,2013-02-28,117381.52584981808
2063,Volusia County,FL,12,2013-02-28,114433.80537682163
2538,Seminole County,FL,12,2013-02-28,146217.94051120846
2528,Sarasota County,FL,12,2013-02-28,174833.88738748967
1916,Manatee County,FL,12,2013-02-28,167615.84714941442
1957,Osceola County,FL,12,2013-02-28,127974.6290678041
219,Lake County,FL,12,2013-02-28,136580.97202004073
1638,Collier County,FL,12,2013-02-28,240292.60033743293
1161,Marion County,FL,12,2013-02-28,100475.87785026371
3131,Saint Lucie County,FL,12,2013-02-28,109168.4406321232
2259,Escambia County,FL,12,2013-02-28,114706.42436758534
232,Leon County,FL,12,2013-02-28,150318.66547449512
1509,Alachua County,FL,12,2013-02-28,137848.85870703871
3128,Saint Johns County,FL,12,2013-02-28,215541.7326585864
118,Clay County,FL,12,2013-02-28,138972.50636639932
2460,Okaloosa County,FL,12,2013-02-28,169336.0985740721
2341,Hernando County,FL,12,2013-02-28,94677.57578917852
2650,Charlotte County,FL,12,2013-02-28,126684.14911488647
3026,Santa Rosa County,FL,12,2013-02-28,147018.03653075185
67,Bay County,FL,12,2013-02-28,151933.819946175
3168,Indian River County,FL,12,2013-02-28,133925.90226914186
1176,Martin County,FL,12,2013-02-28,167095.76758591508
938,Citrus County,FL,12,2013-02-28,99698.07168003524
1409,Sumter County,FL,12,2013-02-28,197822.432221361
1707,Flagler County,FL,12,2013-02-28,145590.98716802706
2724,Highlands County,FL,12,2013-02-28,78503.15807630599
1251,Nassau County,FL,12,2013-02-28,189617.35307464152
1214,Monroe County,FL,12,2013-02-28,
1468,Walton County,FL,12,2013-02-28,262659.01106166124
1338,Putnam County,FL,12,2013-02-28,80659.60044832608
2212,Columbia County,FL,12,2013-02-28,109098.47633217786
1794,Jackson County,FL,12,2013-02-28,88778.86735672884
1717,Gadsden County,FL,12,2013-02-28,91767.69879091898
2570,Suwannee County,FL,12,2013-02-28,110073.88775979876
234,Levy County,FL,12,2013-02-28,102961.3691775068
2990,Okeechobee County,FL,12,2013-02-28,86332.48755022621
1093,Hendry County,FL,12,2013-02-28,73137.3110506143
1659,De Soto County,FL,12,2013-02-28,80865.07086434895
2066,Wakulla County,FL,12,2013-02-28,127265.3404452214
378,Baker County,FL,12,2013-02-28,125031.00227979192
2148,Bradford County,FL,12,2013-02-28,100320.34164961992
1076,Hardee County,FL,12,2013-02-28,78191.97778552842
3050,Washington County,FL,12,2013-02-28,86524.53331699973
1419,Taylor County,FL,12,2013-02-28,88118.43296397717
1094,Holmes County,FL,12,2013-02-28,85771.49696913493
1896,Madison County,FL,12,2013-02-28,91655.96913969786
2704,Gilchrist County,FL,12,2013-02-28,106447.37225590454
480,Dixie County,FL,12,2013-02-28,79810.28614708477
762,Union County,FL,12,2013-02-28,101821.14769284586
169,Gulf County,FL,12,2013-02-28,150524.48713800195
2735,Jefferson County,FL,12,2013-02-28,131080.29204309205
2315,Hamilton County,FL,12,2013-02-28,78341.43702960393
1571,Calhoun County,FL,12,2013-02-28,92151.19992236952
2272,Franklin County,FL,12,2013-02-28,190335.6389769097
1042,Glades County,FL,12,2013-02-28,82494.01421986918
2769,Lafayette County,FL,12,2013-02-28,95051.50821892156
1858,Liberty County,FL,12,2013-02-28,88943.80979750685
2964,Miami-Dade County,FL,12,2013-03-31,174050.91968415337
1561,Broward County,FL,12,2013-03-31,150067.95472118518
2993,Palm Beach County,FL,12,2013-03-31,166124.74600015636
3165,Hillsborough County,FL,12,2013-03-31,135194.3115110255
1287,Orange County,FL,12,2013-03-31,142715.82653219445
489,Duval County,FL,12,2013-03-31,112620.3144384288
2480,Pinellas County,FL,12,2013-03-31,132740.08320603138
80,Lee County,FL,12,2013-03-31,149045.904773006
285,Polk County,FL,12,2013-03-31,103962.85543164374
1556,Brevard County,FL,12,2013-03-31,121446.13740916913
669,Pasco County,FL,12,2013-03-31,118904.1977719384
2063,Volusia County,FL,12,2013-03-31,115571.46469653568
2538,Seminole County,FL,12,2013-03-31,148199.98971214666
2528,Sarasota County,FL,12,2013-03-31,177107.18037041705
1916,Manatee County,FL,12,2013-03-31,170021.13391589117
1957,Osceola County,FL,12,2013-03-31,130109.73305068568
219,Lake County,FL,12,2013-03-31,137955.61260756195
1638,Collier County,FL,12,2013-03-31,241890.95484703247
1161,Marion County,FL,12,2013-03-31,101204.32893799248
3131,Saint Lucie County,FL,12,2013-03-31,110342.06117891664
2259,Escambia County,FL,12,2013-03-31,115340.75432251109
232,Leon County,FL,12,2013-03-31,150764.89274903107
1509,Alachua County,FL,12,2013-03-31,138872.57523682827
3128,Saint Johns County,FL,12,2013-03-31,217238.1363726703
118,Clay County,FL,12,2013-03-31,139742.573613093
2460,Okaloosa County,FL,12,2013-03-31,170561.58380957376
2341,Hernando County,FL,12,2013-03-31,95628.94525885722
2650,Charlotte County,FL,12,2013-03-31,128026.44196508988
3026,Santa Rosa County,FL,12,2013-03-31,148000.68069806468
67,Bay County,FL,12,2013-03-31,153590.04488282825
3168,Indian River County,FL,12,2013-03-31,135302.00347621107
1176,Martin County,FL,12,2013-03-31,168815.73205859785
938,Citrus County,FL,12,2013-03-31,100251.32225580487
1409,Sumter County,FL,12,2013-03-31,199492.24034239387
1707,Flagler County,FL,12,2013-03-31,147018.18433407595
2724,Highlands County,FL,12,2013-03-31,78785.85299288185
1251,Nassau County,FL,12,2013-03-31,190968.8736754464
1214,Monroe County,FL,12,2013-03-31,
1468,Walton County,FL,12,2013-03-31,265452.0833490959
1338,Putnam County,FL,12,2013-03-31,81277.72224500965
2212,Columbia County,FL,12,2013-03-31,109338.3406240603
1794,Jackson County,FL,12,2013-03-31,89014.67041093537
1717,Gadsden County,FL,12,2013-03-31,91740.16639042668
2570,Suwannee County,FL,12,2013-03-31,110265.10538998984
234,Levy County,FL,12,2013-03-31,104066.00129726632
2990,Okeechobee County,FL,12,2013-03-31,86789.8227760883
1093,Hendry County,FL,12,2013-03-31,74084.05845414221
1659,De Soto County,FL,12,2013-03-31,81376.76761912642
2066,Wakulla County,FL,12,2013-03-31,127347.32066426075
378,Baker County,FL,12,2013-03-31,124980.78400630737
2148,Bradford County,FL,12,2013-03-31,101184.64095038892
1076,Hardee County,FL,12,2013-03-31,78814.75900608212
3050,Washington County,FL,12,2013-03-31,86347.903707931
1419,Taylor County,FL,12,2013-03-31,88890.23023234327
1094,Holmes County,FL,12,2013-03-31,85196.33477320959
1896,Madison County,FL,12,2013-03-31,91942.85454473004
2704,Gilchrist County,FL,12,2013-03-31,107258.60934407504
480,Dixie County,FL,12,2013-03-31,80604.76043505715
762,Union County,FL,12,2013-03-31,101857.36607114848
169,Gulf County,FL,12,2013-03-31,151244.45213809796
2735,Jefferson County,FL,12,2013-03-31,131337.36449137292
2315,Hamilton County,FL,12,2013-03-31,78403.47772162285
1571,Calhoun County,FL,12,2013-03-31,92408.21364706282
2272,Franklin County,FL,12,2013-03-31,191842.33770673443
1042,Glades County,FL,12,2013-03-31,82627.88004735287
2769,Lafayette County,FL,12,2013-03-31,95999.13153969204
1858,Liberty County,FL,12,2013-03-31,89242.59243853827
2964,Miami-Dade County,FL,12,2013-04-30,177177.97134425826
1561,Broward County,FL,12,2013-04-30,152408.31011280467
2993,Palm Beach County,FL,12,2013-04-30,168285.06172126127
3165,Hillsborough County,FL,12,2013-04-30,136884.41575388756
1287,Orange County,FL,12,2013-04-30,144675.8223937778
489,Duval County,FL,12,2013-04-30,113786.30975989526
2480,Pinellas County,FL,12,2013-04-30,134349.67916759054
80,Lee County,FL,12,2013-04-30,150856.7073249667
285,Polk County,FL,12,2013-04-30,105404.7277990365
1556,Brevard County,FL,12,2013-04-30,122941.64654779392
669,Pasco County,FL,12,2013-04-30,120584.36778455204
2063,Volusia County,FL,12,2013-04-30,117019.4978443768
2538,Seminole County,FL,12,2013-04-30,150115.7419396242
2528,Sarasota County,FL,12,2013-04-30,179656.8434857575
1916,Manatee County,FL,12,2013-04-30,172262.53205906975
1957,Osceola County,FL,12,2013-04-30,132298.3780456149
219,Lake County,FL,12,2013-04-30,139696.0055428122
1638,Collier County,FL,12,2013-04-30,243641.9422595445
1161,Marion County,FL,12,2013-04-30,102116.4438822078
3131,Saint Lucie County,FL,12,2013-04-30,111577.95115482013
2259,Escambia County,FL,12,2013-04-30,116177.14885459184
232,Leon County,FL,12,2013-04-30,151154.62448140836
1509,Alachua County,FL,12,2013-04-30,139552.4413899829
3128,Saint Johns County,FL,12,2013-04-30,219016.6179780628
118,Clay County,FL,12,2013-04-30,140513.39132377275
2460,Okaloosa County,FL,12,2013-04-30,171816.9450623537
2341,Hernando County,FL,12,2013-04-30,96594.45323957904
2650,Charlotte County,FL,12,2013-04-30,129562.03474120823
3026,Santa Rosa County,FL,12,2013-04-30,149094.7916554769
67,Bay County,FL,12,2013-04-30,155245.0083186346
3168,Indian River County,FL,12,2013-04-30,136588.9340063526
1176,Martin County,FL,12,2013-04-30,170423.14560525905
938,Citrus County,FL,12,2013-04-30,100790.28788755758
1409,Sumter County,FL,12,2013-04-30,201070.0911733973
1707,Flagler County,FL,12,2013-04-30,148398.77374557956
2724,Highlands County,FL,12,2013-04-30,79157.84726636195
1251,Nassau County,FL,12,2013-04-30,192477.5220368848
1214,Monroe County,FL,12,2013-04-30,
1468,Walton County,FL,12,2013-04-30,268190.1979993389
1338,Putnam County,FL,12,2013-04-30,81861.22711520559
2212,Columbia County,FL,12,2013-04-30,109339.62346082646
1794,Jackson County,FL,12,2013-04-30,89380.2614339754
1717,Gadsden County,FL,12,2013-04-30,91950.36746108349
2570,Suwannee County,FL,12,2013-04-30,110795.627197363
234,Levy County,FL,12,2013-04-30,105550.88279885828
2990,Okeechobee County,FL,12,2013-04-30,87284.37057994847
1093,Hendry County,FL,12,2013-04-30,75203.01812618539
1659,De Soto County,FL,12,2013-04-30,82239.45995473648
2066,Wakulla County,FL,12,2013-04-30,127559.28418363712
378,Baker County,FL,12,2013-04-30,125082.27583635804
2148,Bradford County,FL,12,2013-04-30,102033.0143546972
1076,Hardee County,FL,12,2013-04-30,79307.05907053442
3050,Washington County,FL,12,2013-04-30,86488.7748597087
1419,Taylor County,FL,12,2013-04-30,89469.91648977384
1094,Holmes County,FL,12,2013-04-30,85460.04282802407
1896,Madison County,FL,12,2013-04-30,92717.74478124484
2704,Gilchrist County,FL,12,2013-04-30,107642.8483248464
480,Dixie County,FL,12,2013-04-30,81419.76212557849
762,Union County,FL,12,2013-04-30,102378.63204096496
169,Gulf County,FL,12,2013-04-30,153298.00559439848
2735,Jefferson County,FL,12,2013-04-30,131641.6549833869
2315,Hamilton County,FL,12,2013-04-30,78484.45734749577
1571,Calhoun County,FL,12,2013-04-30,92644.66736834246
2272,Franklin County,FL,12,2013-04-30,193997.53118823245
1042,Glades County,FL,12,2013-04-30,83124.26193962431
2769,Lafayette County,FL,12,2013-04-30,96979.82392661332
1858,Liberty County,FL,12,2013-04-30,89625.98910197587
2964,Miami-Dade County,FL,12,2013-05-31,180237.1486861971
1561,Broward County,FL,12,2013-05-31,155146.59649025174
2993,Palm Beach County,FL,12,2013-05-31,170881.516352121
3165,Hillsborough County,FL,12,2013-05-31,138946.8283416624
1287,Orange County,FL,12,2013-05-31,147072.45707243928
489,Duval County,FL,12,2013-05-31,115328.55658353424
2480,Pinellas County,FL,12,2013-05-31,136489.631274816
80,Lee County,FL,12,2013-05-31,152961.82606735732
285,Polk County,FL,12,2013-05-31,107083.0121514584
1556,Brevard County,FL,12,2013-05-31,124557.14556022918
669,Pasco County,FL,12,2013-05-31,122514.20889652178
2063,Volusia County,FL,12,2013-05-31,118744.73263771432
2538,Seminole County,FL,12,2013-05-31,152358.2265385339
2528,Sarasota County,FL,12,2013-05-31,182449.88998813275
1916,Manatee County,FL,12,2013-05-31,174684.12698920074
1957,Osceola County,FL,12,2013-05-31,134882.3464601437
219,Lake County,FL,12,2013-05-31,141812.55906390652
1638,Collier County,FL,12,2013-05-31,245896.1784983472
1161,Marion County,FL,12,2013-05-31,103274.1230397953
3131,Saint Lucie County,FL,12,2013-05-31,113172.25148756796
2259,Escambia County,FL,12,2013-05-31,117131.6957944046
232,Leon County,FL,12,2013-05-31,151468.4490305998
1509,Alachua County,FL,12,2013-05-31,140163.42159460208
3128,Saint Johns County,FL,12,2013-05-31,221292.54670280463
118,Clay County,FL,12,2013-05-31,141690.17605695885
2460,Okaloosa County,FL,12,2013-05-31,173430.0615331653
2341,Hernando County,FL,12,2013-05-31,97819.76693481374
2650,Charlotte County,FL,12,2013-05-31,131423.73991793292
3026,Santa Rosa County,FL,12,2013-05-31,150546.54302455165
67,Bay County,FL,12,2013-05-31,156686.46212575262
3168,Indian River County,FL,12,2013-05-31,137869.5625115489
1176,Martin County,FL,12,2013-05-31,172157.06151740704
938,Citrus County,FL,12,2013-05-31,101650.5667147274
1409,Sumter County,FL,12,2013-05-31,202344.9661796078
1707,Flagler County,FL,12,2013-05-31,150138.26180708007
2724,Highlands County,FL,12,2013-05-31,79564.15772971408
1251,Nassau County,FL,12,2013-05-31,194445.6480536885
1214,Monroe County,FL,12,2013-05-31,
1468,Walton County,FL,12,2013-05-31,270828.17876814166
1338,Putnam County,FL,12,2013-05-31,82202.1937303281
2212,Columbia County,FL,12,2013-05-31,109420.39714102978
1794,Jackson County,FL,12,2013-05-31,89763.27653917164
1717,Gadsden County,FL,12,2013-05-31,92156.2240246032
2570,Suwannee County,FL,12,2013-05-31,111534.27448921408
234,Levy County,FL,12,2013-05-31,106844.8601417874
2990,Okeechobee County,FL,12,2013-05-31,87895.42130912784
1093,Hendry County,FL,12,2013-05-31,76361.36619292287
1659,De Soto County,FL,12,2013-05-31,83348.18657599483
2066,Wakulla County,FL,12,2013-05-31,127941.9184148811
378,Baker County,FL,12,2013-05-31,125815.87224937916
2148,Bradford County,FL,12,2013-05-31,102698.40526194086
1076,Hardee County,FL,12,2013-05-31,79887.79302423548
3050,Washington County,FL,12,2013-05-31,86875.75862012715
1419,Taylor County,FL,12,2013-05-31,90293.98608932432
1094,Holmes County,FL,12,2013-05-31,86180.56974299654
1896,Madison County,FL,12,2013-05-31,93575.37820535568
2704,Gilchrist County,FL,12,2013-05-31,108155.56994746665
480,Dixie County,FL,12,2013-05-31,82002.6925382203
762,Union County,FL,12,2013-05-31,103310.53105593492
169,Gulf County,FL,12,2013-05-31,155570.58395780495
2735,Jefferson County,FL,12,2013-05-31,131896.08664399246
2315,Hamilton County,FL,12,2013-05-31,78471.33211683911
1571,Calhoun County,FL,12,2013-05-31,92821.05818959344
2272,Franklin County,FL,12,2013-05-31,196845.9187474156
1042,Glades County,FL,12,2013-05-31,84223.4362508625
2769,Lafayette County,FL,12,2013-05-31,97640.57470574288
1858,Liberty County,FL,12,2013-05-31,89907.20974800836
2964,Miami-Dade County,FL,12,2013-06-30,183238.6723038552
1561,Broward County,FL,12,2013-06-30,157602.0035590292
2993,Palm Beach County,FL,12,2013-06-30,173613.59440736994
3165,Hillsborough County,FL,12,2013-06-30,141059.9151391247
1287,Orange County,FL,12,2013-06-30,149648.57018161993
489,Duval County,FL,12,2013-06-30,116982.75497371797
2480,Pinellas County,FL,12,2013-06-30,138490.92133311482
80,Lee County,FL,12,2013-06-30,155094.29171418815
285,Polk County,FL,12,2013-06-30,108744.86142759812
1556,Brevard County,FL,12,2013-06-30,125851.91215809109
669,Pasco County,FL,12,2013-06-30,124249.80177394292
2063,Volusia County,FL,12,2013-06-30,120307.20449750788
2538,Seminole County,FL,12,2013-06-30,154785.5383460791
2528,Sarasota County,FL,12,2013-06-30,184999.3300659112
1916,Manatee County,FL,12,2013-06-30,177180.2655076865
1957,Osceola County,FL,12,2013-06-30,137220.643130479
219,Lake County,FL,12,2013-06-30,144063.88585761705
1638,Collier County,FL,12,2013-06-30,248394.92987548653
1161,Marion County,FL,12,2013-06-30,104392.25571095097
3131,Saint Lucie County,FL,12,2013-06-30,115033.75060267052
2259,Escambia County,FL,12,2013-06-30,117966.22419170494
232,Leon County,FL,12,2013-06-30,151928.29888670114
1509,Alachua County,FL,12,2013-06-30,140624.79672081256
3128,Saint Johns County,FL,12,2013-06-30,223698.6759354688
118,Clay County,FL,12,2013-06-30,143177.83374611317
2460,Okaloosa County,FL,12,2013-06-30,174821.9900875469
2341,Hernando County,FL,12,2013-06-30,98827.7976757122
2650,Charlotte County,FL,12,2013-06-30,133471.60738938604
3026,Santa Rosa County,FL,12,2013-06-30,151898.00611887
67,Bay County,FL,12,2013-06-30,157744.70782459012
3168,Indian River County,FL,12,2013-06-30,139296.559739757
1176,Martin County,FL,12,2013-06-30,174117.99395488962
938,Citrus County,FL,12,2013-06-30,102522.69170287506
1409,Sumter County,FL,12,2013-06-30,203500.7041345285
1707,Flagler County,FL,12,2013-06-30,152328.407153398
2724,Highlands County,FL,12,2013-06-30,79904.0978501909
1251,Nassau County,FL,12,2013-06-30,196736.8947089978
1214,Monroe County,FL,12,2013-06-30,
1468,Walton County,FL,12,2013-06-30,273511.0471642017
1338,Putnam County,FL,12,2013-06-30,82013.2669420181
2212,Columbia County,FL,12,2013-06-30,109807.37809460046
1794,Jackson County,FL,12,2013-06-30,90103.89526182572
1717,Gadsden County,FL,12,2013-06-30,92182.29515834618
2570,Suwannee County,FL,12,2013-06-30,112249.46787758284
234,Levy County,FL,12,2013-06-30,107581.41706336204
2990,Okeechobee County,FL,12,2013-06-30,88451.52233905497
1093,Hendry County,FL,12,2013-06-30,77175.24534591268
1659,De Soto County,FL,12,2013-06-30,84467.51428382508
2066,Wakulla County,FL,12,2013-06-30,128549.6126939246
378,Baker County,FL,12,2013-06-30,126748.55318361592
2148,Bradford County,FL,12,2013-06-30,103034.89153765525
1076,Hardee County,FL,12,2013-06-30,80092.7620645304
3050,Washington County,FL,12,2013-06-30,87344.58887420075
1419,Taylor County,FL,12,2013-06-30,91077.01764311027
1094,Holmes County,FL,12,2013-06-30,87577.10893270311
1896,Madison County,FL,12,2013-06-30,94276.62137801012
2704,Gilchrist County,FL,12,2013-06-30,108670.7861522512
480,Dixie County,FL,12,2013-06-30,82652.61592741606
762,Union County,FL,12,2013-06-30,104043.0411185644
169,Gulf County,FL,12,2013-06-30,157269.14655930793
2735,Jefferson County,FL,12,2013-06-30,132354.95193013325
2315,Hamilton County,FL,12,2013-06-30,78439.39043029163
1571,Calhoun County,FL,12,2013-06-30,92828.11090626135
2272,Franklin County,FL,12,2013-06-30,199420.6510368641
1042,Glades County,FL,12,2013-06-30,85584.04798833765
2769,Lafayette County,FL,12,2013-06-30,98217.73167408005
1858,Liberty County,FL,12,2013-06-30,90545.93887249813
2964,Miami-Dade County,FL,12,2013-07-31,186191.6582141491
1561,Broward County,FL,12,2013-07-31,159949.22161792187
2993,Palm Beach County,FL,12,2013-07-31,176452.42205596194
3165,Hillsborough County,FL,12,2013-07-31,143299.85102434477
1287,Orange County,FL,12,2013-07-31,152035.5920390469
489,Duval County,FL,12,2013-07-31,118601.80489105634
2480,Pinellas County,FL,12,2013-07-31,140243.99541782532
80,Lee County,FL,12,2013-07-31,156994.98551672546
285,Polk County,FL,12,2013-07-31,110355.6298185488
1556,Brevard County,FL,12,2013-07-31,127180.02986520847
669,Pasco County,FL,12,2013-07-31,125741.00860061152
2063,Volusia County,FL,12,2013-07-31,121656.51414719332
2538,Seminole County,FL,12,2013-07-31,157170.3776769321
2528,Sarasota County,FL,12,2013-07-31,187391.4770602288
1916,Manatee County,FL,12,2013-07-31,179859.94896617506
1957,Osceola County,FL,12,2013-07-31,139795.09688146212
219,Lake County,FL,12,2013-07-31,146096.97755446436
1638,Collier County,FL,12,2013-07-31,250995.82064603045
1161,Marion County,FL,12,2013-07-31,105380.74179906173
3131,Saint Lucie County,FL,12,2013-07-31,116943.85689642125
2259,Escambia County,FL,12,2013-07-31,118711.02333298244
232,Leon County,FL,12,2013-07-31,152350.37981839254
1509,Alachua County,FL,12,2013-07-31,140829.35675000752
3128,Saint Johns County,FL,12,2013-07-31,226240.0536429631
118,Clay County,FL,12,2013-07-31,144695.27375444266
2460,Okaloosa County,FL,12,2013-07-31,175936.2842848856
2341,Hernando County,FL,12,2013-07-31,99787.6689083254
2650,Charlotte County,FL,12,2013-07-31,135159.3077965962
3026,Santa Rosa County,FL,12,2013-07-31,153130.37340082627
67,Bay County,FL,12,2013-07-31,158355.19777631215
3168,Indian River County,FL,12,2013-07-31,140870.40249959246
1176,Martin County,FL,12,2013-07-31,175927.20601187157
938,Citrus County,FL,12,2013-07-31,103166.1771347457
1409,Sumter County,FL,12,2013-07-31,204851.24285405595
1707,Flagler County,FL,12,2013-07-31,154670.1742883665
2724,Highlands County,FL,12,2013-07-31,80226.13541932918
1251,Nassau County,FL,12,2013-07-31,198705.9858728244
1214,Monroe County,FL,12,2013-07-31,
1468,Walton County,FL,12,2013-07-31,275883.70272843895
1338,Putnam County,FL,12,2013-07-31,81700.29342815622
2212,Columbia County,FL,12,2013-07-31,110311.14428836068
1794,Jackson County,FL,12,2013-07-31,89908.12432981301
1717,Gadsden County,FL,12,2013-07-31,91666.84058135684
2570,Suwannee County,FL,12,2013-07-31,112554.62154381588
234,Levy County,FL,12,2013-07-31,107817.37022199707
2990,Okeechobee County,FL,12,2013-07-31,88997.10685166594
1093,Hendry County,FL,12,2013-07-31,77581.72075297401
1659,De Soto County,FL,12,2013-07-31,85146.84183688885
2066,Wakulla County,FL,12,2013-07-31,129203.8092199006
378,Baker County,FL,12,2013-07-31,127776.1138600958
2148,Bradford County,FL,12,2013-07-31,103106.56228365112
1076,Hardee County,FL,12,2013-07-31,80011.09453491971
3050,Washington County,FL,12,2013-07-31,87387.55129339354
1419,Taylor County,FL,12,2013-07-31,91429.58453471152
1094,Holmes County,FL,12,2013-07-31,88560.30444433
1896,Madison County,FL,12,2013-07-31,94615.49045011715
2704,Gilchrist County,FL,12,2013-07-31,109171.0516182484
480,Dixie County,FL,12,2013-07-31,83116.08868034139
762,Union County,FL,12,2013-07-31,103841.3613506288
169,Gulf County,FL,12,2013-07-31,158044.37897120512
2735,Jefferson County,FL,12,2013-07-31,132606.85443523733
2315,Hamilton County,FL,12,2013-07-31,78461.51387948786
1571,Calhoun County,FL,12,2013-07-31,91746.281293972
2272,Franklin County,FL,12,2013-07-31,200812.7961784586
1042,Glades County,FL,12,2013-07-31,86652.69536072943
2769,Lafayette County,FL,12,2013-07-31,98463.35847295546
1858,Liberty County,FL,12,2013-07-31,90858.0963628702
2964,Miami-Dade County,FL,12,2013-08-31,189155.95706383887
1561,Broward County,FL,12,2013-08-31,161998.61648024933
2993,Palm Beach County,FL,12,2013-08-31,179279.97095674553
3165,Hillsborough County,FL,12,2013-08-31,145493.01962550683
1287,Orange County,FL,12,2013-08-31,154555.42407266013
489,Duval County,FL,12,2013-08-31,120195.3113736736
2480,Pinellas County,FL,12,2013-08-31,141655.2502910226
80,Lee County,FL,12,2013-08-31,158745.71630814407
285,Polk County,FL,12,2013-08-31,112050.87997203074
1556,Brevard County,FL,12,2013-08-31,128607.51098511732
669,Pasco County,FL,12,2013-08-31,127002.02981870675
2063,Volusia County,FL,12,2013-08-31,122994.62330975352
2538,Seminole County,FL,12,2013-08-31,159311.9668956237
2528,Sarasota County,FL,12,2013-08-31,189526.6374915583
1916,Manatee County,FL,12,2013-08-31,182379.22946422803
1957,Osceola County,FL,12,2013-08-31,142373.94474659467
219,Lake County,FL,12,2013-08-31,147948.12158485074
1638,Collier County,FL,12,2013-08-31,253692.19322509744
1161,Marion County,FL,12,2013-08-31,106328.97350942597
3131,Saint Lucie County,FL,12,2013-08-31,118906.36576703964
2259,Escambia County,FL,12,2013-08-31,119427.92876547812
232,Leon County,FL,12,2013-08-31,152785.12000045358
1509,Alachua County,FL,12,2013-08-31,140731.44742732515
3128,Saint Johns County,FL,12,2013-08-31,228648.1522452586
118,Clay County,FL,12,2013-08-31,146268.61538686938
2460,Okaloosa County,FL,12,2013-08-31,176589.6779147211
2341,Hernando County,FL,12,2013-08-31,100832.11856118368
2650,Charlotte County,FL,12,2013-08-31,136444.8780796737
3026,Santa Rosa County,FL,12,2013-08-31,154200.81941635592
67,Bay County,FL,12,2013-08-31,158687.69255803863
3168,Indian River County,FL,12,2013-08-31,142663.69053052604
1176,Martin County,FL,12,2013-08-31,177540.80930834045
938,Citrus County,FL,12,2013-08-31,103560.19020695478
1409,Sumter County,FL,12,2013-08-31,206440.750580432
1707,Flagler County,FL,12,2013-08-31,157167.96185372313
2724,Highlands County,FL,12,2013-08-31,80531.75260040276
1251,Nassau County,FL,12,2013-08-31,200285.65402826443
1214,Monroe County,FL,12,2013-08-31,
1468,Walton County,FL,12,2013-08-31,278456.2128148877
1338,Putnam County,FL,12,2013-08-31,81508.65947198767
2212,Columbia County,FL,12,2013-08-31,110648.74782118376
1794,Jackson County,FL,12,2013-08-31,89518.7347122375
1717,Gadsden County,FL,12,2013-08-31,91071.46927461306
2570,Suwannee County,FL,12,2013-08-31,112417.06753434095
234,Levy County,FL,12,2013-08-31,107964.01305724388
2990,Okeechobee County,FL,12,2013-08-31,89356.37547136389
1093,Hendry County,FL,12,2013-08-31,78218.92145782874
1659,De Soto County,FL,12,2013-08-31,85557.21693729032
2066,Wakulla County,FL,12,2013-08-31,129911.94788291372
378,Baker County,FL,12,2013-08-31,129165.95789143127
2148,Bradford County,FL,12,2013-08-31,103297.7185803873
1076,Hardee County,FL,12,2013-08-31,80053.42535341729
3050,Washington County,FL,12,2013-08-31,87254.34318916911
1419,Taylor County,FL,12,2013-08-31,91194.9511530623
1094,Holmes County,FL,12,2013-08-31,89270.63665836013
1896,Madison County,FL,12,2013-08-31,95284.93251886728
2704,Gilchrist County,FL,12,2013-08-31,109439.76368377123
480,Dixie County,FL,12,2013-08-31,83672.28851317031
762,Union County,FL,12,2013-08-31,103273.48686380984
169,Gulf County,FL,12,2013-08-31,158767.06168941534
2735,Jefferson County,FL,12,2013-08-31,133312.6103614311
2315,Hamilton County,FL,12,2013-08-31,78755.58636781953
1571,Calhoun County,FL,12,2013-08-31,90819.59502508109
2272,Franklin County,FL,12,2013-08-31,200993.31993842867
1042,Glades County,FL,12,2013-08-31,87419.92698202426
2769,Lafayette County,FL,12,2013-08-31,98498.15915488813
1858,Liberty County,FL,12,2013-08-31,91257.28009873322
2964,Miami-Dade County,FL,12,2013-09-30,192069.2469966749
1561,Broward County,FL,12,2013-09-30,164078.15874283432
2993,Palm Beach County,FL,12,2013-09-30,182026.40400788464
3165,Hillsborough County,FL,12,2013-09-30,147585.17869091555
1287,Orange County,FL,12,2013-09-30,157242.66871218235
489,Duval County,FL,12,2013-09-30,121638.68631009028
2480,Pinellas County,FL,12,2013-09-30,142870.4512976932
80,Lee County,FL,12,2013-09-30,160565.7222196367
285,Polk County,FL,12,2013-09-30,113554.73042944842
1556,Brevard County,FL,12,2013-09-30,130068.66612052728
669,Pasco County,FL,12,2013-09-30,128257.52078401236
2063,Volusia County,FL,12,2013-09-30,124364.54691132804
2538,Seminole County,FL,12,2013-09-30,161393.51745749934
2528,Sarasota County,FL,12,2013-09-30,191283.59244164315
1916,Manatee County,FL,12,2013-09-30,184708.2273422624
1957,Osceola County,FL,12,2013-09-30,145339.85384527314
219,Lake County,FL,12,2013-09-30,149797.1321256288
1638,Collier County,FL,12,2013-09-30,256394.05327758545
1161,Marion County,FL,12,2013-09-30,107168.38260383368
3131,Saint Lucie County,FL,12,2013-09-30,120725.07577168116
2259,Escambia County,FL,12,2013-09-30,120220.62651177052
232,Leon County,FL,12,2013-09-30,153036.5254743893
1509,Alachua County,FL,12,2013-09-30,140758.35465916747
3128,Saint Johns County,FL,12,2013-09-30,231030.02558895783
118,Clay County,FL,12,2013-09-30,147536.41249398352
2460,Okaloosa County,FL,12,2013-09-30,177415.96314370798
2341,Hernando County,FL,12,2013-09-30,101775.6159361396
2650,Charlotte County,FL,12,2013-09-30,137673.47684466874
3026,Santa Rosa County,FL,12,2013-09-30,154909.9625147182
67,Bay County,FL,12,2013-09-30,158940.93377947994
3168,Indian River County,FL,12,2013-09-30,144207.63973494628
1176,Martin County,FL,12,2013-09-30,178972.86791106182
938,Citrus County,FL,12,2013-09-30,103690.8244871036
1409,Sumter County,FL,12,2013-09-30,208371.8506666981
1707,Flagler County,FL,12,2013-09-30,159414.42043178322
2724,Highlands County,FL,12,2013-09-30,80858.9681550807
1251,Nassau County,FL,12,2013-09-30,201369.4477798348
1214,Monroe County,FL,12,2013-09-30,
1468,Walton County,FL,12,2013-09-30,281092.9107648591
1338,Putnam County,FL,12,2013-09-30,81324.36389661448
2212,Columbia County,FL,12,2013-09-30,110261.7596946214
1794,Jackson County,FL,12,2013-09-30,88836.28095825236
1717,Gadsden County,FL,12,2013-09-30,90326.39694949715
2570,Suwannee County,FL,12,2013-09-30,111432.29791676564
234,Levy County,FL,12,2013-09-30,107950.33733118587
2990,Okeechobee County,FL,12,2013-09-30,89454.72473072111
1093,Hendry County,FL,12,2013-09-30,78978.45810353587
1659,De Soto County,FL,12,2013-09-30,85472.5512088517
2066,Wakulla County,FL,12,2013-09-30,130270.24276520788
378,Baker County,FL,12,2013-09-30,130275.73519564047
2148,Bradford County,FL,12,2013-09-30,103287.56634028789
1076,Hardee County,FL,12,2013-09-30,79797.44233976248
3050,Washington County,FL,12,2013-09-30,86898.64426470984
1419,Taylor County,FL,12,2013-09-30,90660.78631594928
1094,Holmes County,FL,12,2013-09-30,89635.86519118266
1896,Madison County,FL,12,2013-09-30,95600.70174093696
2704,Gilchrist County,FL,12,2013-09-30,109243.76502813325
480,Dixie County,FL,12,2013-09-30,83701.78184376897
762,Union County,FL,12,2013-09-30,102255.1607018361
169,Gulf County,FL,12,2013-09-30,159634.8573150186
2735,Jefferson County,FL,12,2013-09-30,133518.67395736722
2315,Hamilton County,FL,12,2013-09-30,79300.7096677872
1571,Calhoun County,FL,12,2013-09-30,89252.78110380836
2272,Franklin County,FL,12,2013-09-30,201244.0127670296
1042,Glades County,FL,12,2013-09-30,87813.66887692298
2769,Lafayette County,FL,12,2013-09-30,97923.66694430805
1858,Liberty County,FL,12,2013-09-30,90597.3431348546
2964,Miami-Dade County,FL,12,2013-10-31,194764.89438675184
1561,Broward County,FL,12,2013-10-31,166347.91551148324
2993,Palm Beach County,FL,12,2013-10-31,184906.1764776649
3165,Hillsborough County,FL,12,2013-10-31,149667.36167778436
1287,Orange County,FL,12,2013-10-31,160184.8229326468
489,Duval County,FL,12,2013-10-31,123098.24402212632
2480,Pinellas County,FL,12,2013-10-31,144402.3985707875
80,Lee County,FL,12,2013-10-31,162556.84293148678
285,Polk County,FL,12,2013-10-31,115088.93200889768
1556,Brevard County,FL,12,2013-10-31,131396.02941764743
669,Pasco County,FL,12,2013-10-31,129663.71170964166
2063,Volusia County,FL,12,2013-10-31,125877.19295399867
2538,Seminole County,FL,12,2013-10-31,163485.41547438482
2528,Sarasota County,FL,12,2013-10-31,192718.3057626885
1916,Manatee County,FL,12,2013-10-31,187167.3667220133
1957,Osceola County,FL,12,2013-10-31,148241.7887209511
219,Lake County,FL,12,2013-10-31,151574.59010245197
1638,Collier County,FL,12,2013-10-31,259399.9375593392
1161,Marion County,FL,12,2013-10-31,107740.00686431336
3131,Saint Lucie County,FL,12,2013-10-31,122699.96878345504
2259,Escambia County,FL,12,2013-10-31,121019.37320357146
232,Leon County,FL,12,2013-10-31,153560.6341826458
1509,Alachua County,FL,12,2013-10-31,140971.91417003414
3128,Saint Johns County,FL,12,2013-10-31,233411.3418549888
118,Clay County,FL,12,2013-10-31,148821.66320173466
2460,Okaloosa County,FL,12,2013-10-31,178042.75163859036
2341,Hernando County,FL,12,2013-10-31,102721.22495641772
2650,Charlotte County,FL,12,2013-10-31,139027.85283829886
3026,Santa Rosa County,FL,12,2013-10-31,155789.01339676473
67,Bay County,FL,12,2013-10-31,159289.7977972276
3168,Indian River County,FL,12,2013-10-31,145878.91082414612
1176,Martin County,FL,12,2013-10-31,180536.05514963888
938,Citrus County,FL,12,2013-10-31,103898.36039403104
1409,Sumter County,FL,12,2013-10-31,210652.7292086373
1707,Flagler County,FL,12,2013-10-31,161656.8980873795
2724,Highlands County,FL,12,2013-10-31,81291.89283258027
1251,Nassau County,FL,12,2013-10-31,202592.7227219873
1214,Monroe County,FL,12,2013-10-31,
1468,Walton County,FL,12,2013-10-31,283623.61443849787
1338,Putnam County,FL,12,2013-10-31,81283.09043126153
2212,Columbia County,FL,12,2013-10-31,109913.73240245492
1794,Jackson County,FL,12,2013-10-31,88344.47873765115
1717,Gadsden County,FL,12,2013-10-31,89742.72549784432
2570,Suwannee County,FL,12,2013-10-31,110597.85947843317
234,Levy County,FL,12,2013-10-31,108357.23372675366
2990,Okeechobee County,FL,12,2013-10-31,89474.94731429442
1093,Hendry County,FL,12,2013-10-31,79804.07606664312
1659,De Soto County,FL,12,2013-10-31,85541.28550152517
2066,Wakulla County,FL,12,2013-10-31,130475.43860292392
378,Baker County,FL,12,2013-10-31,131249.37616211938
2148,Bradford County,FL,12,2013-10-31,103408.8789487002
1076,Hardee County,FL,12,2013-10-31,79558.54112652164
3050,Washington County,FL,12,2013-10-31,86983.07637050199
1419,Taylor County,FL,12,2013-10-31,90319.1504708466
1094,Holmes County,FL,12,2013-10-31,90241.49138459512
1896,Madison County,FL,12,2013-10-31,95593.4706158418
2704,Gilchrist County,FL,12,2013-10-31,109367.95501290572
480,Dixie County,FL,12,2013-10-31,82915.02395709911
762,Union County,FL,12,2013-10-31,102169.4268679634
169,Gulf County,FL,12,2013-10-31,160680.25342790695
2735,Jefferson County,FL,12,2013-10-31,133762.0722636577
2315,Hamilton County,FL,12,2013-10-31,79886.37003760443
1571,Calhoun County,FL,12,2013-10-31,88922.73831946927
2272,Franklin County,FL,12,2013-10-31,201620.59638976748
1042,Glades County,FL,12,2013-10-31,88239.47977081644
2769,Lafayette County,FL,12,2013-10-31,97882.96123921189
1858,Liberty County,FL,12,2013-10-31,90066.10185677589
2964,Miami-Dade County,FL,12,2013-11-30,197216.3337570119
1561,Broward County,FL,12,2013-11-30,168386.88552821134
2993,Palm Beach County,FL,12,2013-11-30,187474.57931745204
3165,Hillsborough County,FL,12,2013-11-30,151521.66821023822
1287,Orange County,FL,12,2013-11-30,162635.9585875776
489,Duval County,FL,12,2013-11-30,124180.11344625877
2480,Pinellas County,FL,12,2013-11-30,145875.28255876
80,Lee County,FL,12,2013-11-30,164104.5345289146
285,Polk County,FL,12,2013-11-30,116404.25213425203
1556,Brevard County,FL,12,2013-11-30,132579.61909420512
669,Pasco County,FL,12,2013-11-30,130930.17848147004
2063,Volusia County,FL,12,2013-11-30,127122.42417432946
2538,Seminole County,FL,12,2013-11-30,165283.507998529
2528,Sarasota County,FL,12,2013-11-30,194211.43939185096
1916,Manatee County,FL,12,2013-11-30,188979.890067262
1957,Osceola County,FL,12,2013-11-30,150593.55960290044
219,Lake County,FL,12,2013-11-30,152963.79541803294
1638,Collier County,FL,12,2013-11-30,262092.1489969565
1161,Marion County,FL,12,2013-11-30,108030.5784938594
3131,Saint Lucie County,FL,12,2013-11-30,124307.02954226513
2259,Escambia County,FL,12,2013-11-30,121688.20399865416
232,Leon County,FL,12,2013-11-30,153942.1695848411
1509,Alachua County,FL,12,2013-11-30,141297.0042979417
3128,Saint Johns County,FL,12,2013-11-30,235220.30575335608
118,Clay County,FL,12,2013-11-30,149752.20420860473
2460,Okaloosa County,FL,12,2013-11-30,178760.00164792806
2341,Hernando County,FL,12,2013-11-30,103254.70181027136
2650,Charlotte County,FL,12,2013-11-30,140529.33448276893
3026,Santa Rosa County,FL,12,2013-11-30,156439.1739020019
67,Bay County,FL,12,2013-11-30,159489.6032865711
3168,Indian River County,FL,12,2013-11-30,147310.32799295793
1176,Martin County,FL,12,2013-11-30,181850.5090875385
938,Citrus County,FL,12,2013-11-30,104039.03006457974
1409,Sumter County,FL,12,2013-11-30,212899.74795199363
1707,Flagler County,FL,12,2013-11-30,163408.46797785908
2724,Highlands County,FL,12,2013-11-30,81471.5253929759
1251,Nassau County,FL,12,2013-11-30,203598.77566888745
1214,Monroe County,FL,12,2013-11-30,
1468,Walton County,FL,12,2013-11-30,285094.0241348603
1338,Putnam County,FL,12,2013-11-30,80807.80182904114
2212,Columbia County,FL,12,2013-11-30,109644.59071293518
1794,Jackson County,FL,12,2013-11-30,87942.07213888907
1717,Gadsden County,FL,12,2013-11-30,88958.19396947832
2570,Suwannee County,FL,12,2013-11-30,110047.6594459907
234,Levy County,FL,12,2013-11-30,108509.29454344268
2990,Okeechobee County,FL,12,2013-11-30,89424.67291184697
1093,Hendry County,FL,12,2013-11-30,80476.97613255735
1659,De Soto County,FL,12,2013-11-30,85491.41687634711
2066,Wakulla County,FL,12,2013-11-30,130314.7864526186
378,Baker County,FL,12,2013-11-30,131952.32124916217
2148,Bradford County,FL,12,2013-11-30,103432.53644318074
1076,Hardee County,FL,12,2013-11-30,79280.91338553459
3050,Washington County,FL,12,2013-11-30,86757.05734252637
1419,Taylor County,FL,12,2013-11-30,90133.44942054084
1094,Holmes County,FL,12,2013-11-30,90722.28023749222
1896,Madison County,FL,12,2013-11-30,95046.20619316732
2704,Gilchrist County,FL,12,2013-11-30,109519.50802260789
480,Dixie County,FL,12,2013-11-30,81569.23975487472
762,Union County,FL,12,2013-11-30,102435.34567179826
169,Gulf County,FL,12,2013-11-30,161277.31459518147
2735,Jefferson County,FL,12,2013-11-30,133636.2434342088
2315,Hamilton County,FL,12,2013-11-30,80194.4346275502
1571,Calhoun County,FL,12,2013-11-30,88897.79239823138
2272,Franklin County,FL,12,2013-11-30,201865.0174848192
1042,Glades County,FL,12,2013-11-30,88680.75729175407
2769,Lafayette County,FL,12,2013-11-30,98002.64202056092
1858,Liberty County,FL,12,2013-11-30,89358.39700465287
2964,Miami-Dade County,FL,12,2013-12-31,199492.0584533983
1561,Broward County,FL,12,2013-12-31,170420.2579652207
2993,Palm Beach County,FL,12,2013-12-31,190115.6570451916
3165,Hillsborough County,FL,12,2013-12-31,153299.1960970728
1287,Orange County,FL,12,2013-12-31,164855.63522843353
489,Duval County,FL,12,2013-12-31,125471.15880002588
2480,Pinellas County,FL,12,2013-12-31,147528.8871129067
80,Lee County,FL,12,2013-12-31,165367.64777676412
285,Polk County,FL,12,2013-12-31,117776.4584685469
1556,Brevard County,FL,12,2013-12-31,133816.4197209179
669,Pasco County,FL,12,2013-12-31,132269.46243498087
2063,Volusia County,FL,12,2013-12-31,128355.31898452142
2538,Seminole County,FL,12,2013-12-31,166990.095302109
2528,Sarasota County,FL,12,2013-12-31,195887.1185724351
1916,Manatee County,FL,12,2013-12-31,190577.0499183045
1957,Osceola County,FL,12,2013-12-31,152594.72644961384
219,Lake County,FL,12,2013-12-31,154162.7200791526
1638,Collier County,FL,12,2013-12-31,265210.29074158205
1161,Marion County,FL,12,2013-12-31,108186.04567021494
3131,Saint Lucie County,FL,12,2013-12-31,126081.39546910538
2259,Escambia County,FL,12,2013-12-31,122235.4704927402
232,Leon County,FL,12,2013-12-31,154736.8141342553
1509,Alachua County,FL,12,2013-12-31,141791.38584185136
3128,Saint Johns County,FL,12,2013-12-31,236863.98137155827
118,Clay County,FL,12,2013-12-31,150814.97236525358
2460,Okaloosa County,FL,12,2013-12-31,179203.31879442403
2341,Hernando County,FL,12,2013-12-31,103928.27821781726
2650,Charlotte County,FL,12,2013-12-31,141930.7826556293
3026,Santa Rosa County,FL,12,2013-12-31,157288.68426544484
67,Bay County,FL,12,2013-12-31,159878.4752885317
3168,Indian River County,FL,12,2013-12-31,148775.6201311512
1176,Martin County,FL,12,2013-12-31,183383.5412350735
938,Citrus County,FL,12,2013-12-31,104222.57657256644
1409,Sumter County,FL,12,2013-12-31,215045.9522791101
1707,Flagler County,FL,12,2013-12-31,165041.1474520435
2724,Highlands County,FL,12,2013-12-31,81629.65269158885
1251,Nassau County,FL,12,2013-12-31,204865.09689734844
1214,Monroe County,FL,12,2013-12-31,
1468,Walton County,FL,12,2013-12-31,286541.1318944847
1338,Putnam County,FL,12,2013-12-31,80637.52349024545
2212,Columbia County,FL,12,2013-12-31,109970.17369508633
1794,Jackson County,FL,12,2013-12-31,87780.72229865409
1717,Gadsden County,FL,12,2013-12-31,88442.09309420492
2570,Suwannee County,FL,12,2013-12-31,109957.07541486066
234,Levy County,FL,12,2013-12-31,108671.6071682049
2990,Okeechobee County,FL,12,2013-12-31,89508.803344155
1093,Hendry County,FL,12,2013-12-31,81218.32687499687
1659,De Soto County,FL,12,2013-12-31,85993.03746908931
2066,Wakulla County,FL,12,2013-12-31,130524.00286149528
378,Baker County,FL,12,2013-12-31,132710.17305909007
2148,Bradford County,FL,12,2013-12-31,103480.39439398244
1076,Hardee County,FL,12,2013-12-31,79443.92919577536
3050,Washington County,FL,12,2013-12-31,86821.08507389353
1419,Taylor County,FL,12,2013-12-31,90153.8714113516
1094,Holmes County,FL,12,2013-12-31,91444.9544691852
1896,Madison County,FL,12,2013-12-31,95015.70093775397
2704,Gilchrist County,FL,12,2013-12-31,109966.38547020667
480,Dixie County,FL,12,2013-12-31,80523.24957584373
762,Union County,FL,12,2013-12-31,103315.5306163185
169,Gulf County,FL,12,2013-12-31,162361.8335608599
2735,Jefferson County,FL,12,2013-12-31,133671.8034016644
2315,Hamilton County,FL,12,2013-12-31,80449.91274835904
1571,Calhoun County,FL,12,2013-12-31,90114.37986307702
2272,Franklin County,FL,12,2013-12-31,201634.94570789405
1042,Glades County,FL,12,2013-12-31,89431.06756018742
2769,Lafayette County,FL,12,2013-12-31,98614.68260926446
1858,Liberty County,FL,12,2013-12-31,89528.09914373013
2964,Miami-Dade County,FL,12,2014-01-31,201318.1905202189
1561,Broward County,FL,12,2014-01-31,172465.58553604354
2993,Palm Beach County,FL,12,2014-01-31,192657.74573537044
3165,Hillsborough County,FL,12,2014-01-31,154672.2095751709
1287,Orange County,FL,12,2014-01-31,167049.9598909155
489,Duval County,FL,12,2014-01-31,126585.38345265576
2480,Pinellas County,FL,12,2014-01-31,148482.98343178284
80,Lee County,FL,12,2014-01-31,166438.5951706549
285,Polk County,FL,12,2014-01-31,119008.13167241016
1556,Brevard County,FL,12,2014-01-31,135146.55814309808
669,Pasco County,FL,12,2014-01-31,133513.0144310743
2063,Volusia County,FL,12,2014-01-31,129387.41287567998
2538,Seminole County,FL,12,2014-01-31,168503.97598662958
2528,Sarasota County,FL,12,2014-01-31,197670.8924441013
1916,Manatee County,FL,12,2014-01-31,191963.97327525888
1957,Osceola County,FL,12,2014-01-31,154434.10708445185
219,Lake County,FL,12,2014-01-31,155418.5145197771
1638,Collier County,FL,12,2014-01-31,268001.6975860833
1161,Marion County,FL,12,2014-01-31,108465.79516243872
3131,Saint Lucie County,FL,12,2014-01-31,127745.76840743126
2259,Escambia County,FL,12,2014-01-31,122686.88520633215
232,Leon County,FL,12,2014-01-31,155353.41055393763
1509,Alachua County,FL,12,2014-01-31,142716.39822209792
3128,Saint Johns County,FL,12,2014-01-31,238834.9171281676
118,Clay County,FL,12,2014-01-31,152003.35189318447
2460,Okaloosa County,FL,12,2014-01-31,179884.20975857865
2341,Hernando County,FL,12,2014-01-31,104575.85194695478
2650,Charlotte County,FL,12,2014-01-31,142997.83290944822
3026,Santa Rosa County,FL,12,2014-01-31,158224.8661844696
67,Bay County,FL,12,2014-01-31,160807.21887574423
3168,Indian River County,FL,12,2014-01-31,150158.84619659677
1176,Martin County,FL,12,2014-01-31,185370.78269129773
938,Citrus County,FL,12,2014-01-31,104657.17636870989
1409,Sumter County,FL,12,2014-01-31,217087.75040339085
1707,Flagler County,FL,12,2014-01-31,166638.13865805283
2724,Highlands County,FL,12,2014-01-31,81765.90884774883
1251,Nassau County,FL,12,2014-01-31,206538.6580928765
1214,Monroe County,FL,12,2014-01-31,
1468,Walton County,FL,12,2014-01-31,288923.3958014201
1338,Putnam County,FL,12,2014-01-31,80647.88800452737
2212,Columbia County,FL,12,2014-01-31,110662.06576497096
1794,Jackson County,FL,12,2014-01-31,87784.84513483492
1717,Gadsden County,FL,12,2014-01-31,88579.92358110395
2570,Suwannee County,FL,12,2014-01-31,110148.28647863002
234,Levy County,FL,12,2014-01-31,108787.7257537068
2990,Okeechobee County,FL,12,2014-01-31,89715.76692389337
1093,Hendry County,FL,12,2014-01-31,81929.89159205051
1659,De Soto County,FL,12,2014-01-31,86637.76211611673
2066,Wakulla County,FL,12,2014-01-31,131011.08204851882
378,Baker County,FL,12,2014-01-31,133537.93143083746
2148,Bradford County,FL,12,2014-01-31,103869.62760751456
1076,Hardee County,FL,12,2014-01-31,79772.1889756118
3050,Washington County,FL,12,2014-01-31,86973.81285745012
1419,Taylor County,FL,12,2014-01-31,90079.36422129675
1094,Holmes County,FL,12,2014-01-31,92211.06423056118
1896,Madison County,FL,12,2014-01-31,95177.51061841378
2704,Gilchrist County,FL,12,2014-01-31,110792.88945196405
480,Dixie County,FL,12,2014-01-31,81015.73722054555
762,Union County,FL,12,2014-01-31,104040.06955016748
169,Gulf County,FL,12,2014-01-31,163752.37774147355
2735,Jefferson County,FL,12,2014-01-31,133729.09142078945
2315,Hamilton County,FL,12,2014-01-31,80666.7092170735
1571,Calhoun County,FL,12,2014-01-31,91435.97091355872
2272,Franklin County,FL,12,2014-01-31,201947.26425444885
1042,Glades County,FL,12,2014-01-31,90400.14500461316
2769,Lafayette County,FL,12,2014-01-31,99348.51168151894
1858,Liberty County,FL,12,2014-01-31,90175.26927800286
2964,Miami-Dade County,FL,12,2014-02-28,203228.58923891265
1561,Broward County,FL,12,2014-02-28,174517.9352750232
2993,Palm Beach County,FL,12,2014-02-28,195259.64096682976
3165,Hillsborough County,FL,12,2014-02-28,156074.0398227605
1287,Orange County,FL,12,2014-02-28,169413.50940052417
489,Duval County,FL,12,2014-02-28,127914.47878569012
2480,Pinellas County,FL,12,2014-02-28,149309.06080569956
80,Lee County,FL,12,2014-02-28,167726.30197315986
285,Polk County,FL,12,2014-02-28,120202.82030793774
1556,Brevard County,FL,12,2014-02-28,136514.06693194137
669,Pasco County,FL,12,2014-02-28,134918.03987208795
2063,Volusia County,FL,12,2014-02-28,130491.62104799012
2538,Seminole County,FL,12,2014-02-28,170112.1570659054
2528,Sarasota County,FL,12,2014-02-28,199122.5088689448
1916,Manatee County,FL,12,2014-02-28,193770.4826348773
1957,Osceola County,FL,12,2014-02-28,156438.08299950956
219,Lake County,FL,12,2014-02-28,157002.76966763023
1638,Collier County,FL,12,2014-02-28,270644.3030306574
1161,Marion County,FL,12,2014-02-28,108731.1882010331
3131,Saint Lucie County,FL,12,2014-02-28,129429.55739373768
2259,Escambia County,FL,12,2014-02-28,123150.24001704688
232,Leon County,FL,12,2014-02-28,156224.90265975977
1509,Alachua County,FL,12,2014-02-28,144143.29144575723
3128,Saint Johns County,FL,12,2014-02-28,241311.6127171782
118,Clay County,FL,12,2014-02-28,153404.75561643252
2460,Okaloosa County,FL,12,2014-02-28,180550.6471636273
2341,Hernando County,FL,12,2014-02-28,105509.63316904983
2650,Charlotte County,FL,12,2014-02-28,143783.25503302345
3026,Santa Rosa County,FL,12,2014-02-28,159351.5746502312
67,Bay County,FL,12,2014-02-28,162500.01001855556
3168,Indian River County,FL,12,2014-02-28,151653.52846111936
1176,Martin County,FL,12,2014-02-28,187864.8345169325
938,Citrus County,FL,12,2014-02-28,105204.06122868828
1409,Sumter County,FL,12,2014-02-28,219596.4420649876
1707,Flagler County,FL,12,2014-02-28,168074.48267181392
2724,Highlands County,FL,12,2014-02-28,82180.7778136841
1251,Nassau County,FL,12,2014-02-28,208705.1260489459
1214,Monroe County,FL,12,2014-02-28,
1468,Walton County,FL,12,2014-02-28,292408.7623209495
1338,Putnam County,FL,12,2014-02-28,81170.178850903
2212,Columbia County,FL,12,2014-02-28,111582.32292175911
1794,Jackson County,FL,12,2014-02-28,87875.96136988663
1717,Gadsden County,FL,12,2014-02-28,89207.85537193844
2570,Suwannee County,FL,12,2014-02-28,110818.12425232156
234,Levy County,FL,12,2014-02-28,109423.1709249231
2990,Okeechobee County,FL,12,2014-02-28,90016.14044546899
1093,Hendry County,FL,12,2014-02-28,82427.32567407268
1659,De Soto County,FL,12,2014-02-28,87325.43820697669
2066,Wakulla County,FL,12,2014-02-28,131792.67346272804
378,Baker County,FL,12,2014-02-28,134347.24756720153
2148,Bradford County,FL,12,2014-02-28,104633.39019354108
1076,Hardee County,FL,12,2014-02-28,80149.34693663455
3050,Washington County,FL,12,2014-02-28,87545.5551893373
1419,Taylor County,FL,12,2014-02-28,90260.78680689208
1094,Holmes County,FL,12,2014-02-28,93124.74556598911
1896,Madison County,FL,12,2014-02-28,95723.28813689742
2704,Gilchrist County,FL,12,2014-02-28,112123.56746012453
480,Dixie County,FL,12,2014-02-28,82294.41554069261
762,Union County,FL,12,2014-02-28,104580.71321166516
169,Gulf County,FL,12,2014-02-28,165527.86607015363
2735,Jefferson County,FL,12,2014-02-28,134127.6640879361
2315,Hamilton County,FL,12,2014-02-28,81089.55371532601
1571,Calhoun County,FL,12,2014-02-28,92344.32044507594
2272,Franklin County,FL,12,2014-02-28,202713.05462567648
1042,Glades County,FL,12,2014-02-28,91444.66642291556
2769,Lafayette County,FL,12,2014-02-28,100653.08083976145
1858,Liberty County,FL,12,2014-02-28,90725.12021342096
2964,Miami-Dade County,FL,12,2014-03-31,205079.54383473465
1561,Broward County,FL,12,2014-03-31,176648.9517020681
2993,Palm Beach County,FL,12,2014-03-31,197835.44623356103
3165,Hillsborough County,FL,12,2014-03-31,157238.89816918454
1287,Orange County,FL,12,2014-03-31,171346.6837049872
489,Duval County,FL,12,2014-03-31,128828.24803186256
2480,Pinellas County,FL,12,2014-03-31,150003.61610326645
80,Lee County,FL,12,2014-03-31,169082.0649604527
285,Polk County,FL,12,2014-03-31,121329.52251787132
1556,Brevard County,FL,12,2014-03-31,137773.15091432587
669,Pasco County,FL,12,2014-03-31,136125.08441583093
2063,Volusia County,FL,12,2014-03-31,131582.88430645203
2538,Seminole County,FL,12,2014-03-31,171388.9707894291
2528,Sarasota County,FL,12,2014-03-31,200718.8515944099
1916,Manatee County,FL,12,2014-03-31,195626.52914219527
1957,Osceola County,FL,12,2014-03-31,158253.68103733653
219,Lake County,FL,12,2014-03-31,158413.46628210304
1638,Collier County,FL,12,2014-03-31,272337.24416819954
1161,Marion County,FL,12,2014-03-31,109135.36887969649
3131,Saint Lucie County,FL,12,2014-03-31,130700.88037253016
2259,Escambia County,FL,12,2014-03-31,123397.51618981932
232,Leon County,FL,12,2014-03-31,156886.82738036997
1509,Alachua County,FL,12,2014-03-31,145494.85526857732
3128,Saint Johns County,FL,12,2014-03-31,243846.50743880533
118,Clay County,FL,12,2014-03-31,154514.81909124533
2460,Okaloosa County,FL,12,2014-03-31,181339.96484503133
2341,Hernando County,FL,12,2014-03-31,106526.00310905636
2650,Charlotte County,FL,12,2014-03-31,144625.53417500228
3026,Santa Rosa County,FL,12,2014-03-31,160453.15772992955
67,Bay County,FL,12,2014-03-31,164536.51127450253
3168,Indian River County,FL,12,2014-03-31,153164.6046746732
1176,Martin County,FL,12,2014-03-31,190121.8255680325
938,Citrus County,FL,12,2014-03-31,105874.86831374132
1409,Sumter County,FL,12,2014-03-31,222612.81142681185
1707,Flagler County,FL,12,2014-03-31,169161.75795496567
2724,Highlands County,FL,12,2014-03-31,82745.58658811187
1251,Nassau County,FL,12,2014-03-31,210769.3550763465
1214,Monroe County,FL,12,2014-03-31,
1468,Walton County,FL,12,2014-03-31,295934.98103171954
1338,Putnam County,FL,12,2014-03-31,81677.83261128643
2212,Columbia County,FL,12,2014-03-31,112433.40678284552
1794,Jackson County,FL,12,2014-03-31,88069.943541145
1717,Gadsden County,FL,12,2014-03-31,89793.97715932684
2570,Suwannee County,FL,12,2014-03-31,111660.12339849946
234,Levy County,FL,12,2014-03-31,110283.0344454266
2990,Okeechobee County,FL,12,2014-03-31,90445.28228689148
1093,Hendry County,FL,12,2014-03-31,82870.56109806748
1659,De Soto County,FL,12,2014-03-31,87918.49103380601
2066,Wakulla County,FL,12,2014-03-31,132463.26500002982
378,Baker County,FL,12,2014-03-31,134850.64748429178
2148,Bradford County,FL,12,2014-03-31,105444.34503104024
1076,Hardee County,FL,12,2014-03-31,80462.20337318727
3050,Washington County,FL,12,2014-03-31,87954.51829887186
1419,Taylor County,FL,12,2014-03-31,90294.01229294024
1094,Holmes County,FL,12,2014-03-31,93555.28735031722
1896,Madison County,FL,12,2014-03-31,96033.88220031024
2704,Gilchrist County,FL,12,2014-03-31,113562.63316317882
480,Dixie County,FL,12,2014-03-31,83701.68199096176
762,Union County,FL,12,2014-03-31,105408.62433093372
169,Gulf County,FL,12,2014-03-31,167194.24403515842
2735,Jefferson County,FL,12,2014-03-31,134451.22694961936
2315,Hamilton County,FL,12,2014-03-31,81508.84561967237
1571,Calhoun County,FL,12,2014-03-31,92563.51618839773
2272,Franklin County,FL,12,2014-03-31,203707.9165091162
1042,Glades County,FL,12,2014-03-31,92148.30347598704
2769,Lafayette County,FL,12,2014-03-31,102270.63653803266
1858,Liberty County,FL,12,2014-03-31,91153.69644233618
2964,Miami-Dade County,FL,12,2014-04-30,207523.3445944149
1561,Broward County,FL,12,2014-04-30,178501.46939876772
2993,Palm Beach County,FL,12,2014-04-30,200148.6327204811
3165,Hillsborough County,FL,12,2014-04-30,158221.30109439345
1287,Orange County,FL,12,2014-04-30,172820.91737646228
489,Duval County,FL,12,2014-04-30,129816.59837984474
2480,Pinellas County,FL,12,2014-04-30,150946.73122505957
80,Lee County,FL,12,2014-04-30,170363.81504853323
285,Polk County,FL,12,2014-04-30,122281.78505251568
1556,Brevard County,FL,12,2014-04-30,138911.9246061217
669,Pasco County,FL,12,2014-04-30,137153.00920491762
2063,Volusia County,FL,12,2014-04-30,132754.1438984072
2538,Seminole County,FL,12,2014-04-30,172482.76283351993
2528,Sarasota County,FL,12,2014-04-30,202258.76872608496
1916,Manatee County,FL,12,2014-04-30,197098.19955922605
1957,Osceola County,FL,12,2014-04-30,159662.38511861282
219,Lake County,FL,12,2014-04-30,159543.47048959334
1638,Collier County,FL,12,2014-04-30,273957.0789640188
1161,Marion County,FL,12,2014-04-30,109701.275802158
3131,Saint Lucie County,FL,12,2014-04-30,131546.07201710306
2259,Escambia County,FL,12,2014-04-30,123770.80166215752
232,Leon County,FL,12,2014-04-30,157403.90862035865
1509,Alachua County,FL,12,2014-04-30,146801.70696009832
3128,Saint Johns County,FL,12,2014-04-30,245580.1077249255
118,Clay County,FL,12,2014-04-30,155211.48972220128
2460,Okaloosa County,FL,12,2014-04-30,181867.0934723733
2341,Hernando County,FL,12,2014-04-30,107555.0919762107
2650,Charlotte County,FL,12,2014-04-30,145698.18860549037
3026,Santa Rosa County,FL,12,2014-04-30,161292.2344653244
67,Bay County,FL,12,2014-04-30,166166.55448675496
3168,Indian River County,FL,12,2014-04-30,154467.4634811954
1176,Martin County,FL,12,2014-04-30,191852.1783762845
938,Citrus County,FL,12,2014-04-30,106479.33658023518
1409,Sumter County,FL,12,2014-04-30,225712.0136220061
1707,Flagler County,FL,12,2014-04-30,169910.10669862965
2724,Highlands County,FL,12,2014-04-30,83387.93074352673
1251,Nassau County,FL,12,2014-04-30,212034.42522266484
1214,Monroe County,FL,12,2014-04-30,
1468,Walton County,FL,12,2014-04-30,298302.68377344013
1338,Putnam County,FL,12,2014-04-30,82044.58096424786
2212,Columbia County,FL,12,2014-04-30,112987.13347749924
1794,Jackson County,FL,12,2014-04-30,88503.34162228038
1717,Gadsden County,FL,12,2014-04-30,90329.99815301687
2570,Suwannee County,FL,12,2014-04-30,112477.46070058846
234,Levy County,FL,12,2014-04-30,111134.45193511245
2990,Okeechobee County,FL,12,2014-04-30,90930.9091035714
1093,Hendry County,FL,12,2014-04-30,83370.49598467183
1659,De Soto County,FL,12,2014-04-30,88522.34970167931
2066,Wakulla County,FL,12,2014-04-30,133098.86841722787
378,Baker County,FL,12,2014-04-30,135162.93425218808
2148,Bradford County,FL,12,2014-04-30,105975.4200610876
1076,Hardee County,FL,12,2014-04-30,80991.51944615983
3050,Washington County,FL,12,2014-04-30,88199.96800423572
1419,Taylor County,FL,12,2014-04-30,90455.3360378812
1094,Holmes County,FL,12,2014-04-30,93728.49389898896
1896,Madison County,FL,12,2014-04-30,96616.8122273531
2704,Gilchrist County,FL,12,2014-04-30,114381.3346549488
480,Dixie County,FL,12,2014-04-30,84651.01474482549
762,Union County,FL,12,2014-04-30,106515.63122726104
169,Gulf County,FL,12,2014-04-30,168525.8680348235
2735,Jefferson County,FL,12,2014-04-30,134797.6844397213
2315,Hamilton County,FL,12,2014-04-30,82008.88342422825
1571,Calhoun County,FL,12,2014-04-30,92312.91403474846
2272,Franklin County,FL,12,2014-04-30,203972.76018576152
1042,Glades County,FL,12,2014-04-30,92553.36651352917
2769,Lafayette County,FL,12,2014-04-30,103514.149675482
1858,Liberty County,FL,12,2014-04-30,91173.15795580365
2964,Miami-Dade County,FL,12,2014-05-31,210081.4584972104
1561,Broward County,FL,12,2014-05-31,180668.3678768605
2993,Palm Beach County,FL,12,2014-05-31,202491.6115029254
3165,Hillsborough County,FL,12,2014-05-31,159074.06779458307
1287,Orange County,FL,12,2014-05-31,173977.1430229549
489,Duval County,FL,12,2014-05-31,130636.67142580936
2480,Pinellas County,FL,12,2014-05-31,152176.53572040098
80,Lee County,FL,12,2014-05-31,171744.23599551842
285,Polk County,FL,12,2014-05-31,123194.40573895127
1556,Brevard County,FL,12,2014-05-31,140104.05535215064
669,Pasco County,FL,12,2014-05-31,138010.45024747716
2063,Volusia County,FL,12,2014-05-31,133978.34385545467
2538,Seminole County,FL,12,2014-05-31,173624.73954971717
2528,Sarasota County,FL,12,2014-05-31,203911.0783154709
1916,Manatee County,FL,12,2014-05-31,198679.4554966973
1957,Osceola County,FL,12,2014-05-31,160879.4233654202
219,Lake County,FL,12,2014-05-31,160550.6384024446
1638,Collier County,FL,12,2014-05-31,275924.16002743883
1161,Marion County,FL,12,2014-05-31,110571.96327747728
3131,Saint Lucie County,FL,12,2014-05-31,132319.3919349734
2259,Escambia County,FL,12,2014-05-31,124160.73480517116
232,Leon County,FL,12,2014-05-31,157783.7029806889
1509,Alachua County,FL,12,2014-05-31,147913.87289922385
3128,Saint Johns County,FL,12,2014-05-31,247260.80916744669
118,Clay County,FL,12,2014-05-31,155889.29195685717
2460,Okaloosa County,FL,12,2014-05-31,182411.2760348564
2341,Hernando County,FL,12,2014-05-31,108601.58165888554
2650,Charlotte County,FL,12,2014-05-31,147180.47771750754
3026,Santa Rosa County,FL,12,2014-05-31,162186.60053629163
67,Bay County,FL,12,2014-05-31,167343.38811561055
3168,Indian River County,FL,12,2014-05-31,155751.2204964103
1176,Martin County,FL,12,2014-05-31,193228.532091451
938,Citrus County,FL,12,2014-05-31,107252.1391298372
1409,Sumter County,FL,12,2014-05-31,228864.56954279303
1707,Flagler County,FL,12,2014-05-31,170997.85645935978
2724,Highlands County,FL,12,2014-05-31,84102.72848429366
1251,Nassau County,FL,12,2014-05-31,213045.911709468
1214,Monroe County,FL,12,2014-05-31,
1468,Walton County,FL,12,2014-05-31,300091.38858424505
1338,Putnam County,FL,12,2014-05-31,82220.62228961308
2212,Columbia County,FL,12,2014-05-31,113421.87855884372
1794,Jackson County,FL,12,2014-05-31,89014.28329406005
1717,Gadsden County,FL,12,2014-05-31,90889.36008956168
2570,Suwannee County,FL,12,2014-05-31,112912.9773787096
234,Levy County,FL,12,2014-05-31,111914.46576906576
2990,Okeechobee County,FL,12,2014-05-31,91613.76776198328
1093,Hendry County,FL,12,2014-05-31,83827.35084889152
1659,De Soto County,FL,12,2014-05-31,89308.60623861603
2066,Wakulla County,FL,12,2014-05-31,133992.3681100401
378,Baker County,FL,12,2014-05-31,135578.9645350049
2148,Bradford County,FL,12,2014-05-31,106248.31532681202
1076,Hardee County,FL,12,2014-05-31,81445.13772531915
3050,Washington County,FL,12,2014-05-31,88434.31213394996
1419,Taylor County,FL,12,2014-05-31,90671.3253597803
1094,Holmes County,FL,12,2014-05-31,93791.42743818474
1896,Madison County,FL,12,2014-05-31,97397.82903011664
2704,Gilchrist County,FL,12,2014-05-31,114714.6565115422
480,Dixie County,FL,12,2014-05-31,85299.31970778393
762,Union County,FL,12,2014-05-31,108072.60159627264
169,Gulf County,FL,12,2014-05-31,169765.05758211965
2735,Jefferson County,FL,12,2014-05-31,134902.14900568427
2315,Hamilton County,FL,12,2014-05-31,82505.97430037546
1571,Calhoun County,FL,12,2014-05-31,92244.38028205743
2272,Franklin County,FL,12,2014-05-31,204954.66992323403
1042,Glades County,FL,12,2014-05-31,92681.4600900901
2769,Lafayette County,FL,12,2014-05-31,104332.017004828
1858,Liberty County,FL,12,2014-05-31,91459.9006583703
2964,Miami-Dade County,FL,12,2014-06-30,212487.19475719577
1561,Broward County,FL,12,2014-06-30,182422.5007301364
2993,Palm Beach County,FL,12,2014-06-30,204449.95649963056
3165,Hillsborough County,FL,12,2014-06-30,159754.84281639897
1287,Orange County,FL,12,2014-06-30,175110.51034709657
489,Duval County,FL,12,2014-06-30,131290.81619093215
2480,Pinellas County,FL,12,2014-06-30,153200.07618212196
80,Lee County,FL,12,2014-06-30,173038.93724053656
285,Polk County,FL,12,2014-06-30,124032.91655411542
1556,Brevard County,FL,12,2014-06-30,141019.69964902618
669,Pasco County,FL,12,2014-06-30,138729.33972077724
2063,Volusia County,FL,12,2014-06-30,134952.63852927124
2538,Seminole County,FL,12,2014-06-30,174582.23099218073
2528,Sarasota County,FL,12,2014-06-30,205043.0796241669
1916,Manatee County,FL,12,2014-06-30,200145.71708407684
1957,Osceola County,FL,12,2014-06-30,161726.3283068929
219,Lake County,FL,12,2014-06-30,161487.69975770568
1638,Collier County,FL,12,2014-06-30,278128.54444359033
1161,Marion County,FL,12,2014-06-30,111459.99507941918
3131,Saint Lucie County,FL,12,2014-06-30,133109.16890072438
2259,Escambia County,FL,12,2014-06-30,124516.18512809766
232,Leon County,FL,12,2014-06-30,157968.1463027198
1509,Alachua County,FL,12,2014-06-30,148602.54047320783
3128,Saint Johns County,FL,12,2014-06-30,248508.5835506015
118,Clay County,FL,12,2014-06-30,156430.80773759892
2460,Okaloosa County,FL,12,2014-06-30,182603.0379283511
2341,Hernando County,FL,12,2014-06-30,109440.07225124672
2650,Charlotte County,FL,12,2014-06-30,148532.63748141355
3026,Santa Rosa County,FL,12,2014-06-30,162972.25660538615
67,Bay County,FL,12,2014-06-30,167933.40928769353
3168,Indian River County,FL,12,2014-06-30,156918.09133798457
1176,Martin County,FL,12,2014-06-30,194664.8896770561
938,Citrus County,FL,12,2014-06-30,107980.37828900533
1409,Sumter County,FL,12,2014-06-30,231681.05750420803
1707,Flagler County,FL,12,2014-06-30,172319.9393214713
2724,Highlands County,FL,12,2014-06-30,84813.5386003758
1251,Nassau County,FL,12,2014-06-30,213907.1541812612
1214,Monroe County,FL,12,2014-06-30,
1468,Walton County,FL,12,2014-06-30,301396.76321754744
1338,Putnam County,FL,12,2014-06-30,82227.45224533771
2212,Columbia County,FL,12,2014-06-30,113748.89655870992
1794,Jackson County,FL,12,2014-06-30,89255.21742711995
1717,Gadsden County,FL,12,2014-06-30,91282.89335005256
2570,Suwannee County,FL,12,2014-06-30,113340.3481670685
234,Levy County,FL,12,2014-06-30,112538.72116077406
2990,Okeechobee County,FL,12,2014-06-30,92295.6488037157
1093,Hendry County,FL,12,2014-06-30,84159.63323982959
1659,De Soto County,FL,12,2014-06-30,89987.93216270495
2066,Wakulla County,FL,12,2014-06-30,134725.01581208434
378,Baker County,FL,12,2014-06-30,136248.45329918378
2148,Bradford County,FL,12,2014-06-30,106495.850368122
1076,Hardee County,FL,12,2014-06-30,81910.28946181433
3050,Washington County,FL,12,2014-06-30,88731.1664465454
1419,Taylor County,FL,12,2014-06-30,90888.45439189464
1094,Holmes County,FL,12,2014-06-30,93916.04931924844
1896,Madison County,FL,12,2014-06-30,97855.4648308806
2704,Gilchrist County,FL,12,2014-06-30,114611.54446587423
480,Dixie County,FL,12,2014-06-30,85688.91295157069
762,Union County,FL,12,2014-06-30,109438.63676030032
169,Gulf County,FL,12,2014-06-30,170300.3855285298
2735,Jefferson County,FL,12,2014-06-30,134969.33371507455
2315,Hamilton County,FL,12,2014-06-30,82624.76414815534
1571,Calhoun County,FL,12,2014-06-30,92238.73923400952
2272,Franklin County,FL,12,2014-06-30,205718.9149482773
1042,Glades County,FL,12,2014-06-30,92687.9738955308
2769,Lafayette County,FL,12,2014-06-30,104960.4657277995
1858,Liberty County,FL,12,2014-06-30,91734.44098655236
2964,Miami-Dade County,FL,12,2014-07-31,214724.3400246416
1561,Broward County,FL,12,2014-07-31,184303.9677666993
2993,Palm Beach County,FL,12,2014-07-31,206508.56873304903
3165,Hillsborough County,FL,12,2014-07-31,160790.9427643053
1287,Orange County,FL,12,2014-07-31,176110.98660926791
489,Duval County,FL,12,2014-07-31,131650.04261331444
2480,Pinellas County,FL,12,2014-07-31,154180.74448790666
80,Lee County,FL,12,2014-07-31,174314.2977786392
285,Polk County,FL,12,2014-07-31,125044.07753983627
1556,Brevard County,FL,12,2014-07-31,142025.4720615667
669,Pasco County,FL,12,2014-07-31,139419.37619315644
2063,Volusia County,FL,12,2014-07-31,135811.35271043758
2538,Seminole County,FL,12,2014-07-31,175683.4366874375
2528,Sarasota County,FL,12,2014-07-31,206162.88332269248
1916,Manatee County,FL,12,2014-07-31,201930.79318667905
1957,Osceola County,FL,12,2014-07-31,162703.40159715046
219,Lake County,FL,12,2014-07-31,162563.44723040322
1638,Collier County,FL,12,2014-07-31,280387.7678735839
1161,Marion County,FL,12,2014-07-31,112374.63053015184
3131,Saint Lucie County,FL,12,2014-07-31,134171.9282981311
2259,Escambia County,FL,12,2014-07-31,124816.8238566364
232,Leon County,FL,12,2014-07-31,158151.96359056907
1509,Alachua County,FL,12,2014-07-31,148803.89301089305
3128,Saint Johns County,FL,12,2014-07-31,249566.77155922828
118,Clay County,FL,12,2014-07-31,157039.20533440638
2460,Okaloosa County,FL,12,2014-07-31,183021.03517136272
2341,Hernando County,FL,12,2014-07-31,110274.97849134772
2650,Charlotte County,FL,12,2014-07-31,149847.23755309978
3026,Santa Rosa County,FL,12,2014-07-31,163677.49972114398
67,Bay County,FL,12,2014-07-31,168546.98289490037
3168,Indian River County,FL,12,2014-07-31,158346.7527034889
1176,Martin County,FL,12,2014-07-31,196103.5394622244
938,Citrus County,FL,12,2014-07-31,108702.67325885064
1409,Sumter County,FL,12,2014-07-31,234347.14031056128
1707,Flagler County,FL,12,2014-07-31,173716.3713002819
2724,Highlands County,FL,12,2014-07-31,85628.96530178044
1251,Nassau County,FL,12,2014-07-31,214861.7395868
1214,Monroe County,FL,12,2014-07-31,
1468,Walton County,FL,12,2014-07-31,302924.5552695067
1338,Putnam County,FL,12,2014-07-31,82419.65322404378
2212,Columbia County,FL,12,2014-07-31,113993.6915315742
1794,Jackson County,FL,12,2014-07-31,88909.111457497
1717,Gadsden County,FL,12,2014-07-31,91434.81120096748
2570,Suwannee County,FL,12,2014-07-31,113788.10794040188
234,Levy County,FL,12,2014-07-31,113108.84738857
2990,Okeechobee County,FL,12,2014-07-31,93117.31506078476
1093,Hendry County,FL,12,2014-07-31,84589.13282993769
1659,De Soto County,FL,12,2014-07-31,90440.58622313185
2066,Wakulla County,FL,12,2014-07-31,135222.33214539746
378,Baker County,FL,12,2014-07-31,137103.79324087442
2148,Bradford County,FL,12,2014-07-31,106773.1329406996
1076,Hardee County,FL,12,2014-07-31,82056.75454831045
3050,Washington County,FL,12,2014-07-31,88959.06953774764
1419,Taylor County,FL,12,2014-07-31,90970.3110635832
1094,Holmes County,FL,12,2014-07-31,93981.292753561
1896,Madison County,FL,12,2014-07-31,97808.1378746432
2704,Gilchrist County,FL,12,2014-07-31,114157.49041007664
480,Dixie County,FL,12,2014-07-31,86122.9983216613
762,Union County,FL,12,2014-07-31,110641.70264608668
169,Gulf County,FL,12,2014-07-31,170917.19449202207
2735,Jefferson County,FL,12,2014-07-31,134673.31536664607
2315,Hamilton County,FL,12,2014-07-31,82670.85386230772
1571,Calhoun County,FL,12,2014-07-31,92026.04254244822
2272,Franklin County,FL,12,2014-07-31,207025.1721375732
1042,Glades County,FL,12,2014-07-31,93001.67400957714
2769,Lafayette County,FL,12,2014-07-31,105545.97617186232
1858,Liberty County,FL,12,2014-07-31,92162.47747277668
2964,Miami-Dade County,FL,12,2014-08-31,216733.28396898368
1561,Broward County,FL,12,2014-08-31,185906.6011782056
2993,Palm Beach County,FL,12,2014-08-31,208256.90365930213
3165,Hillsborough County,FL,12,2014-08-31,161632.85604592858
1287,Orange County,FL,12,2014-08-31,176988.196590289
489,Duval County,FL,12,2014-08-31,131891.9462298276
2480,Pinellas County,FL,12,2014-08-31,154973.98831234823
80,Lee County,FL,12,2014-08-31,175405.36783424998
285,Polk County,FL,12,2014-08-31,125973.9518868738
1556,Brevard County,FL,12,2014-08-31,142851.97582616936
669,Pasco County,FL,12,2014-08-31,139991.85211719296
2063,Volusia County,FL,12,2014-08-31,136485.49599107038
2538,Seminole County,FL,12,2014-08-31,176718.0000160206
2528,Sarasota County,FL,12,2014-08-31,207186.66665940976
1916,Manatee County,FL,12,2014-08-31,203594.8440789728
1957,Osceola County,FL,12,2014-08-31,163799.80372940408
219,Lake County,FL,12,2014-08-31,163459.6040335466
1638,Collier County,FL,12,2014-08-31,282746.2696844044
1161,Marion County,FL,12,2014-08-31,113201.15560982296
3131,Saint Lucie County,FL,12,2014-08-31,135287.81704852788
2259,Escambia County,FL,12,2014-08-31,125095.41605347098
232,Leon County,FL,12,2014-08-31,158200.94212721544
1509,Alachua County,FL,12,2014-08-31,148554.06406027425
3128,Saint Johns County,FL,12,2014-08-31,250173.35931945752
118,Clay County,FL,12,2014-08-31,157445.35891121195
2460,Okaloosa County,FL,12,2014-08-31,183344.0837082061
2341,Hernando County,FL,12,2014-08-31,110988.22403904356
2650,Charlotte County,FL,12,2014-08-31,150822.75376357738
3026,Santa Rosa County,FL,12,2014-08-31,164244.5649886344
67,Bay County,FL,12,2014-08-31,168918.58719291145
3168,Indian River County,FL,12,2014-08-31,159378.3807877947
1176,Martin County,FL,12,2014-08-31,197438.8533679887
938,Citrus County,FL,12,2014-08-31,109051.41938921288
1409,Sumter County,FL,12,2014-08-31,236774.0481544859
1707,Flagler County,FL,12,2014-08-31,174954.76037326467
2724,Highlands County,FL,12,2014-08-31,86401.43506557644
1251,Nassau County,FL,12,2014-08-31,215376.99090902487
1214,Monroe County,FL,12,2014-08-31,
1468,Walton County,FL,12,2014-08-31,304506.06801204773
1338,Putnam County,FL,12,2014-08-31,82583.46107724444
2212,Columbia County,FL,12,2014-08-31,114175.22361909432
1794,Jackson County,FL,12,2014-08-31,88213.83584364173
1717,Gadsden County,FL,12,2014-08-31,91572.72395756416
2570,Suwannee County,FL,12,2014-08-31,114391.57186779822
234,Levy County,FL,12,2014-08-31,113649.09573918018
2990,Okeechobee County,FL,12,2014-08-31,93979.0010751054
1093,Hendry County,FL,12,2014-08-31,85086.0721566882
1659,De Soto County,FL,12,2014-08-31,90843.82775628526
2066,Wakulla County,FL,12,2014-08-31,135246.6237144732
378,Baker County,FL,12,2014-08-31,137655.27392504888
2148,Bradford County,FL,12,2014-08-31,106965.35699773033
1076,Hardee County,FL,12,2014-08-31,82205.07285982843
3050,Washington County,FL,12,2014-08-31,89181.13066247998
1419,Taylor County,FL,12,2014-08-31,90825.1505520987
1094,Holmes County,FL,12,2014-08-31,93929.66151125883
1896,Madison County,FL,12,2014-08-31,97087.6629125271
2704,Gilchrist County,FL,12,2014-08-31,113699.9244689418
480,Dixie County,FL,12,2014-08-31,86464.40426321741
762,Union County,FL,12,2014-08-31,111197.60007827089
169,Gulf County,FL,12,2014-08-31,171690.36950821555
2735,Jefferson County,FL,12,2014-08-31,134286.63942212556
2315,Hamilton County,FL,12,2014-08-31,82568.98872094783
1571,Calhoun County,FL,12,2014-08-31,91856.79720559371
2272,Franklin County,FL,12,2014-08-31,207514.9127244331
1042,Glades County,FL,12,2014-08-31,93436.1005276667
2769,Lafayette County,FL,12,2014-08-31,106052.14456551212
1858,Liberty County,FL,12,2014-08-31,92398.97659140652
2964,Miami-Dade County,FL,12,2014-09-30,218862.9939189086
1561,Broward County,FL,12,2014-09-30,187538.5580419329
2993,Palm Beach County,FL,12,2014-09-30,209834.1545044176
3165,Hillsborough County,FL,12,2014-09-30,162664.37441332682
1287,Orange County,FL,12,2014-09-30,177909.74037697865
489,Duval County,FL,12,2014-09-30,132302.3007901898
2480,Pinellas County,FL,12,2014-09-30,155714.7571175271
80,Lee County,FL,12,2014-09-30,176607.28391467617
285,Polk County,FL,12,2014-09-30,126679.81380280553
1556,Brevard County,FL,12,2014-09-30,143672.70353541453
669,Pasco County,FL,12,2014-09-30,140655.8637026295
2063,Volusia County,FL,12,2014-09-30,137147.86090818376
2538,Seminole County,FL,12,2014-09-30,177903.23278379688
2528,Sarasota County,FL,12,2014-09-30,208299.0120613901
1916,Manatee County,FL,12,2014-09-30,205365.83837525253
1957,Osceola County,FL,12,2014-09-30,165258.7691806341
219,Lake County,FL,12,2014-09-30,164450.47502842886
1638,Collier County,FL,12,2014-09-30,285000.295163818
1161,Marion County,FL,12,2014-09-30,114126.1519289118
3131,Saint Lucie County,FL,12,2014-09-30,136436.34235952806
2259,Escambia County,FL,12,2014-09-30,125430.41617365566
232,Leon County,FL,12,2014-09-30,158327.42916765387
1509,Alachua County,FL,12,2014-09-30,148555.15799294045
3128,Saint Johns County,FL,12,2014-09-30,250910.58055572803
118,Clay County,FL,12,2014-09-30,157923.52811174534
2460,Okaloosa County,FL,12,2014-09-30,183790.38338583824
2341,Hernando County,FL,12,2014-09-30,111473.8708915196
2650,Charlotte County,FL,12,2014-09-30,151832.70302958836
3026,Santa Rosa County,FL,12,2014-09-30,164579.06176049853
67,Bay County,FL,12,2014-09-30,169077.09381203522
3168,Indian River County,FL,12,2014-09-30,160301.14003617363
1176,Martin County,FL,12,2014-09-30,198390.6959873204
938,Citrus County,FL,12,2014-09-30,109204.52106086197
1409,Sumter County,FL,12,2014-09-30,239004.86212937592
1707,Flagler County,FL,12,2014-09-30,175947.1394643786
2724,Highlands County,FL,12,2014-09-30,86943.39892807441
1251,Nassau County,FL,12,2014-09-30,215619.86159739675
1214,Monroe County,FL,12,2014-09-30,
1468,Walton County,FL,12,2014-09-30,305936.8616237832
1338,Putnam County,FL,12,2014-09-30,82531.67773167613
2212,Columbia County,FL,12,2014-09-30,114058.88425745357
1794,Jackson County,FL,12,2014-09-30,87419.86884336488
1717,Gadsden County,FL,12,2014-09-30,91572.5003391152
2570,Suwannee County,FL,12,2014-09-30,114807.32382865268
234,Levy County,FL,12,2014-09-30,114060.7353141459
2990,Okeechobee County,FL,12,2014-09-30,94694.70141230153
1093,Hendry County,FL,12,2014-09-30,85579.50984907521
1659,De Soto County,FL,12,2014-09-30,91196.5652474064
2066,Wakulla County,FL,12,2014-09-30,135269.16815751698
378,Baker County,FL,12,2014-09-30,138002.61726135
2148,Bradford County,FL,12,2014-09-30,106665.75271461856
1076,Hardee County,FL,12,2014-09-30,82206.09073612413
3050,Washington County,FL,12,2014-09-30,89321.0047550139
1419,Taylor County,FL,12,2014-09-30,90704.65192621852
1094,Holmes County,FL,12,2014-09-30,93656.09438011184
1896,Madison County,FL,12,2014-09-30,96144.86944461052
2704,Gilchrist County,FL,12,2014-09-30,113510.9006645013
480,Dixie County,FL,12,2014-09-30,86932.21585969912
762,Union County,FL,12,2014-09-30,111499.89677028354
169,Gulf County,FL,12,2014-09-30,172980.53132575026
2735,Jefferson County,FL,12,2014-09-30,133514.67773669306
2315,Hamilton County,FL,12,2014-09-30,82381.81874191525
1571,Calhoun County,FL,12,2014-09-30,91642.24436066898
2272,Franklin County,FL,12,2014-09-30,207953.9772818722
1042,Glades County,FL,12,2014-09-30,93901.73630803384
2769,Lafayette County,FL,12,2014-09-30,106352.90034835016
1858,Liberty County,FL,12,2014-09-30,92101.28281590428
2964,Miami-Dade County,FL,12,2014-10-31,220792.2093151197
1561,Broward County,FL,12,2014-10-31,188906.95686343336
2993,Palm Beach County,FL,12,2014-10-31,211184.8719736804
3165,Hillsborough County,FL,12,2014-10-31,163356.79597138203
1287,Orange County,FL,12,2014-10-31,178639.10511016217
489,Duval County,FL,12,2014-10-31,132768.95665419986
2480,Pinellas County,FL,12,2014-10-31,156771.9217871077
80,Lee County,FL,12,2014-10-31,177932.8673097795
285,Polk County,FL,12,2014-10-31,127339.29070086264
1556,Brevard County,FL,12,2014-10-31,144026.9220041209
669,Pasco County,FL,12,2014-10-31,141170.33702379794
2063,Volusia County,FL,12,2014-10-31,137788.8349202882
2538,Seminole County,FL,12,2014-10-31,178797.75623909454
2528,Sarasota County,FL,12,2014-10-31,209175.93404057832
1916,Manatee County,FL,12,2014-10-31,206923.73598901788
1957,Osceola County,FL,12,2014-10-31,166495.07514371697
219,Lake County,FL,12,2014-10-31,165186.9033628871
1638,Collier County,FL,12,2014-10-31,287454.7151219984
1161,Marion County,FL,12,2014-10-31,114716.23296867094
3131,Saint Lucie County,FL,12,2014-10-31,137329.40609909096
2259,Escambia County,FL,12,2014-10-31,125586.3050483886
232,Leon County,FL,12,2014-10-31,158519.51172005234
1509,Alachua County,FL,12,2014-10-31,148583.6632131227
3128,Saint Johns County,FL,12,2014-10-31,251827.29506239624
118,Clay County,FL,12,2014-10-31,158204.53508118106
2460,Okaloosa County,FL,12,2014-10-31,183713.83063728068
2341,Hernando County,FL,12,2014-10-31,111585.07857022384
2650,Charlotte County,FL,12,2014-10-31,152647.80795098623
3026,Santa Rosa County,FL,12,2014-10-31,164751.49788569703
67,Bay County,FL,12,2014-10-31,168640.87488466603
3168,Indian River County,FL,12,2014-10-31,161031.4851383887
1176,Martin County,FL,12,2014-10-31,199194.34737572752
938,Citrus County,FL,12,2014-10-31,109001.6366208464
1409,Sumter County,FL,12,2014-10-31,241051.31758153936
1707,Flagler County,FL,12,2014-10-31,176661.32556380602
2724,Highlands County,FL,12,2014-10-31,87261.89740779396
1251,Nassau County,FL,12,2014-10-31,215838.5039267585
1214,Monroe County,FL,12,2014-10-31,
1468,Walton County,FL,12,2014-10-31,307209.07750979427
1338,Putnam County,FL,12,2014-10-31,81980.81861051852
2212,Columbia County,FL,12,2014-10-31,113713.96369560764
1794,Jackson County,FL,12,2014-10-31,86567.85044110537
1717,Gadsden County,FL,12,2014-10-31,91147.88832589686
2570,Suwannee County,FL,12,2014-10-31,114568.13772087834
234,Levy County,FL,12,2014-10-31,114392.66616116506
2990,Okeechobee County,FL,12,2014-10-31,95186.47972680612
1093,Hendry County,FL,12,2014-10-31,85734.87562641088
1659,De Soto County,FL,12,2014-10-31,91604.0768784668
2066,Wakulla County,FL,12,2014-10-31,135205.99185766198
378,Baker County,FL,12,2014-10-31,137884.77869052495
2148,Bradford County,FL,12,2014-10-31,106036.18914142088
1076,Hardee County,FL,12,2014-10-31,81841.91396672571
3050,Washington County,FL,12,2014-10-31,89466.5460368989
1419,Taylor County,FL,12,2014-10-31,90534.46418613289
1094,Holmes County,FL,12,2014-10-31,93103.03656410852
1896,Madison County,FL,12,2014-10-31,94694.51458960772
2704,Gilchrist County,FL,12,2014-10-31,113396.55934986212
480,Dixie County,FL,12,2014-10-31,86852.45549074808
762,Union County,FL,12,2014-10-31,111072.78039642046
169,Gulf County,FL,12,2014-10-31,174130.28968263976
2735,Jefferson County,FL,12,2014-10-31,132932.88404913087
2315,Hamilton County,FL,12,2014-10-31,81875.1801340413
1571,Calhoun County,FL,12,2014-10-31,91412.09592703376
2272,Franklin County,FL,12,2014-10-31,207754.65330080347
1042,Glades County,FL,12,2014-10-31,94070.0845081384
2769,Lafayette County,FL,12,2014-10-31,106795.96663901974
1858,Liberty County,FL,12,2014-10-31,91574.49462909576
2964,Miami-Dade County,FL,12,2014-11-30,222837.9044784977
1561,Broward County,FL,12,2014-11-30,190423.0926520127
2993,Palm Beach County,FL,12,2014-11-30,212927.92657370088
3165,Hillsborough County,FL,12,2014-11-30,164281.86000644628
1287,Orange County,FL,12,2014-11-30,179632.16127930986
489,Duval County,FL,12,2014-11-30,133270.01956800316
2480,Pinellas County,FL,12,2014-11-30,158068.81780263412
80,Lee County,FL,12,2014-11-30,179596.21339461487
285,Polk County,FL,12,2014-11-30,128289.45277100736
1556,Brevard County,FL,12,2014-11-30,144602.1036002036
669,Pasco County,FL,12,2014-11-30,141797.1655316035
2063,Volusia County,FL,12,2014-11-30,138648.20544983938
2538,Seminole County,FL,12,2014-11-30,179688.89676290835
2528,Sarasota County,FL,12,2014-11-30,210537.31944208688
1916,Manatee County,FL,12,2014-11-30,208403.45449414835
1957,Osceola County,FL,12,2014-11-30,167566.276041654
219,Lake County,FL,12,2014-11-30,165944.40561041006
1638,Collier County,FL,12,2014-11-30,290436.7445321516
1161,Marion County,FL,12,2014-11-30,115396.45862927457
3131,Saint Lucie County,FL,12,2014-11-30,138387.01017188866
2259,Escambia County,FL,12,2014-11-30,125950.08614910331
232,Leon County,FL,12,2014-11-30,158999.63544894545
1509,Alachua County,FL,12,2014-11-30,148865.5431327217
3128,Saint Johns County,FL,12,2014-11-30,253070.5740538808
118,Clay County,FL,12,2014-11-30,158598.75328879207
2460,Okaloosa County,FL,12,2014-11-30,183827.1694364549
2341,Hernando County,FL,12,2014-11-30,111725.0702690262
2650,Charlotte County,FL,12,2014-11-30,153835.46675348058
3026,Santa Rosa County,FL,12,2014-11-30,165080.8067303296
67,Bay County,FL,12,2014-11-30,168612.5156553435
3168,Indian River County,FL,12,2014-11-30,162157.42543735474
1176,Martin County,FL,12,2014-11-30,200269.5419975769
938,Citrus County,FL,12,2014-11-30,109128.11384003748
1409,Sumter County,FL,12,2014-11-30,242802.2321496034
1707,Flagler County,FL,12,2014-11-30,177218.00204661037
2724,Highlands County,FL,12,2014-11-30,87656.70241892508
1251,Nassau County,FL,12,2014-11-30,216373.83398172804
1214,Monroe County,FL,12,2014-11-30,
1468,Walton County,FL,12,2014-11-30,308488.8277725324
1338,Putnam County,FL,12,2014-11-30,81383.64846958772
2212,Columbia County,FL,12,2014-11-30,113625.38555549164
1794,Jackson County,FL,12,2014-11-30,85843.99749897937
1717,Gadsden County,FL,12,2014-11-30,90853.45003050112
2570,Suwannee County,FL,12,2014-11-30,114256.24696967224
234,Levy County,FL,12,2014-11-30,114902.0274153991
2990,Okeechobee County,FL,12,2014-11-30,95710.91150997057
1093,Hendry County,FL,12,2014-11-30,86291.30699117981
1659,De Soto County,FL,12,2014-11-30,92303.6266337197
2066,Wakulla County,FL,12,2014-11-30,135250.47843082785
378,Baker County,FL,12,2014-11-30,137652.96824017985
2148,Bradford County,FL,12,2014-11-30,105298.22430330567
1076,Hardee County,FL,12,2014-11-30,81772.36319061778
3050,Washington County,FL,12,2014-11-30,89749.68966406588
1419,Taylor County,FL,12,2014-11-30,90332.2028765128
1094,Holmes County,FL,12,2014-11-30,92371.57609219062
1896,Madison County,FL,12,2014-11-30,93506.24989536084
2704,Gilchrist County,FL,12,2014-11-30,113401.77562634968
480,Dixie County,FL,12,2014-11-30,87136.50590252453
762,Union County,FL,12,2014-11-30,110848.036537097
169,Gulf County,FL,12,2014-11-30,175307.76222283594
2735,Jefferson County,FL,12,2014-11-30,132528.46352045427
2315,Hamilton County,FL,12,2014-11-30,81562.20025719785
1571,Calhoun County,FL,12,2014-11-30,90940.03134838166
2272,Franklin County,FL,12,2014-11-30,207688.11608995768
1042,Glades County,FL,12,2014-11-30,94243.2353309443
2769,Lafayette County,FL,12,2014-11-30,107335.81090515466
1858,Liberty County,FL,12,2014-11-30,91226.84895211952
2964,Miami-Dade County,FL,12,2014-12-31,224943.9821406032
1561,Broward County,FL,12,2014-12-31,192100.9669647196
2993,Palm Beach County,FL,12,2014-12-31,214928.9281583453
3165,Hillsborough County,FL,12,2014-12-31,165300.19082182253
1287,Orange County,FL,12,2014-12-31,180788.02812019337
489,Duval County,FL,12,2014-12-31,134008.97979530698
2480,Pinellas County,FL,12,2014-12-31,159829.805836899
80,Lee County,FL,12,2014-12-31,181260.29117192703
285,Polk County,FL,12,2014-12-31,129502.4257028912
1556,Brevard County,FL,12,2014-12-31,145644.6852607792
669,Pasco County,FL,12,2014-12-31,142489.17417862677
2063,Volusia County,FL,12,2014-12-31,139713.0579032063
2538,Seminole County,FL,12,2014-12-31,180694.1121908349
2528,Sarasota County,FL,12,2014-12-31,212197.685261678
1916,Manatee County,FL,12,2014-12-31,209873.216457416
1957,Osceola County,FL,12,2014-12-31,168322.00866519482
219,Lake County,FL,12,2014-12-31,166724.9933991927
1638,Collier County,FL,12,2014-12-31,294309.0788210383
1161,Marion County,FL,12,2014-12-31,115897.8026621718
3131,Saint Lucie County,FL,12,2014-12-31,139709.66640795596
2259,Escambia County,FL,12,2014-12-31,126556.94122074085
232,Leon County,FL,12,2014-12-31,159647.62755763278
1509,Alachua County,FL,12,2014-12-31,149219.27391332373
3128,Saint Johns County,FL,12,2014-12-31,254378.455096275
118,Clay County,FL,12,2014-12-31,159188.44688459393
2460,Okaloosa County,FL,12,2014-12-31,184073.07026135383
2341,Hernando County,FL,12,2014-12-31,112256.12827747077
2650,Charlotte County,FL,12,2014-12-31,155144.63823493326
3026,Santa Rosa County,FL,12,2014-12-31,165785.93844345267
67,Bay County,FL,12,2014-12-31,169202.3860131286
3168,Indian River County,FL,12,2014-12-31,163358.89039494153
1176,Martin County,FL,12,2014-12-31,201900.5896632757
938,Citrus County,FL,12,2014-12-31,109328.560746674
1409,Sumter County,FL,12,2014-12-31,244493.7704349111
1707,Flagler County,FL,12,2014-12-31,178094.11275035035
2724,Highlands County,FL,12,2014-12-31,88126.83647952524
1251,Nassau County,FL,12,2014-12-31,217446.80893280185
1214,Monroe County,FL,12,2014-12-31,
1468,Walton County,FL,12,2014-12-31,310242.5369722537
1338,Putnam County,FL,12,2014-12-31,81335.51750538305
2212,Columbia County,FL,12,2014-12-31,113834.98220098345
1794,Jackson County,FL,12,2014-12-31,85588.25845900184
1717,Gadsden County,FL,12,2014-12-31,90994.29754059884
2570,Suwannee County,FL,12,2014-12-31,114094.3806678165
234,Levy County,FL,12,2014-12-31,115741.33503953942
2990,Okeechobee County,FL,12,2014-12-31,96418.55053468044
1093,Hendry County,FL,12,2014-12-31,87108.91250021402
1659,De Soto County,FL,12,2014-12-31,93208.36668535846
2066,Wakulla County,FL,12,2014-12-31,135340.69617161297
378,Baker County,FL,12,2014-12-31,137618.04309540676
2148,Bradford County,FL,12,2014-12-31,104928.23064955126
1076,Hardee County,FL,12,2014-12-31,81858.27369535268
3050,Washington County,FL,12,2014-12-31,90627.2838325004
1419,Taylor County,FL,12,2014-12-31,90319.16529675316
1094,Holmes County,FL,12,2014-12-31,92002.93761208165
1896,Madison County,FL,12,2014-12-31,92875.3842849423
2704,Gilchrist County,FL,12,2014-12-31,113526.60840769835
480,Dixie County,FL,12,2014-12-31,87771.35138592287
762,Union County,FL,12,2014-12-31,110441.18638070728
169,Gulf County,FL,12,2014-12-31,176261.41987957075
2735,Jefferson County,FL,12,2014-12-31,132424.55454531778
2315,Hamilton County,FL,12,2014-12-31,81603.91978386957
1571,Calhoun County,FL,12,2014-12-31,90624.6540879906
2272,Franklin County,FL,12,2014-12-31,208048.82417027617
1042,Glades County,FL,12,2014-12-31,94578.71238800896
2769,Lafayette County,FL,12,2014-12-31,108178.91215847524
1858,Liberty County,FL,12,2014-12-31,91399.71444237127
2964,Miami-Dade County,FL,12,2015-01-31,226860.13591894112
1561,Broward County,FL,12,2015-01-31,193857.53502914344
2993,Palm Beach County,FL,12,2015-01-31,217084.7899699153
3165,Hillsborough County,FL,12,2015-01-31,166530.51916292228
1287,Orange County,FL,12,2015-01-31,182351.289030486
489,Duval County,FL,12,2015-01-31,134360.35859891112
2480,Pinellas County,FL,12,2015-01-31,161003.39355692055
80,Lee County,FL,12,2015-01-31,182851.5960243409
285,Polk County,FL,12,2015-01-31,130479.93923673802
1556,Brevard County,FL,12,2015-01-31,147211.8185306663
669,Pasco County,FL,12,2015-01-31,143200.7756905285
2063,Volusia County,FL,12,2015-01-31,140676.37868853114
2538,Seminole County,FL,12,2015-01-31,181952.78893032868
2528,Sarasota County,FL,12,2015-01-31,214129.7739225177
1916,Manatee County,FL,12,2015-01-31,211200.8840443854
1957,Osceola County,FL,12,2015-01-31,169111.69274439558
219,Lake County,FL,12,2015-01-31,167609.60962232496
1638,Collier County,FL,12,2015-01-31,298220.2782370932
1161,Marion County,FL,12,2015-01-31,116405.56300392604
3131,Saint Lucie County,FL,12,2015-01-31,141224.9074574634
2259,Escambia County,FL,12,2015-01-31,127090.94225483524
232,Leon County,FL,12,2015-01-31,160308.72646016403
1509,Alachua County,FL,12,2015-01-31,149742.21028380937
3128,Saint Johns County,FL,12,2015-01-31,255740.0135903963
118,Clay County,FL,12,2015-01-31,160169.47073787006
2460,Okaloosa County,FL,12,2015-01-31,184820.426056786
2341,Hernando County,FL,12,2015-01-31,112901.26975983554
2650,Charlotte County,FL,12,2015-01-31,156567.98828392176
3026,Santa Rosa County,FL,12,2015-01-31,166901.82074447486
67,Bay County,FL,12,2015-01-31,170264.35370407611
3168,Indian River County,FL,12,2015-01-31,164574.35641996277
1176,Martin County,FL,12,2015-01-31,203676.0010632789
938,Citrus County,FL,12,2015-01-31,109860.94580351091
1409,Sumter County,FL,12,2015-01-31,246179.42444387297
1707,Flagler County,FL,12,2015-01-31,179130.20225710215
2724,Highlands County,FL,12,2015-01-31,88433.42276636245
1251,Nassau County,FL,12,2015-01-31,219093.34904022657
1214,Monroe County,FL,12,2015-01-31,
1468,Walton County,FL,12,2015-01-31,312602.9969367457
1338,Putnam County,FL,12,2015-01-31,81534.28077610167
2212,Columbia County,FL,12,2015-01-31,114298.07251985423
1794,Jackson County,FL,12,2015-01-31,85604.62752955664
1717,Gadsden County,FL,12,2015-01-31,91351.16787139115
2570,Suwannee County,FL,12,2015-01-31,114113.77457790724
234,Levy County,FL,12,2015-01-31,116248.2703937802
2990,Okeechobee County,FL,12,2015-01-31,97088.40281993202
1093,Hendry County,FL,12,2015-01-31,88282.25364098411
1659,De Soto County,FL,12,2015-01-31,94120.17438412637
2066,Wakulla County,FL,12,2015-01-31,135183.7279152553
378,Baker County,FL,12,2015-01-31,138319.8926238228
2148,Bradford County,FL,12,2015-01-31,104564.7087371289
1076,Hardee County,FL,12,2015-01-31,82549.69354483747
3050,Washington County,FL,12,2015-01-31,91620.99823725752
1419,Taylor County,FL,12,2015-01-31,90699.75729132614
1094,Holmes County,FL,12,2015-01-31,91990.91023651692
1896,Madison County,FL,12,2015-01-31,93045.80223136971
2704,Gilchrist County,FL,12,2015-01-31,114324.23304333264
480,Dixie County,FL,12,2015-01-31,89420.64261934928
762,Union County,FL,12,2015-01-31,110557.67863514365
169,Gulf County,FL,12,2015-01-31,177049.05843192482
2735,Jefferson County,FL,12,2015-01-31,132522.04269738187
2315,Hamilton County,FL,12,2015-01-31,81482.32977338362
1571,Calhoun County,FL,12,2015-01-31,90597.5008066502
2272,Franklin County,FL,12,2015-01-31,209037.7102893288
1042,Glades County,FL,12,2015-01-31,94926.47526760942
2769,Lafayette County,FL,12,2015-01-31,109035.13042240648
1858,Liberty County,FL,12,2015-01-31,91727.76713387016
2964,Miami-Dade County,FL,12,2015-02-28,228688.2099471401
1561,Broward County,FL,12,2015-02-28,195329.6062169656
2993,Palm Beach County,FL,12,2015-02-28,218799.81630795173
3165,Hillsborough County,FL,12,2015-02-28,167716.5919307009
1287,Orange County,FL,12,2015-02-28,183804.5150957144
489,Duval County,FL,12,2015-02-28,134554.80865750485
2480,Pinellas County,FL,12,2015-02-28,161849.6008457377
80,Lee County,FL,12,2015-02-28,184147.75972647127
285,Polk County,FL,12,2015-02-28,131081.9621614227
1556,Brevard County,FL,12,2015-02-28,148859.4894663992
669,Pasco County,FL,12,2015-02-28,143923.4685737706
2063,Volusia County,FL,12,2015-02-28,141491.7068829544
2538,Seminole County,FL,12,2015-02-28,183037.70522095825
2528,Sarasota County,FL,12,2015-02-28,215637.44542112763
1916,Manatee County,FL,12,2015-02-28,212402.22028965352
1957,Osceola County,FL,12,2015-02-28,169861.7934041806
219,Lake County,FL,12,2015-02-28,168450.63157835594
1638,Collier County,FL,12,2015-02-28,301364.5590212692
1161,Marion County,FL,12,2015-02-28,116466.57754224572
3131,Saint Lucie County,FL,12,2015-02-28,142691.81211888793
2259,Escambia County,FL,12,2015-02-28,127392.62634156168
232,Leon County,FL,12,2015-02-28,160660.43567290832
1509,Alachua County,FL,12,2015-02-28,150459.4208060203
3128,Saint Johns County,FL,12,2015-02-28,256754.7816218604
118,Clay County,FL,12,2015-02-28,160961.2341432546
2460,Okaloosa County,FL,12,2015-02-28,185511.67318767327
2341,Hernando County,FL,12,2015-02-28,113378.25197581676
2650,Charlotte County,FL,12,2015-02-28,157611.88435345935
3026,Santa Rosa County,FL,12,2015-02-28,167904.37974768865
67,Bay County,FL,12,2015-02-28,171352.96106235546
3168,Indian River County,FL,12,2015-02-28,165858.0419118326
1176,Martin County,FL,12,2015-02-28,205409.7268798877
938,Citrus County,FL,12,2015-02-28,110386.01388117444
1409,Sumter County,FL,12,2015-02-28,247594.13595580315
1707,Flagler County,FL,12,2015-02-28,179934.3808509129
2724,Highlands County,FL,12,2015-02-28,88751.7506276433
1251,Nassau County,FL,12,2015-02-28,220865.51123991227
1214,Monroe County,FL,12,2015-02-28,
1468,Walton County,FL,12,2015-02-28,315365.8476895485
1338,Putnam County,FL,12,2015-02-28,82009.58275931703
2212,Columbia County,FL,12,2015-02-28,114436.53084219836
1794,Jackson County,FL,12,2015-02-28,85923.38297333173
1717,Gadsden County,FL,12,2015-02-28,91410.92504544707
2570,Suwannee County,FL,12,2015-02-28,114132.8102699068
234,Levy County,FL,12,2015-02-28,116214.6033029438
2990,Okeechobee County,FL,12,2015-02-28,97355.4939227837
1093,Hendry County,FL,12,2015-02-28,89172.72691905063
1659,De Soto County,FL,12,2015-02-28,94945.02365908575
2066,Wakulla County,FL,12,2015-02-28,134787.03950353872
378,Baker County,FL,12,2015-02-28,139669.62997381293
2148,Bradford County,FL,12,2015-02-28,104325.97811844463
1076,Hardee County,FL,12,2015-02-28,83079.32135397491
3050,Washington County,FL,12,2015-02-28,92503.4173651646
1419,Taylor County,FL,12,2015-02-28,91313.87464688862
1094,Holmes County,FL,12,2015-02-28,92338.21114280303
1896,Madison County,FL,12,2015-02-28,93151.796029502
2704,Gilchrist County,FL,12,2015-02-28,115384.86067609784
480,Dixie County,FL,12,2015-02-28,91094.67466057518
762,Union County,FL,12,2015-02-28,110543.78948806698
169,Gulf County,FL,12,2015-02-28,177771.50758462594
2735,Jefferson County,FL,12,2015-02-28,132582.09630764477
2315,Hamilton County,FL,12,2015-02-28,81043.61032825503
1571,Calhoun County,FL,12,2015-02-28,90734.2083929678
2272,Franklin County,FL,12,2015-02-28,210167.6759714171
1042,Glades County,FL,12,2015-02-28,95027.08818757883
2769,Lafayette County,FL,12,2015-02-28,109832.66038396426
1858,Liberty County,FL,12,2015-02-28,92153.78226204075
2964,Miami-Dade County,FL,12,2015-03-31,230301.9684096868
1561,Broward County,FL,12,2015-03-31,196727.45857479787
2993,Palm Beach County,FL,12,2015-03-31,220274.5319315412
3165,Hillsborough County,FL,12,2015-03-31,168760.71831123927
1287,Orange County,FL,12,2015-03-31,184892.1539009861
489,Duval County,FL,12,2015-03-31,134618.94430151474
2480,Pinellas County,FL,12,2015-03-31,162432.84705383284
80,Lee County,FL,12,2015-03-31,185461.7271218664
285,Polk County,FL,12,2015-03-31,131579.273147475
1556,Brevard County,FL,12,2015-03-31,150315.43373846996
669,Pasco County,FL,12,2015-03-31,144755.2653007972
2063,Volusia County,FL,12,2015-03-31,142295.17630151016
2538,Seminole County,FL,12,2015-03-31,184208.78652349688
2528,Sarasota County,FL,12,2015-03-31,216969.6064861168
1916,Manatee County,FL,12,2015-03-31,213370.4416190192
1957,Osceola County,FL,12,2015-03-31,170672.52619658576
219,Lake County,FL,12,2015-03-31,169156.7911445766
1638,Collier County,FL,12,2015-03-31,303744.6666391237
1161,Marion County,FL,12,2015-03-31,116628.183363956
3131,Saint Lucie County,FL,12,2015-03-31,143894.0138584306
2259,Escambia County,FL,12,2015-03-31,127571.80678763788
232,Leon County,FL,12,2015-03-31,160867.35047077
1509,Alachua County,FL,12,2015-03-31,151068.4290180933
3128,Saint Johns County,FL,12,2015-03-31,257793.6634426673
118,Clay County,FL,12,2015-03-31,161456.0345758654
2460,Okaloosa County,FL,12,2015-03-31,186299.71300335744
2341,Hernando County,FL,12,2015-03-31,113991.02091652546
2650,Charlotte County,FL,12,2015-03-31,158357.14364171436
3026,Santa Rosa County,FL,12,2015-03-31,168820.58149422065
67,Bay County,FL,12,2015-03-31,172271.80982711725
3168,Indian River County,FL,12,2015-03-31,167193.95985198743
1176,Martin County,FL,12,2015-03-31,206794.2999344185
938,Citrus County,FL,12,2015-03-31,111100.4886820513
1409,Sumter County,FL,12,2015-03-31,248566.6322445992
1707,Flagler County,FL,12,2015-03-31,180392.48029963905
2724,Highlands County,FL,12,2015-03-31,89215.32847304434
1251,Nassau County,FL,12,2015-03-31,222241.46623574712
1214,Monroe County,FL,12,2015-03-31,
1468,Walton County,FL,12,2015-03-31,318122.1068614233
1338,Putnam County,FL,12,2015-03-31,82387.1421706445
2212,Columbia County,FL,12,2015-03-31,114694.50742120785
1794,Jackson County,FL,12,2015-03-31,86205.33963620494
1717,Gadsden County,FL,12,2015-03-31,91350.14146097755
2570,Suwannee County,FL,12,2015-03-31,114175.31969951658
234,Levy County,FL,12,2015-03-31,115933.49003231432
2990,Okeechobee County,FL,12,2015-03-31,97503.1412481197
1093,Hendry County,FL,12,2015-03-31,90137.29500433084
1659,De Soto County,FL,12,2015-03-31,95705.87979636175
2066,Wakulla County,FL,12,2015-03-31,134478.06960701404
378,Baker County,FL,12,2015-03-31,141463.4024974643
2148,Bradford County,FL,12,2015-03-31,104111.48262744774
1076,Hardee County,FL,12,2015-03-31,83832.89458043974
3050,Washington County,FL,12,2015-03-31,92780.57554367922
1419,Taylor County,FL,12,2015-03-31,91698.34029162274
1094,Holmes County,FL,12,2015-03-31,92985.33407080312
1896,Madison County,FL,12,2015-03-31,93159.02722669498
2704,Gilchrist County,FL,12,2015-03-31,116572.4262623033
480,Dixie County,FL,12,2015-03-31,92587.26697567692
762,Union County,FL,12,2015-03-31,111060.9492538587
169,Gulf County,FL,12,2015-03-31,178433.04889802658
2735,Jefferson County,FL,12,2015-03-31,133227.9249315397
2315,Hamilton County,FL,12,2015-03-31,80505.5918368606
1571,Calhoun County,FL,12,2015-03-31,90867.90658203424
2272,Franklin County,FL,12,2015-03-31,211237.11703482945
1042,Glades County,FL,12,2015-03-31,95082.93689165571
2769,Lafayette County,FL,12,2015-03-31,110399.23991727742
1858,Liberty County,FL,12,2015-03-31,92651.13444445012
2964,Miami-Dade County,FL,12,2015-04-30,232289.98365119
1561,Broward County,FL,12,2015-04-30,198094.3843279505
2993,Palm Beach County,FL,12,2015-04-30,221587.2075872014
3165,Hillsborough County,FL,12,2015-04-30,169648.12049154998
1287,Orange County,FL,12,2015-04-30,185867.6922133258
489,Duval County,FL,12,2015-04-30,135206.65220010703
2480,Pinellas County,FL,12,2015-04-30,163580.17001271233
80,Lee County,FL,12,2015-04-30,186757.28957164063
285,Polk County,FL,12,2015-04-30,132245.73984554308
1556,Brevard County,FL,12,2015-04-30,151547.20807113053
669,Pasco County,FL,12,2015-04-30,145856.89989834136
2063,Volusia County,FL,12,2015-04-30,143149.48595455277
2538,Seminole County,FL,12,2015-04-30,185352.10676606733
2528,Sarasota County,FL,12,2015-04-30,218340.8227493369
1916,Manatee County,FL,12,2015-04-30,214303.95479799752
1957,Osceola County,FL,12,2015-04-30,171594.00139340933
219,Lake County,FL,12,2015-04-30,169866.97800678547
1638,Collier County,FL,12,2015-04-30,305844.21188336046
1161,Marion County,FL,12,2015-04-30,117103.27925381444
3131,Saint Lucie County,FL,12,2015-04-30,144939.45165458095
2259,Escambia County,FL,12,2015-04-30,128155.73098472328
232,Leon County,FL,12,2015-04-30,161059.42201050642
1509,Alachua County,FL,12,2015-04-30,151626.31267197971
3128,Saint Johns County,FL,12,2015-04-30,258815.14947441703
118,Clay County,FL,12,2015-04-30,161712.3694050163
2460,Okaloosa County,FL,12,2015-04-30,187127.86797091537
2341,Hernando County,FL,12,2015-04-30,114839.77892583692
2650,Charlotte County,FL,12,2015-04-30,159323.720902327
3026,Santa Rosa County,FL,12,2015-04-30,169437.98774302696
67,Bay County,FL,12,2015-04-30,173249.43155549347
3168,Indian River County,FL,12,2015-04-30,168270.97820037158
1176,Martin County,FL,12,2015-04-30,208132.28692948268
938,Citrus County,FL,12,2015-04-30,111898.61272468256
1409,Sumter County,FL,12,2015-04-30,249043.0913255834
1707,Flagler County,FL,12,2015-04-30,180857.8969657152
2724,Highlands County,FL,12,2015-04-30,90098.19578149548
1251,Nassau County,FL,12,2015-04-30,223290.81207000505
1214,Monroe County,FL,12,2015-04-30,
1468,Walton County,FL,12,2015-04-30,320407.5035759644
1338,Putnam County,FL,12,2015-04-30,83069.75372496671
2212,Columbia County,FL,12,2015-04-30,115161.78036070144
1794,Jackson County,FL,12,2015-04-30,86788.52133987908
1717,Gadsden County,FL,12,2015-04-30,91345.35328898564
2570,Suwannee County,FL,12,2015-04-30,114760.16938012536
234,Levy County,FL,12,2015-04-30,116231.7324648786
2990,Okeechobee County,FL,12,2015-04-30,97832.41495535204
1093,Hendry County,FL,12,2015-04-30,90975.97547765209
1659,De Soto County,FL,12,2015-04-30,96662.8863581588
2066,Wakulla County,FL,12,2015-04-30,134693.17572126022
378,Baker County,FL,12,2015-04-30,143069.9217137495
2148,Bradford County,FL,12,2015-04-30,104262.16407905128
1076,Hardee County,FL,12,2015-04-30,84719.6407417798
3050,Washington County,FL,12,2015-04-30,92958.72184060296
1419,Taylor County,FL,12,2015-04-30,91914.50298159914
1094,Holmes County,FL,12,2015-04-30,93829.68757238712
1896,Madison County,FL,12,2015-04-30,93367.67059597008
2704,Gilchrist County,FL,12,2015-04-30,117661.97565583064
480,Dixie County,FL,12,2015-04-30,93507.76324540778
762,Union County,FL,12,2015-04-30,112055.28577913305
169,Gulf County,FL,12,2015-04-30,179457.20150462535
2735,Jefferson County,FL,12,2015-04-30,133870.90023891532
2315,Hamilton County,FL,12,2015-04-30,80525.46173579477
1571,Calhoun County,FL,12,2015-04-30,91050.5615522826
2272,Franklin County,FL,12,2015-04-30,212506.451232786
1042,Glades County,FL,12,2015-04-30,95193.13571180595
2769,Lafayette County,FL,12,2015-04-30,110958.28362564115
1858,Liberty County,FL,12,2015-04-30,93484.31128917295
2964,Miami-Dade County,FL,12,2015-05-31,234491.26059806204
1561,Broward County,FL,12,2015-05-31,199547.4147513295
2993,Palm Beach County,FL,12,2015-05-31,223148.2393107424
3165,Hillsborough County,FL,12,2015-05-31,170469.822156498
1287,Orange County,FL,12,2015-05-31,186803.2035976181
489,Duval County,FL,12,2015-05-31,136204.57265746
2480,Pinellas County,FL,12,2015-05-31,165047.3572162751
80,Lee County,FL,12,2015-05-31,188372.2697796847
285,Polk County,FL,12,2015-05-31,133081.57370396738
1556,Brevard County,FL,12,2015-05-31,152727.81985716274
669,Pasco County,FL,12,2015-05-31,146980.7465752931
2063,Volusia County,FL,12,2015-05-31,144108.26409249837
2538,Seminole County,FL,12,2015-05-31,186844.3741371249
2528,Sarasota County,FL,12,2015-05-31,220141.95546854465
1916,Manatee County,FL,12,2015-05-31,215647.5695749804
1957,Osceola County,FL,12,2015-05-31,172494.03225173883
219,Lake County,FL,12,2015-05-31,170713.80367288532
1638,Collier County,FL,12,2015-05-31,308231.491681877
1161,Marion County,FL,12,2015-05-31,118194.66582345797
3131,Saint Lucie County,FL,12,2015-05-31,146211.4896166327
2259,Escambia County,FL,12,2015-05-31,129017.44293391216
232,Leon County,FL,12,2015-05-31,161622.61365511073
1509,Alachua County,FL,12,2015-05-31,152266.83450123426
3128,Saint Johns County,FL,12,2015-05-31,260174.80617164625
118,Clay County,FL,12,2015-05-31,162013.7622253752
2460,Okaloosa County,FL,12,2015-05-31,188089.6920439632
2341,Hernando County,FL,12,2015-05-31,115792.5434080954
2650,Charlotte County,FL,12,2015-05-31,160680.43993910626
3026,Santa Rosa County,FL,12,2015-05-31,170105.19740730562
67,Bay County,FL,12,2015-05-31,174130.65853419193
3168,Indian River County,FL,12,2015-05-31,169111.124037305
1176,Martin County,FL,12,2015-05-31,209436.8105079365
938,Citrus County,FL,12,2015-05-31,112918.7774859516
1409,Sumter County,FL,12,2015-05-31,249597.97232314773
1707,Flagler County,FL,12,2015-05-31,181786.4798358976
2724,Highlands County,FL,12,2015-05-31,91109.2446711553
1251,Nassau County,FL,12,2015-05-31,224595.50009670423
1214,Monroe County,FL,12,2015-05-31,
1468,Walton County,FL,12,2015-05-31,322548.113484533
1338,Putnam County,FL,12,2015-05-31,83899.41405158583
2212,Columbia County,FL,12,2015-05-31,116129.943372823
1794,Jackson County,FL,12,2015-05-31,87316.95254739215
1717,Gadsden County,FL,12,2015-05-31,91509.55945404829
2570,Suwannee County,FL,12,2015-05-31,115559.7551990673
234,Levy County,FL,12,2015-05-31,117180.27234172673
2990,Okeechobee County,FL,12,2015-05-31,98703.2296898518
1093,Hendry County,FL,12,2015-05-31,91886.4006443746
1659,De Soto County,FL,12,2015-05-31,97511.20508522948
2066,Wakulla County,FL,12,2015-05-31,135699.55923731203
378,Baker County,FL,12,2015-05-31,144391.22192445138
2148,Bradford County,FL,12,2015-05-31,104566.4831235278
1076,Hardee County,FL,12,2015-05-31,85894.85417029445
3050,Washington County,FL,12,2015-05-31,93314.26292479066
1419,Taylor County,FL,12,2015-05-31,92097.75804280907
1094,Holmes County,FL,12,2015-05-31,94971.37610352866
1896,Madison County,FL,12,2015-05-31,93685.2104229335
2704,Gilchrist County,FL,12,2015-05-31,118756.50756103704
480,Dixie County,FL,12,2015-05-31,94032.85146980372
762,Union County,FL,12,2015-05-31,113402.35748874076
169,Gulf County,FL,12,2015-05-31,180873.2835410545
2735,Jefferson County,FL,12,2015-05-31,134803.78438678733
2315,Hamilton County,FL,12,2015-05-31,81003.80255461892
1571,Calhoun County,FL,12,2015-05-31,91416.76835170249
2272,Franklin County,FL,12,2015-05-31,213697.30317848583
1042,Glades County,FL,12,2015-05-31,95641.43863499124
2769,Lafayette County,FL,12,2015-05-31,111610.8970546978
1858,Liberty County,FL,12,2015-05-31,94568.4426317296
2964,Miami-Dade County,FL,12,2015-06-30,236774.5558267385
1561,Broward County,FL,12,2015-06-30,200758.37599943345
2993,Palm Beach County,FL,12,2015-06-30,224854.8096682933
3165,Hillsborough County,FL,12,2015-06-30,171268.57415694164
1287,Orange County,FL,12,2015-06-30,187818.51723798583
489,Duval County,FL,12,2015-06-30,137207.19557048226
2480,Pinellas County,FL,12,2015-06-30,166588.3035868346
80,Lee County,FL,12,2015-06-30,190119.17517839395
285,Polk County,FL,12,2015-06-30,134058.65903963265
1556,Brevard County,FL,12,2015-06-30,153926.34565555572
669,Pasco County,FL,12,2015-06-30,148068.34728727976
2063,Volusia County,FL,12,2015-06-30,144991.13177364715
2538,Seminole County,FL,12,2015-06-30,188099.88030842264
2528,Sarasota County,FL,12,2015-06-30,222216.94824920385
1916,Manatee County,FL,12,2015-06-30,217280.0877316445
1957,Osceola County,FL,12,2015-06-30,173302.2828787322
219,Lake County,FL,12,2015-06-30,171683.25645840727
1638,Collier County,FL,12,2015-06-30,310956.6666892996
1161,Marion County,FL,12,2015-06-30,119466.12860242443
3131,Saint Lucie County,FL,12,2015-06-30,147896.5439256998
2259,Escambia County,FL,12,2015-06-30,129901.04771657837
232,Leon County,FL,12,2015-06-30,162215.7713037542
1509,Alachua County,FL,12,2015-06-30,153043.85395029912
3128,Saint Johns County,FL,12,2015-06-30,261499.82444234745
118,Clay County,FL,12,2015-06-30,162481.26317627088
2460,Okaloosa County,FL,12,2015-06-30,189019.2239126344
2341,Hernando County,FL,12,2015-06-30,116639.36066100134
2650,Charlotte County,FL,12,2015-06-30,162415.3662204391
3026,Santa Rosa County,FL,12,2015-06-30,170758.58001285585
67,Bay County,FL,12,2015-06-30,175017.98530834992
3168,Indian River County,FL,12,2015-06-30,170103.17007942882
1176,Martin County,FL,12,2015-06-30,210989.3884186849
938,Citrus County,FL,12,2015-06-30,114083.92141250528
1409,Sumter County,FL,12,2015-06-30,250158.45098362069
1707,Flagler County,FL,12,2015-06-30,183135.30409528807
2724,Highlands County,FL,12,2015-06-30,92214.35677182596
1251,Nassau County,FL,12,2015-06-30,226236.013599347
1214,Monroe County,FL,12,2015-06-30,
1468,Walton County,FL,12,2015-06-30,324184.44021403504
1338,Putnam County,FL,12,2015-06-30,84820.49352887184
2212,Columbia County,FL,12,2015-06-30,117080.57714477144
1794,Jackson County,FL,12,2015-06-30,87724.21403251251
1717,Gadsden County,FL,12,2015-06-30,91880.2403093468
2570,Suwannee County,FL,12,2015-06-30,116672.92871256686
234,Levy County,FL,12,2015-06-30,118309.43093377148
2990,Okeechobee County,FL,12,2015-06-30,99863.0587851056
1093,Hendry County,FL,12,2015-06-30,92623.82667014304
1659,De Soto County,FL,12,2015-06-30,98233.46531790636
2066,Wakulla County,FL,12,2015-06-30,136978.94659076267
378,Baker County,FL,12,2015-06-30,145324.13767683352
2148,Bradford County,FL,12,2015-06-30,105128.82664921568
1076,Hardee County,FL,12,2015-06-30,86974.05001189944
3050,Washington County,FL,12,2015-06-30,93821.53470242037
1419,Taylor County,FL,12,2015-06-30,92407.31673395996
1094,Holmes County,FL,12,2015-06-30,95868.09765619224
1896,Madison County,FL,12,2015-06-30,94012.63958583314
2704,Gilchrist County,FL,12,2015-06-30,119713.98875823322
480,Dixie County,FL,12,2015-06-30,94389.67214217978
762,Union County,FL,12,2015-06-30,114848.09546323949
169,Gulf County,FL,12,2015-06-30,182655.06123866467
2735,Jefferson County,FL,12,2015-06-30,135630.45162957883
2315,Hamilton County,FL,12,2015-06-30,81621.94577853747
1571,Calhoun County,FL,12,2015-06-30,91842.97477059484
2272,Franklin County,FL,12,2015-06-30,214741.5442478545
1042,Glades County,FL,12,2015-06-30,96062.79652625974
2769,Lafayette County,FL,12,2015-06-30,112253.04303261002
1858,Liberty County,FL,12,2015-06-30,95819.534271895
2964,Miami-Dade County,FL,12,2015-07-31,239036.4460779485
1561,Broward County,FL,12,2015-07-31,202071.58232275184
2993,Palm Beach County,FL,12,2015-07-31,227017.3966478037
3165,Hillsborough County,FL,12,2015-07-31,172376.68559263076
1287,Orange County,FL,12,2015-07-31,188782.7181123666
489,Duval County,FL,12,2015-07-31,138374.65786925002
2480,Pinellas County,FL,12,2015-07-31,168303.70977411812
80,Lee County,FL,12,2015-07-31,192188.3714257072
285,Polk County,FL,12,2015-07-31,135189.30654622824
1556,Brevard County,FL,12,2015-07-31,155620.43662669908
669,Pasco County,FL,12,2015-07-31,149206.7653200059
2063,Volusia County,FL,12,2015-07-31,146058.28109725562
2538,Seminole County,FL,12,2015-07-31,189493.5987870132
2528,Sarasota County,FL,12,2015-07-31,224567.36478786625
1916,Manatee County,FL,12,2015-07-31,219533.4418516509
1957,Osceola County,FL,12,2015-07-31,174170.10448672585
219,Lake County,FL,12,2015-07-31,173008.93351060385
1638,Collier County,FL,12,2015-07-31,314398.197518603
1161,Marion County,FL,12,2015-07-31,120939.009865037
3131,Saint Lucie County,FL,12,2015-07-31,150233.06910420136
2259,Escambia County,FL,12,2015-07-31,130785.73788857904
232,Leon County,FL,12,2015-07-31,162896.95699471992
1509,Alachua County,FL,12,2015-07-31,153982.78521759782
3128,Saint Johns County,FL,12,2015-07-31,262855.7652073887
118,Clay County,FL,12,2015-07-31,163098.68031150324
2460,Okaloosa County,FL,12,2015-07-31,190038.1838244408
2341,Hernando County,FL,12,2015-07-31,117740.68673764964
2650,Charlotte County,FL,12,2015-07-31,164245.72736201202
3026,Santa Rosa County,FL,12,2015-07-31,171565.12499735664
67,Bay County,FL,12,2015-07-31,175994.0478933889
3168,Indian River County,FL,12,2015-07-31,171729.67572420664
1176,Martin County,FL,12,2015-07-31,212980.9923689557
938,Citrus County,FL,12,2015-07-31,115367.17756369332
1409,Sumter County,FL,12,2015-07-31,250663.04564954803
1707,Flagler County,FL,12,2015-07-31,184606.8880654905
2724,Highlands County,FL,12,2015-07-31,93402.14709227635
1251,Nassau County,FL,12,2015-07-31,227981.2887919722
1214,Monroe County,FL,12,2015-07-31,
1468,Walton County,FL,12,2015-07-31,325776.2198910189
1338,Putnam County,FL,12,2015-07-31,85856.85911181767
2212,Columbia County,FL,12,2015-07-31,117967.9567468326
1794,Jackson County,FL,12,2015-07-31,88015.01800800137
1717,Gadsden County,FL,12,2015-07-31,91996.35771681496
2570,Suwannee County,FL,12,2015-07-31,117928.8415882687
234,Levy County,FL,12,2015-07-31,119445.88866167962
2990,Okeechobee County,FL,12,2015-07-31,101314.57865396232
1093,Hendry County,FL,12,2015-07-31,93467.1361301107
1659,De Soto County,FL,12,2015-07-31,99119.6348514631
2066,Wakulla County,FL,12,2015-07-31,138264.05713152504
378,Baker County,FL,12,2015-07-31,146094.16319898152
2148,Bradford County,FL,12,2015-07-31,105732.15991289316
1076,Hardee County,FL,12,2015-07-31,88028.98066572752
3050,Washington County,FL,12,2015-07-31,94458.57619372632
1419,Taylor County,FL,12,2015-07-31,92493.11111419316
1094,Holmes County,FL,12,2015-07-31,96540.90281872672
1896,Madison County,FL,12,2015-07-31,94119.54975413026
2704,Gilchrist County,FL,12,2015-07-31,120356.95599422704
480,Dixie County,FL,12,2015-07-31,94687.92453161934
762,Union County,FL,12,2015-07-31,116213.45455003082
169,Gulf County,FL,12,2015-07-31,184712.90172312377
2735,Jefferson County,FL,12,2015-07-31,136657.821616895
2315,Hamilton County,FL,12,2015-07-31,82313.93425826488
1571,Calhoun County,FL,12,2015-07-31,92234.7779236306
2272,Franklin County,FL,12,2015-07-31,215386.9972394925
1042,Glades County,FL,12,2015-07-31,96755.34270949024
2769,Lafayette County,FL,12,2015-07-31,112709.88176702846
1858,Liberty County,FL,12,2015-07-31,96876.00201367748
2964,Miami-Dade County,FL,12,2015-08-31,241075.3743008986
1561,Broward County,FL,12,2015-08-31,203677.2653000052
2993,Palm Beach County,FL,12,2015-08-31,229243.85611284003
3165,Hillsborough County,FL,12,2015-08-31,173658.38699764165
1287,Orange County,FL,12,2015-08-31,189909.08601023737
489,Duval County,FL,12,2015-08-31,139673.55555447517
2480,Pinellas County,FL,12,2015-08-31,170176.0285769912
80,Lee County,FL,12,2015-08-31,194338.53602360623
285,Polk County,FL,12,2015-08-31,136375.13069833952
1556,Brevard County,FL,12,2015-08-31,157490.7509364776
669,Pasco County,FL,12,2015-08-31,150317.1140918492
2063,Volusia County,FL,12,2015-08-31,147255.11517134297
2538,Seminole County,FL,12,2015-08-31,190845.77162522497
2528,Sarasota County,FL,12,2015-08-31,227168.26133037088
1916,Manatee County,FL,12,2015-08-31,221991.70425329823
1957,Osceola County,FL,12,2015-08-31,175261.0783748261
219,Lake County,FL,12,2015-08-31,174529.52370980094
1638,Collier County,FL,12,2015-08-31,318315.1561162186
1161,Marion County,FL,12,2015-08-31,122120.36953388804
3131,Saint Lucie County,FL,12,2015-08-31,152771.44519042835
2259,Escambia County,FL,12,2015-08-31,131511.85960946567
232,Leon County,FL,12,2015-08-31,163438.1952602118
1509,Alachua County,FL,12,2015-08-31,154761.00549999575
3128,Saint Johns County,FL,12,2015-08-31,264343.04111041507
118,Clay County,FL,12,2015-08-31,163941.783701431
2460,Okaloosa County,FL,12,2015-08-31,190913.29561205543
2341,Hernando County,FL,12,2015-08-31,119154.60496991588
2650,Charlotte County,FL,12,2015-08-31,166279.48502858783
3026,Santa Rosa County,FL,12,2015-08-31,172241.78694147733
67,Bay County,FL,12,2015-08-31,177047.15633865798
3168,Indian River County,FL,12,2015-08-31,173756.43087673432
1176,Martin County,FL,12,2015-08-31,215428.59848868693
938,Citrus County,FL,12,2015-08-31,116388.10842638311
1409,Sumter County,FL,12,2015-08-31,251143.23008411343
1707,Flagler County,FL,12,2015-08-31,186382.74463181416
2724,Highlands County,FL,12,2015-08-31,94545.2621329495
1251,Nassau County,FL,12,2015-08-31,229538.77644158705
1214,Monroe County,FL,12,2015-08-31,
1468,Walton County,FL,12,2015-08-31,327697.8013691305
1338,Putnam County,FL,12,2015-08-31,86823.09069924877
2212,Columbia County,FL,12,2015-08-31,118609.31256433931
1794,Jackson County,FL,12,2015-08-31,88312.35803413477
1717,Gadsden County,FL,12,2015-08-31,91865.48838347146
2570,Suwannee County,FL,12,2015-08-31,119351.83345047694
234,Levy County,FL,12,2015-08-31,120619.3793763376
2990,Okeechobee County,FL,12,2015-08-31,102835.5644716114
1093,Hendry County,FL,12,2015-08-31,94561.24831042714
1659,De Soto County,FL,12,2015-08-31,100368.7708794172
2066,Wakulla County,FL,12,2015-08-31,139251.21417257245
378,Baker County,FL,12,2015-08-31,146540.65244257366
2148,Bradford County,FL,12,2015-08-31,106355.92187352027
1076,Hardee County,FL,12,2015-08-31,88672.47744796977
3050,Washington County,FL,12,2015-08-31,95049.72418027832
1419,Taylor County,FL,12,2015-08-31,92420.93167076216
1094,Holmes County,FL,12,2015-08-31,96873.4442440126
1896,Madison County,FL,12,2015-08-31,94494.60137951444
2704,Gilchrist County,FL,12,2015-08-31,121038.22417119615
480,Dixie County,FL,12,2015-08-31,95187.93080028189
762,Union County,FL,12,2015-08-31,117056.76321872156
169,Gulf County,FL,12,2015-08-31,186740.9132675801
2735,Jefferson County,FL,12,2015-08-31,137750.58561261292
2315,Hamilton County,FL,12,2015-08-31,82977.87581329775
1571,Calhoun County,FL,12,2015-08-31,92538.7624891426
2272,Franklin County,FL,12,2015-08-31,216911.9752431367
1042,Glades County,FL,12,2015-08-31,97764.21478480865
2769,Lafayette County,FL,12,2015-08-31,113078.5661319386
1858,Liberty County,FL,12,2015-08-31,97463.00877548924
2964,Miami-Dade County,FL,12,2015-09-30,243255.0385480892
1561,Broward County,FL,12,2015-09-30,205514.4049198489
2993,Palm Beach County,FL,12,2015-09-30,231561.2923862228
3165,Hillsborough County,FL,12,2015-09-30,175209.295213165
1287,Orange County,FL,12,2015-09-30,191377.80325255528
489,Duval County,FL,12,2015-09-30,141173.6654031018
2480,Pinellas County,FL,12,2015-09-30,172198.6486896118
80,Lee County,FL,12,2015-09-30,196677.1372517588
285,Polk County,FL,12,2015-09-30,137362.18480501682
1556,Brevard County,FL,12,2015-09-30,159362.2336926616
669,Pasco County,FL,12,2015-09-30,151497.45949019413
2063,Volusia County,FL,12,2015-09-30,148537.01438637343
2538,Seminole County,FL,12,2015-09-30,192376.2726922221
2528,Sarasota County,FL,12,2015-09-30,229978.4434047689
1916,Manatee County,FL,12,2015-09-30,224643.77811733048
1957,Osceola County,FL,12,2015-09-30,176871.10993985343
219,Lake County,FL,12,2015-09-30,176266.62782684783
1638,Collier County,FL,12,2015-09-30,322290.7063354211
1161,Marion County,FL,12,2015-09-30,123182.78796329368
3131,Saint Lucie County,FL,12,2015-09-30,155434.44133290937
2259,Escambia County,FL,12,2015-09-30,132160.52103121302
232,Leon County,FL,12,2015-09-30,164026.50734837528
1509,Alachua County,FL,12,2015-09-30,155711.84185399453
3128,Saint Johns County,FL,12,2015-09-30,265988.4248586465
118,Clay County,FL,12,2015-09-30,164978.58987278576
2460,Okaloosa County,FL,12,2015-09-30,191788.8184444852
2341,Hernando County,FL,12,2015-09-30,120411.94570375122
2650,Charlotte County,FL,12,2015-09-30,168458.00312870464
3026,Santa Rosa County,FL,12,2015-09-30,172590.95791573587
67,Bay County,FL,12,2015-09-30,178052.01797708857
3168,Indian River County,FL,12,2015-09-30,175930.43570542536
1176,Martin County,FL,12,2015-09-30,217833.60220182184
938,Citrus County,FL,12,2015-09-30,117388.41087241024
1409,Sumter County,FL,12,2015-09-30,251395.4200162037
1707,Flagler County,FL,12,2015-09-30,188091.7535105052
2724,Highlands County,FL,12,2015-09-30,95702.06658334345
1251,Nassau County,FL,12,2015-09-30,230942.96556372545
1214,Monroe County,FL,12,2015-09-30,
1468,Walton County,FL,12,2015-09-30,330304.8146684668
1338,Putnam County,FL,12,2015-09-30,87714.4866478984
2212,Columbia County,FL,12,2015-09-30,119184.12238953495
1794,Jackson County,FL,12,2015-09-30,88921.02499722455
1717,Gadsden County,FL,12,2015-09-30,91521.44531548582
2570,Suwannee County,FL,12,2015-09-30,120696.39834751571
234,Levy County,FL,12,2015-09-30,121802.4217045854
2990,Okeechobee County,FL,12,2015-09-30,104632.45838146612
1093,Hendry County,FL,12,2015-09-30,95856.76282923314
1659,De Soto County,FL,12,2015-09-30,102147.9966463368
2066,Wakulla County,FL,12,2015-09-30,140216.15746440986
378,Baker County,FL,12,2015-09-30,146857.75357679254
2148,Bradford County,FL,12,2015-09-30,107248.138375516
1076,Hardee County,FL,12,2015-09-30,89382.80673979064
3050,Washington County,FL,12,2015-09-30,96059.89856062854
1419,Taylor County,FL,12,2015-09-30,92468.37985857808
1094,Holmes County,FL,12,2015-09-30,97297.83282073477
1896,Madison County,FL,12,2015-09-30,95396.90197827398
2704,Gilchrist County,FL,12,2015-09-30,121810.38131418431
480,Dixie County,FL,12,2015-09-30,95612.4318364041
762,Union County,FL,12,2015-09-30,118017.65679771092
169,Gulf County,FL,12,2015-09-30,188698.20957381625
2735,Jefferson County,FL,12,2015-09-30,139043.65180155504
2315,Hamilton County,FL,12,2015-09-30,83919.79536086721
1571,Calhoun County,FL,12,2015-09-30,92858.88980435634
2272,Franklin County,FL,12,2015-09-30,218849.29079126133
1042,Glades County,FL,12,2015-09-30,99391.89172183856
2769,Lafayette County,FL,12,2015-09-30,113398.8212052272
1858,Liberty County,FL,12,2015-09-30,98012.22420774658
2964,Miami-Dade County,FL,12,2015-10-31,245276.5739677348
1561,Broward County,FL,12,2015-10-31,207639.5250254102
2993,Palm Beach County,FL,12,2015-10-31,233779.28814501184
3165,Hillsborough County,FL,12,2015-10-31,176763.32257988676
1287,Orange County,FL,12,2015-10-31,193124.10596793503
489,Duval County,FL,12,2015-10-31,142679.54707223357
2480,Pinellas County,FL,12,2015-10-31,174364.68243695656
80,Lee County,FL,12,2015-10-31,199444.566313914
285,Polk County,FL,12,2015-10-31,138360.96283636836
1556,Brevard County,FL,12,2015-10-31,160997.75721726575
669,Pasco County,FL,12,2015-10-31,152744.32403626325
2063,Volusia County,FL,12,2015-10-31,149871.85967936448
2538,Seminole County,FL,12,2015-10-31,193830.3154592466
2528,Sarasota County,FL,12,2015-10-31,232955.49219637355
1916,Manatee County,FL,12,2015-10-31,227198.636708518
1957,Osceola County,FL,12,2015-10-31,178593.53382757274
219,Lake County,FL,12,2015-10-31,177847.361537968
1638,Collier County,FL,12,2015-10-31,325935.8341111615
1161,Marion County,FL,12,2015-10-31,124113.41822699227
3131,Saint Lucie County,FL,12,2015-10-31,158161.1667349557
2259,Escambia County,FL,12,2015-10-31,132675.22682289896
232,Leon County,FL,12,2015-10-31,164861.80351148566
1509,Alachua County,FL,12,2015-10-31,156684.93070626908
3128,Saint Johns County,FL,12,2015-10-31,267773.8407699846
118,Clay County,FL,12,2015-10-31,165961.9484988555
2460,Okaloosa County,FL,12,2015-10-31,192303.73693353336
2341,Hernando County,FL,12,2015-10-31,121594.81844455333
2650,Charlotte County,FL,12,2015-10-31,170755.38273328313
3026,Santa Rosa County,FL,12,2015-10-31,172851.2857855244
67,Bay County,FL,12,2015-10-31,178857.88517435454
3168,Indian River County,FL,12,2015-10-31,177900.54880730875
1176,Martin County,FL,12,2015-10-31,219915.62439938576
938,Citrus County,FL,12,2015-10-31,118410.57116895138
1409,Sumter County,FL,12,2015-10-31,251799.82028086783
1707,Flagler County,FL,12,2015-10-31,190018.612762876
2724,Highlands County,FL,12,2015-10-31,96932.9910910927
1251,Nassau County,FL,12,2015-10-31,232361.664715622
1214,Monroe County,FL,12,2015-10-31,
1468,Walton County,FL,12,2015-10-31,332523.14450659225
1338,Putnam County,FL,12,2015-10-31,88607.90380444605
2212,Columbia County,FL,12,2015-10-31,119608.57807320709
1794,Jackson County,FL,12,2015-10-31,89600.5100962026
1717,Gadsden County,FL,12,2015-10-31,91557.84019273112
2570,Suwannee County,FL,12,2015-10-31,122081.81800899951
234,Levy County,FL,12,2015-10-31,123067.44048616072
2990,Okeechobee County,FL,12,2015-10-31,106515.14045309152
1093,Hendry County,FL,12,2015-10-31,97367.61171308647
1659,De Soto County,FL,12,2015-10-31,104061.45306369908
2066,Wakulla County,FL,12,2015-10-31,141268.23116272662
378,Baker County,FL,12,2015-10-31,147372.98475698545
2148,Bradford County,FL,12,2015-10-31,108379.27676335684
1076,Hardee County,FL,12,2015-10-31,89934.29009888823
3050,Washington County,FL,12,2015-10-31,97280.14141082112
1419,Taylor County,FL,12,2015-10-31,93128.83731706192
1094,Holmes County,FL,12,2015-10-31,97943.05439898226
1896,Madison County,FL,12,2015-10-31,96731.36711741466
2704,Gilchrist County,FL,12,2015-10-31,122669.4198463104
480,Dixie County,FL,12,2015-10-31,95885.11674821132
762,Union County,FL,12,2015-10-31,118953.89126486394
169,Gulf County,FL,12,2015-10-31,190594.40898050307
2735,Jefferson County,FL,12,2015-10-31,140589.08841060885
2315,Hamilton County,FL,12,2015-10-31,85007.23316432857
1571,Calhoun County,FL,12,2015-10-31,93182.35709469428
2272,Franklin County,FL,12,2015-10-31,221164.9610599152
1042,Glades County,FL,12,2015-10-31,100993.50117131886
2769,Lafayette County,FL,12,2015-10-31,114059.18574494647
1858,Liberty County,FL,12,2015-10-31,98904.0416270301
2964,Miami-Dade County,FL,12,2015-11-30,247454.02387920208
1561,Broward County,FL,12,2015-11-30,209014.5188986883
2993,Palm Beach County,FL,12,2015-11-30,236323.62558658616
3165,Hillsborough County,FL,12,2015-11-30,178421.14567412797
1287,Orange County,FL,12,2015-11-30,194735.5267691041
489,Duval County,FL,12,2015-11-30,143840.91970092946
2480,Pinellas County,FL,12,2015-11-30,176542.65973076795
80,Lee County,FL,12,2015-11-30,202289.7955652605
285,Polk County,FL,12,2015-11-30,139383.80505413123
1556,Brevard County,FL,12,2015-11-30,162561.20688341188
669,Pasco County,FL,12,2015-11-30,154039.16236700892
2063,Volusia County,FL,12,2015-11-30,151094.93796410094
2538,Seminole County,FL,12,2015-11-30,195101.3368279409
2528,Sarasota County,FL,12,2015-11-30,235709.4721478138
1916,Manatee County,FL,12,2015-11-30,229514.6922397745
1957,Osceola County,FL,12,2015-11-30,180138.6129065785
219,Lake County,FL,12,2015-11-30,179245.96047759228
1638,Collier County,FL,12,2015-11-30,329294.1398702674
1161,Marion County,FL,12,2015-11-30,125241.66992279404
3131,Saint Lucie County,FL,12,2015-11-30,160945.79117089612
2259,Escambia County,FL,12,2015-11-30,133072.36387552004
232,Leon County,FL,12,2015-11-30,165748.0232568303
1509,Alachua County,FL,12,2015-11-30,157508.55117670845
3128,Saint Johns County,FL,12,2015-11-30,269176.73548600863
118,Clay County,FL,12,2015-11-30,166792.76667122557
2460,Okaloosa County,FL,12,2015-11-30,192701.809315871
2341,Hernando County,FL,12,2015-11-30,122617.328893671
2650,Charlotte County,FL,12,2015-11-30,172662.52500318203
3026,Santa Rosa County,FL,12,2015-11-30,173036.51132318194
67,Bay County,FL,12,2015-11-30,179676.06464439977
3168,Indian River County,FL,12,2015-11-30,179567.53698200826
1176,Martin County,FL,12,2015-11-30,221752.1316209371
938,Citrus County,FL,12,2015-11-30,119608.00867927769
1409,Sumter County,FL,12,2015-11-30,251422.1794188817
1707,Flagler County,FL,12,2015-11-30,191564.43582405755
2724,Highlands County,FL,12,2015-11-30,98070.09130463586
1251,Nassau County,FL,12,2015-11-30,233649.9624112144
1214,Monroe County,FL,12,2015-11-30,
1468,Walton County,FL,12,2015-11-30,333382.1763561649
1338,Putnam County,FL,12,2015-11-30,89208.94259995273
2212,Columbia County,FL,12,2015-11-30,119941.97879384128
1794,Jackson County,FL,12,2015-11-30,90373.34183145674
1717,Gadsden County,FL,12,2015-11-30,91781.55399826542
2570,Suwannee County,FL,12,2015-11-30,123032.85751068644
234,Levy County,FL,12,2015-11-30,123990.0540977285
2990,Okeechobee County,FL,12,2015-11-30,108161.187884631
1093,Hendry County,FL,12,2015-11-30,98729.80997287964
1659,De Soto County,FL,12,2015-11-30,105551.5938353755
2066,Wakulla County,FL,12,2015-11-30,142063.2144699476
378,Baker County,FL,12,2015-11-30,148321.97420307345
2148,Bradford County,FL,12,2015-11-30,109292.34510749934
1076,Hardee County,FL,12,2015-11-30,90618.58735253068
3050,Washington County,FL,12,2015-11-30,98106.77399073222
1419,Taylor County,FL,12,2015-11-30,94029.15124561424
1094,Holmes County,FL,12,2015-11-30,98484.65565667136
1896,Madison County,FL,12,2015-11-30,98106.2352232962
2704,Gilchrist County,FL,12,2015-11-30,123094.00587569336
480,Dixie County,FL,12,2015-11-30,95711.74628817909
762,Union County,FL,12,2015-11-30,120220.4549039355
169,Gulf County,FL,12,2015-11-30,191884.68740124907
2735,Jefferson County,FL,12,2015-11-30,141736.5780282863
2315,Hamilton County,FL,12,2015-11-30,85892.10169999387
1571,Calhoun County,FL,12,2015-11-30,93255.20943576247
2272,Franklin County,FL,12,2015-11-30,222169.4042519227
1042,Glades County,FL,12,2015-11-30,102080.639083856
2769,Lafayette County,FL,12,2015-11-30,114627.84829868122
1858,Liberty County,FL,12,2015-11-30,100052.71517520504
2964,Miami-Dade County,FL,12,2015-12-31,249557.40290241505
1561,Broward County,FL,12,2015-12-31,209891.2268359426
2993,Palm Beach County,FL,12,2015-12-31,238455.24746948585
3165,Hillsborough County,FL,12,2015-12-31,180195.6145270928
1287,Orange County,FL,12,2015-12-31,196232.7263734409
489,Duval County,FL,12,2015-12-31,144817.9344015064
2480,Pinellas County,FL,12,2015-12-31,178750.62668780354
80,Lee County,FL,12,2015-12-31,204707.2099881004
285,Polk County,FL,12,2015-12-31,140606.35219761558
1556,Brevard County,FL,12,2015-12-31,164276.7668388246
669,Pasco County,FL,12,2015-12-31,155307.03260645282
2063,Volusia County,FL,12,2015-12-31,152311.3221767811
2538,Seminole County,FL,12,2015-12-31,196285.6394091056
2528,Sarasota County,FL,12,2015-12-31,237852.74218236783
1916,Manatee County,FL,12,2015-12-31,231510.5983125396
1957,Osceola County,FL,12,2015-12-31,181222.15501848524
219,Lake County,FL,12,2015-12-31,180453.877783914
1638,Collier County,FL,12,2015-12-31,332401.33862398885
1161,Marion County,FL,12,2015-12-31,126373.75983423162
3131,Saint Lucie County,FL,12,2015-12-31,163586.75788054956
2259,Escambia County,FL,12,2015-12-31,133505.33217310908
232,Leon County,FL,12,2015-12-31,166970.96638711993
1509,Alachua County,FL,12,2015-12-31,158145.2890861806
3128,Saint Johns County,FL,12,2015-12-31,270053.7721312038
118,Clay County,FL,12,2015-12-31,167518.9257927589
2460,Okaloosa County,FL,12,2015-12-31,193009.4010151385
2341,Hernando County,FL,12,2015-12-31,123765.99699306516
2650,Charlotte County,FL,12,2015-12-31,174199.06706575886
3026,Santa Rosa County,FL,12,2015-12-31,173315.44293246485
67,Bay County,FL,12,2015-12-31,180579.00253050783
3168,Indian River County,FL,12,2015-12-31,180905.3054867387
1176,Martin County,FL,12,2015-12-31,223818.2830296536
938,Citrus County,FL,12,2015-12-31,120570.47750867798
1409,Sumter County,FL,12,2015-12-31,250552.5097507912
1707,Flagler County,FL,12,2015-12-31,192899.2711157427
2724,Highlands County,FL,12,2015-12-31,99039.8842911644
1251,Nassau County,FL,12,2015-12-31,234617.42251245203
1214,Monroe County,FL,12,2015-12-31,
1468,Walton County,FL,12,2015-12-31,333419.24414187163
1338,Putnam County,FL,12,2015-12-31,89850.22441587923
2212,Columbia County,FL,12,2015-12-31,120068.94443862884
1794,Jackson County,FL,12,2015-12-31,90873.95389744132
1717,Gadsden County,FL,12,2015-12-31,92155.62019285125
2570,Suwannee County,FL,12,2015-12-31,123617.2460433225
234,Levy County,FL,12,2015-12-31,124888.8201695288
2990,Okeechobee County,FL,12,2015-12-31,109269.3675360891
1093,Hendry County,FL,12,2015-12-31,100203.84223064956
1659,De Soto County,FL,12,2015-12-31,106792.03961853172
2066,Wakulla County,FL,12,2015-12-31,142435.3707193743
378,Baker County,FL,12,2015-12-31,149482.68855656564
2148,Bradford County,FL,12,2015-12-31,109797.2582278
1076,Hardee County,FL,12,2015-12-31,91082.25283577456
3050,Washington County,FL,12,2015-12-31,98200.02936527862
1419,Taylor County,FL,12,2015-12-31,94777.8120600937
1094,Holmes County,FL,12,2015-12-31,98695.86354814416
1896,Madison County,FL,12,2015-12-31,99139.74640455496
2704,Gilchrist County,FL,12,2015-12-31,123218.79395389408
480,Dixie County,FL,12,2015-12-31,95426.37893633674
762,Union County,FL,12,2015-12-31,120922.58792174008
169,Gulf County,FL,12,2015-12-31,192251.0469042105
2735,Jefferson County,FL,12,2015-12-31,142150.1271897955
2315,Hamilton County,FL,12,2015-12-31,86445.93090410263
1571,Calhoun County,FL,12,2015-12-31,93029.21531893594
2272,Franklin County,FL,12,2015-12-31,222464.4481835434
1042,Glades County,FL,12,2015-12-31,102554.74365676286
2769,Lafayette County,FL,12,2015-12-31,114936.05684557038
1858,Liberty County,FL,12,2015-12-31,100699.58773043244
2964,Miami-Dade County,FL,12,2016-01-31,251597.59249630923
1561,Broward County,FL,12,2016-01-31,210363.57725608523
2993,Palm Beach County,FL,12,2016-01-31,240335.9886849545
3165,Hillsborough County,FL,12,2016-01-31,182027.85152544605
1287,Orange County,FL,12,2016-01-31,197794.4559545316
489,Duval County,FL,12,2016-01-31,145383.87054691216
2480,Pinellas County,FL,12,2016-01-31,180417.5206488424
80,Lee County,FL,12,2016-01-31,206645.145903696
285,Polk County,FL,12,2016-01-31,141685.77439230258
1556,Brevard County,FL,12,2016-01-31,165838.00867495884
669,Pasco County,FL,12,2016-01-31,156402.92690489814
2063,Volusia County,FL,12,2016-01-31,153578.1664291731
2538,Seminole County,FL,12,2016-01-31,197742.37639378817
2528,Sarasota County,FL,12,2016-01-31,239336.3053015254
1916,Manatee County,FL,12,2016-01-31,233278.5362381277
1957,Osceola County,FL,12,2016-01-31,182084.36545961103
219,Lake County,FL,12,2016-01-31,181702.3184224697
1638,Collier County,FL,12,2016-01-31,335231.8741243933
1161,Marion County,FL,12,2016-01-31,127475.64753469072
3131,Saint Lucie County,FL,12,2016-01-31,165974.91271534996
2259,Escambia County,FL,12,2016-01-31,134015.46739916937
232,Leon County,FL,12,2016-01-31,168176.20824172287
1509,Alachua County,FL,12,2016-01-31,158868.46239126587
3128,Saint Johns County,FL,12,2016-01-31,270833.0560615147
118,Clay County,FL,12,2016-01-31,168692.23216978947
2460,Okaloosa County,FL,12,2016-01-31,193743.1059641709
2341,Hernando County,FL,12,2016-01-31,124914.76055365258
2650,Charlotte County,FL,12,2016-01-31,175229.13698198242
3026,Santa Rosa County,FL,12,2016-01-31,173809.3628632368
67,Bay County,FL,12,2016-01-31,181453.47594548817
3168,Indian River County,FL,12,2016-01-31,182150.9898503172
1176,Martin County,FL,12,2016-01-31,226229.14223491927
938,Citrus County,FL,12,2016-01-31,121609.76971727684
1409,Sumter County,FL,12,2016-01-31,249243.525017306
1707,Flagler County,FL,12,2016-01-31,193885.4429987394
2724,Highlands County,FL,12,2016-01-31,99686.51039060108
1251,Nassau County,FL,12,2016-01-31,235365.4540009968
1214,Monroe County,FL,12,2016-01-31,
1468,Walton County,FL,12,2016-01-31,334113.4051211041
1338,Putnam County,FL,12,2016-01-31,89867.07163086452
2212,Columbia County,FL,12,2016-01-31,120389.69481496996
1794,Jackson County,FL,12,2016-01-31,91551.05616765708
1717,Gadsden County,FL,12,2016-01-31,92685.97724892452
2570,Suwannee County,FL,12,2016-01-31,123708.38632578384
234,Levy County,FL,12,2016-01-31,125432.01078747388
2990,Okeechobee County,FL,12,2016-01-31,110011.95726365356
1093,Hendry County,FL,12,2016-01-31,101632.01322917615
1659,De Soto County,FL,12,2016-01-31,107808.90580386242
2066,Wakulla County,FL,12,2016-01-31,142623.20966381964
378,Baker County,FL,12,2016-01-31,150823.2581420883
2148,Bradford County,FL,12,2016-01-31,110403.0625640318
1076,Hardee County,FL,12,2016-01-31,91846.46386366832
3050,Washington County,FL,12,2016-01-31,98060.98430969108
1419,Taylor County,FL,12,2016-01-31,95027.41876603714
1094,Holmes County,FL,12,2016-01-31,98854.30003954726
1896,Madison County,FL,12,2016-01-31,99957.41376933834
2704,Gilchrist County,FL,12,2016-01-31,123585.30552174656
480,Dixie County,FL,12,2016-01-31,95465.0462364285
762,Union County,FL,12,2016-01-31,121195.61551513552
169,Gulf County,FL,12,2016-01-31,191627.22263537472
2735,Jefferson County,FL,12,2016-01-31,142410.09453377943
2315,Hamilton County,FL,12,2016-01-31,86697.74184284074
1571,Calhoun County,FL,12,2016-01-31,92813.48022821434
2272,Franklin County,FL,12,2016-01-31,222255.3767235576
1042,Glades County,FL,12,2016-01-31,102986.51464087708
2769,Lafayette County,FL,12,2016-01-31,115191.19650397346
1858,Liberty County,FL,12,2016-01-31,101381.60906359552
2964,Miami-Dade County,FL,12,2016-02-29,253497.09510343603
1561,Broward County,FL,12,2016-02-29,211228.55387181984
2993,Palm Beach County,FL,12,2016-02-29,241697.5027588773
3165,Hillsborough County,FL,12,2016-02-29,183871.4305262838
1287,Orange County,FL,12,2016-02-29,199567.2300724149
489,Duval County,FL,12,2016-02-29,145976.02364329528
2480,Pinellas County,FL,12,2016-02-29,181958.68997021564
80,Lee County,FL,12,2016-02-29,208231.3217534513
285,Polk County,FL,12,2016-02-29,142690.41428323128
1556,Brevard County,FL,12,2016-02-29,167192.61538318256
669,Pasco County,FL,12,2016-02-29,157545.5972662403
2063,Volusia County,FL,12,2016-02-29,154800.30847321483
2538,Seminole County,FL,12,2016-02-29,199296.39529704663
2528,Sarasota County,FL,12,2016-02-29,240237.9824187664
1916,Manatee County,FL,12,2016-02-29,234693.43520444725
1957,Osceola County,FL,12,2016-02-29,183016.70129644487
219,Lake County,FL,12,2016-02-29,182946.83958849552
1638,Collier County,FL,12,2016-02-29,337636.9773853168
1161,Marion County,FL,12,2016-02-29,128225.88291730144
3131,Saint Lucie County,FL,12,2016-02-29,168052.6101619782
2259,Escambia County,FL,12,2016-02-29,134798.75839267715
232,Leon County,FL,12,2016-02-29,169281.5435502059
1509,Alachua County,FL,12,2016-02-29,159661.8210284914
3128,Saint Johns County,FL,12,2016-02-29,271628.4775332331
118,Clay County,FL,12,2016-02-29,170171.88645185417
2460,Okaloosa County,FL,12,2016-02-29,194420.43791602875
2341,Hernando County,FL,12,2016-02-29,126141.04127638236
2650,Charlotte County,FL,12,2016-02-29,176247.355994017
3026,Santa Rosa County,FL,12,2016-02-29,174413.79532132504
67,Bay County,FL,12,2016-02-29,182055.7211755745
3168,Indian River County,FL,12,2016-02-29,183560.439505914
1176,Martin County,FL,12,2016-02-29,228658.98789495675
938,Citrus County,FL,12,2016-02-29,122660.5982172463
1409,Sumter County,FL,12,2016-02-29,248272.68525263504
1707,Flagler County,FL,12,2016-02-29,194577.41554191124
2724,Highlands County,FL,12,2016-02-29,100381.28751530685
1251,Nassau County,FL,12,2016-02-29,235949.7190895916
1214,Monroe County,FL,12,2016-02-29,491962.188031481
1468,Walton County,FL,12,2016-02-29,335469.96456053
1338,Putnam County,FL,12,2016-02-29,89727.9763234096
2212,Columbia County,FL,12,2016-02-29,120685.39946913748
1794,Jackson County,FL,12,2016-02-29,92136.44910232649
1717,Gadsden County,FL,12,2016-02-29,93304.16345381636
2570,Suwannee County,FL,12,2016-02-29,123750.94139010024
234,Levy County,FL,12,2016-02-29,125736.85775267384
2990,Okeechobee County,FL,12,2016-02-29,110553.97472013236
1093,Hendry County,FL,12,2016-02-29,102856.1136571556
1659,De Soto County,FL,12,2016-02-29,109044.98159227884
2066,Wakulla County,FL,12,2016-02-29,142707.72068622286
378,Baker County,FL,12,2016-02-29,152038.82461005144
2148,Bradford County,FL,12,2016-02-29,111070.2866541627
1076,Hardee County,FL,12,2016-02-29,92658.09519674108
3050,Washington County,FL,12,2016-02-29,97969.9867554558
1419,Taylor County,FL,12,2016-02-29,94972.71434512443
1094,Holmes County,FL,12,2016-02-29,98823.50685302586
1896,Madison County,FL,12,2016-02-29,100535.107675682
2704,Gilchrist County,FL,12,2016-02-29,123892.6955544452
480,Dixie County,FL,12,2016-02-29,95532.84697262182
762,Union County,FL,12,2016-02-29,120856.13576725325
169,Gulf County,FL,12,2016-02-29,190735.14249743955
2735,Jefferson County,FL,12,2016-02-29,142932.06003147573
2315,Hamilton County,FL,12,2016-02-29,87046.68577720334
1571,Calhoun County,FL,12,2016-02-29,92677.68456152682
2272,Franklin County,FL,12,2016-02-29,222008.67511018048
1042,Glades County,FL,12,2016-02-29,103712.74336517736
2769,Lafayette County,FL,12,2016-02-29,115667.52574252708
1858,Liberty County,FL,12,2016-02-29,102323.89119888152
2964,Miami-Dade County,FL,12,2016-03-31,255215.27578506584
1561,Broward County,FL,12,2016-03-31,212681.0609720056
2993,Palm Beach County,FL,12,2016-03-31,243195.8020242702
3165,Hillsborough County,FL,12,2016-03-31,185268.5946329895
1287,Orange County,FL,12,2016-03-31,200950.606972476
489,Duval County,FL,12,2016-03-31,146634.48208706416
2480,Pinellas County,FL,12,2016-03-31,183293.89499377296
80,Lee County,FL,12,2016-03-31,209760.053992085
285,Polk County,FL,12,2016-03-31,143499.75474108942
1556,Brevard County,FL,12,2016-03-31,168337.9910212632
669,Pasco County,FL,12,2016-03-31,158551.77667460756
2063,Volusia County,FL,12,2016-03-31,156141.47491854712
2538,Seminole County,FL,12,2016-03-31,200744.2256774132
2528,Sarasota County,FL,12,2016-03-31,241151.8309458011
1916,Manatee County,FL,12,2016-03-31,235674.057588386
1957,Osceola County,FL,12,2016-03-31,183969.5236304938
219,Lake County,FL,12,2016-03-31,183924.6620370318
1638,Collier County,FL,12,2016-03-31,339508.4917889217
1161,Marion County,FL,12,2016-03-31,128709.04073715815
3131,Saint Lucie County,FL,12,2016-03-31,169678.50540923132
2259,Escambia County,FL,12,2016-03-31,135530.22131979695
232,Leon County,FL,12,2016-03-31,169773.21313190294
1509,Alachua County,FL,12,2016-03-31,160416.39008708292
3128,Saint Johns County,FL,12,2016-03-31,272522.9543138116
118,Clay County,FL,12,2016-03-31,171510.497435483
2460,Okaloosa County,FL,12,2016-03-31,194943.5172859213
2341,Hernando County,FL,12,2016-03-31,127332.2848852909
2650,Charlotte County,FL,12,2016-03-31,177079.1925733163
3026,Santa Rosa County,FL,12,2016-03-31,175005.72572035645
67,Bay County,FL,12,2016-03-31,182461.502369971
3168,Indian River County,FL,12,2016-03-31,184966.0773666553
1176,Martin County,FL,12,2016-03-31,230475.98800042985
938,Citrus County,FL,12,2016-03-31,123767.600842532
1409,Sumter County,FL,12,2016-03-31,247333.82674583464
1707,Flagler County,FL,12,2016-03-31,195143.5029600176
2724,Highlands County,FL,12,2016-03-31,101048.59721059362
1251,Nassau County,FL,12,2016-03-31,236245.3397478461
1214,Monroe County,FL,12,2016-03-31,495584.6796285806
1468,Walton County,FL,12,2016-03-31,337331.00160836923
1338,Putnam County,FL,12,2016-03-31,89283.80641743563
2212,Columbia County,FL,12,2016-03-31,121178.44471601793
1794,Jackson County,FL,12,2016-03-31,92866.580680123
1717,Gadsden County,FL,12,2016-03-31,93504.72731977096
2570,Suwannee County,FL,12,2016-03-31,123607.70383990048
234,Levy County,FL,12,2016-03-31,125741.86182449949
2990,Okeechobee County,FL,12,2016-03-31,110973.95516140926
1093,Hendry County,FL,12,2016-03-31,103704.23884358932
1659,De Soto County,FL,12,2016-03-31,110127.38967015572
2066,Wakulla County,FL,12,2016-03-31,143001.88358051973
378,Baker County,FL,12,2016-03-31,153205.89856230022
2148,Bradford County,FL,12,2016-03-31,111769.6647282833
1076,Hardee County,FL,12,2016-03-31,93472.77720759914
3050,Washington County,FL,12,2016-03-31,98200.29161856104
1419,Taylor County,FL,12,2016-03-31,94550.95369203696
1094,Holmes County,FL,12,2016-03-31,98642.55528090864
1896,Madison County,FL,12,2016-03-31,100683.15321344144
2704,Gilchrist County,FL,12,2016-03-31,124409.01069716278
480,Dixie County,FL,12,2016-03-31,95255.07761103136
762,Union County,FL,12,2016-03-31,120380.38509762696
169,Gulf County,FL,12,2016-03-31,190058.76024462748
2735,Jefferson County,FL,12,2016-03-31,143634.67766638452
2315,Hamilton County,FL,12,2016-03-31,87200.0394809044
1571,Calhoun County,FL,12,2016-03-31,92758.32772679233
2272,Franklin County,FL,12,2016-03-31,221714.7662895328
1042,Glades County,FL,12,2016-03-31,104590.3828680644
2769,Lafayette County,FL,12,2016-03-31,116332.75172994472
1858,Liberty County,FL,12,2016-03-31,103387.57163696636
2964,Miami-Dade County,FL,12,2016-04-30,257047.97977842248
1561,Broward County,FL,12,2016-04-30,214337.99397867208
2993,Palm Beach County,FL,12,2016-04-30,244714.7081731957
3165,Hillsborough County,FL,12,2016-04-30,186532.7818424737
1287,Orange County,FL,12,2016-04-30,202338.4533290337
489,Duval County,FL,12,2016-04-30,147940.03302314354
2480,Pinellas County,FL,12,2016-04-30,185054.9322429489
80,Lee County,FL,12,2016-04-30,211320.4029035262
285,Polk County,FL,12,2016-04-30,144471.9040752306
1556,Brevard County,FL,12,2016-04-30,169668.5331673211
669,Pasco County,FL,12,2016-04-30,159918.1797168691
2063,Volusia County,FL,12,2016-04-30,157633.6085056778
2538,Seminole County,FL,12,2016-04-30,202096.81652610656
2528,Sarasota County,FL,12,2016-04-30,242452.8221398876
1916,Manatee County,FL,12,2016-04-30,236470.1827823018
1957,Osceola County,FL,12,2016-04-30,185198.29738175377
219,Lake County,FL,12,2016-04-30,184839.6816009436
1638,Collier County,FL,12,2016-04-30,340980.5218534462
1161,Marion County,FL,12,2016-04-30,129133.10973152134
3131,Saint Lucie County,FL,12,2016-04-30,171361.68356720344
2259,Escambia County,FL,12,2016-04-30,136610.46684886748
232,Leon County,FL,12,2016-04-30,170111.82166712402
1509,Alachua County,FL,12,2016-04-30,161040.0738211367
3128,Saint Johns County,FL,12,2016-04-30,273511.22527597164
118,Clay County,FL,12,2016-04-30,172456.14717215236
2460,Okaloosa County,FL,12,2016-04-30,195510.08604650525
2341,Hernando County,FL,12,2016-04-30,128534.45980277524
2650,Charlotte County,FL,12,2016-04-30,178316.33961726716
3026,Santa Rosa County,FL,12,2016-04-30,175376.227695022
67,Bay County,FL,12,2016-04-30,183219.7651557249
3168,Indian River County,FL,12,2016-04-30,186455.1612709232
1176,Martin County,FL,12,2016-04-30,232256.6648808844
938,Citrus County,FL,12,2016-04-30,124786.441384491
1409,Sumter County,FL,12,2016-04-30,246575.3683636681
1707,Flagler County,FL,12,2016-04-30,195908.5771109617
2724,Highlands County,FL,12,2016-04-30,101776.96542846096
1251,Nassau County,FL,12,2016-04-30,236609.4425925112
1214,Monroe County,FL,12,2016-04-30,499254.82033040846
1468,Walton County,FL,12,2016-04-30,339099.6133200226
1338,Putnam County,FL,12,2016-04-30,89191.28716525616
2212,Columbia County,FL,12,2016-04-30,121723.49032419738
1794,Jackson County,FL,12,2016-04-30,93519.29177746113
1717,Gadsden County,FL,12,2016-04-30,93474.5963031378
2570,Suwannee County,FL,12,2016-04-30,123624.46202335824
234,Levy County,FL,12,2016-04-30,126086.45360133216
2990,Okeechobee County,FL,12,2016-04-30,111497.74069712029
1093,Hendry County,FL,12,2016-04-30,104598.55504949292
1659,De Soto County,FL,12,2016-04-30,111082.1079533872
2066,Wakulla County,FL,12,2016-04-30,143540.53901481073
378,Baker County,FL,12,2016-04-30,154508.5277838151
2148,Bradford County,FL,12,2016-04-30,112300.4467850292
1076,Hardee County,FL,12,2016-04-30,94135.32502324904
3050,Washington County,FL,12,2016-04-30,98475.362358758
1419,Taylor County,FL,12,2016-04-30,94396.09943565592
1094,Holmes County,FL,12,2016-04-30,98589.05936491216
1896,Madison County,FL,12,2016-04-30,100771.41560603624
2704,Gilchrist County,FL,12,2016-04-30,124923.11481390726
480,Dixie County,FL,12,2016-04-30,94847.58079622065
762,Union County,FL,12,2016-04-30,120727.0617513869
169,Gulf County,FL,12,2016-04-30,190289.6419053171
2735,Jefferson County,FL,12,2016-04-30,144744.85200196548
2315,Hamilton County,FL,12,2016-04-30,87637.26035663801
1571,Calhoun County,FL,12,2016-04-30,93060.49007251087
2272,Franklin County,FL,12,2016-04-30,221922.4548243681
1042,Glades County,FL,12,2016-04-30,105566.1880650705
2769,Lafayette County,FL,12,2016-04-30,117444.28573260868
1858,Liberty County,FL,12,2016-04-30,104382.47823367712
2964,Miami-Dade County,FL,12,2016-05-31,258767.59681735552
1561,Broward County,FL,12,2016-05-31,216180.48270211057
2993,Palm Beach County,FL,12,2016-05-31,246200.8021346071
3165,Hillsborough County,FL,12,2016-05-31,187564.3334610212
1287,Orange County,FL,12,2016-05-31,203656.907931071
489,Duval County,FL,12,2016-05-31,149375.95725157685
2480,Pinellas County,FL,12,2016-05-31,186569.48342387727
80,Lee County,FL,12,2016-05-31,212784.6328447913
285,Polk County,FL,12,2016-05-31,145305.66508984982
1556,Brevard County,FL,12,2016-05-31,171087.5335963424
669,Pasco County,FL,12,2016-05-31,161216.93857593797
2063,Volusia County,FL,12,2016-05-31,159234.3803448278
2538,Seminole County,FL,12,2016-05-31,203476.02750503
2528,Sarasota County,FL,12,2016-05-31,244148.80753511496
1916,Manatee County,FL,12,2016-05-31,237365.427932202
1957,Osceola County,FL,12,2016-05-31,186409.15511039784
219,Lake County,FL,12,2016-05-31,185686.99091951016
1638,Collier County,FL,12,2016-05-31,341821.11709498096
1161,Marion County,FL,12,2016-05-31,129771.40271118392
3131,Saint Lucie County,FL,12,2016-05-31,173092.2629806995
2259,Escambia County,FL,12,2016-05-31,137592.89743506903
232,Leon County,FL,12,2016-05-31,170532.0387441991
1509,Alachua County,FL,12,2016-05-31,161878.6488097856
3128,Saint Johns County,FL,12,2016-05-31,274726.25846299
118,Clay County,FL,12,2016-05-31,173103.13525122075
2460,Okaloosa County,FL,12,2016-05-31,196255.1658635608
2341,Hernando County,FL,12,2016-05-31,129758.5833900459
2650,Charlotte County,FL,12,2016-05-31,179756.47685062126
3026,Santa Rosa County,FL,12,2016-05-31,175650.27811265268
67,Bay County,FL,12,2016-05-31,184136.51890392628
3168,Indian River County,FL,12,2016-05-31,187864.93662575583
1176,Martin County,FL,12,2016-05-31,234098.7147249525
938,Citrus County,FL,12,2016-05-31,125746.14593642054
1409,Sumter County,FL,12,2016-05-31,246013.7369648762
1707,Flagler County,FL,12,2016-05-31,197060.20429780945
2724,Highlands County,FL,12,2016-05-31,102524.13563462209
1251,Nassau County,FL,12,2016-05-31,237018.81700043465
1214,Monroe County,FL,12,2016-05-31,506175.1759223745
1468,Walton County,FL,12,2016-05-31,340830.8620589121
1338,Putnam County,FL,12,2016-05-31,89582.7366673358
2212,Columbia County,FL,12,2016-05-31,122406.04119017496
1794,Jackson County,FL,12,2016-05-31,94224.7951530096
1717,Gadsden County,FL,12,2016-05-31,93395.26062068743
2570,Suwannee County,FL,12,2016-05-31,123899.23228364426
234,Levy County,FL,12,2016-05-31,126849.73743474598
2990,Okeechobee County,FL,12,2016-05-31,112322.12141169688
1093,Hendry County,FL,12,2016-05-31,105614.05479745429
1659,De Soto County,FL,12,2016-05-31,111853.64425146671
2066,Wakulla County,FL,12,2016-05-31,144428.71453904273
378,Baker County,FL,12,2016-05-31,155741.892376583
2148,Bradford County,FL,12,2016-05-31,112967.2196039803
1076,Hardee County,FL,12,2016-05-31,94970.6445927256
3050,Washington County,FL,12,2016-05-31,98992.849018839
1419,Taylor County,FL,12,2016-05-31,94264.79027373748
1094,Holmes County,FL,12,2016-05-31,99034.41312293986
1896,Madison County,FL,12,2016-05-31,100889.89025769309
2704,Gilchrist County,FL,12,2016-05-31,125721.57138203716
480,Dixie County,FL,12,2016-05-31,94664.35242288836
762,Union County,FL,12,2016-05-31,122193.88775970251
169,Gulf County,FL,12,2016-05-31,191268.1376116696
2735,Jefferson County,FL,12,2016-05-31,146076.88349416392
2315,Hamilton County,FL,12,2016-05-31,88481.15452035364
1571,Calhoun County,FL,12,2016-05-31,93879.62158328114
2272,Franklin County,FL,12,2016-05-31,223014.38808931576
1042,Glades County,FL,12,2016-05-31,106518.94020622554
2769,Lafayette County,FL,12,2016-05-31,118966.346494681
1858,Liberty County,FL,12,2016-05-31,105102.2621810456
2964,Miami-Dade County,FL,12,2016-06-30,260697.93087860823
1561,Broward County,FL,12,2016-06-30,217988.3311057154
2993,Palm Beach County,FL,12,2016-06-30,247723.75010882644
3165,Hillsborough County,FL,12,2016-06-30,188701.33930867145
1287,Orange County,FL,12,2016-06-30,205424.5263470908
489,Duval County,FL,12,2016-06-30,150750.73898340703
2480,Pinellas County,FL,12,2016-06-30,187983.36680803203
80,Lee County,FL,12,2016-06-30,214234.80032254173
285,Polk County,FL,12,2016-06-30,146295.1440350532
1556,Brevard County,FL,12,2016-06-30,172572.46963927013
669,Pasco County,FL,12,2016-06-30,162687.8629782408
2063,Volusia County,FL,12,2016-06-30,160663.13478781312
2538,Seminole County,FL,12,2016-06-30,205206.00650026803
2528,Sarasota County,FL,12,2016-06-30,246104.4737211481
1916,Manatee County,FL,12,2016-06-30,238569.17982827465
1957,Osceola County,FL,12,2016-06-30,187586.79087200703
219,Lake County,FL,12,2016-06-30,186648.561584204
1638,Collier County,FL,12,2016-06-30,342513.00146822614
1161,Marion County,FL,12,2016-06-30,130538.24198279696
3131,Saint Lucie County,FL,12,2016-06-30,175053.31168992512
2259,Escambia County,FL,12,2016-06-30,138648.8416739485
232,Leon County,FL,12,2016-06-30,171172.32837053013
1509,Alachua County,FL,12,2016-06-30,162780.80724985478
3128,Saint Johns County,FL,12,2016-06-30,276071.7661699419
118,Clay County,FL,12,2016-06-30,173625.18963771232
2460,Okaloosa County,FL,12,2016-06-30,197130.5901966338
2341,Hernando County,FL,12,2016-06-30,131076.7250344803
2650,Charlotte County,FL,12,2016-06-30,181442.6052226962
3026,Santa Rosa County,FL,12,2016-06-30,175948.86270346923
67,Bay County,FL,12,2016-06-30,185191.8513779528
3168,Indian River County,FL,12,2016-06-30,189277.390282194
1176,Martin County,FL,12,2016-06-30,236236.0153144429
938,Citrus County,FL,12,2016-06-30,126687.51969584356
1409,Sumter County,FL,12,2016-06-30,245977.56806773064
1707,Flagler County,FL,12,2016-06-30,198621.33612805043
2724,Highlands County,FL,12,2016-06-30,103404.33796994988
1251,Nassau County,FL,12,2016-06-30,237822.4998916881
1214,Monroe County,FL,12,2016-06-30,511598.2410016361
1468,Walton County,FL,12,2016-06-30,342048.1067698928
1338,Putnam County,FL,12,2016-06-30,90140.65181066837
2212,Columbia County,FL,12,2016-06-30,123058.76383083506
1794,Jackson County,FL,12,2016-06-30,95097.3175699758
1717,Gadsden County,FL,12,2016-06-30,93668.35715335063
2570,Suwannee County,FL,12,2016-06-30,124295.04726889958
234,Levy County,FL,12,2016-06-30,127670.1926782097
2990,Okeechobee County,FL,12,2016-06-30,113190.36027809406
1093,Hendry County,FL,12,2016-06-30,106925.90197992128
1659,De Soto County,FL,12,2016-06-30,112560.20684169764
2066,Wakulla County,FL,12,2016-06-30,145184.8726456813
378,Baker County,FL,12,2016-06-30,156933.2675686348
2148,Bradford County,FL,12,2016-06-30,113733.40979280866
1076,Hardee County,FL,12,2016-06-30,95918.63073649758
3050,Washington County,FL,12,2016-06-30,99665.55160476436
1419,Taylor County,FL,12,2016-06-30,94351.78413265738
1094,Holmes County,FL,12,2016-06-30,99698.15013490862
1896,Madison County,FL,12,2016-06-30,101290.27372251684
2704,Gilchrist County,FL,12,2016-06-30,126399.5990443355
480,Dixie County,FL,12,2016-06-30,94720.76610297906
762,Union County,FL,12,2016-06-30,123842.28732535486
169,Gulf County,FL,12,2016-06-30,192735.70847316805
2735,Jefferson County,FL,12,2016-06-30,147220.17329968105
2315,Hamilton County,FL,12,2016-06-30,89582.60366203457
1571,Calhoun County,FL,12,2016-06-30,94891.94739505752
2272,Franklin County,FL,12,2016-06-30,224266.34408393703
1042,Glades County,FL,12,2016-06-30,107448.1704187888
2769,Lafayette County,FL,12,2016-06-30,120531.5462133368
1858,Liberty County,FL,12,2016-06-30,105429.44203886965
2964,Miami-Dade County,FL,12,2016-07-31,262590.86340353475
1561,Broward County,FL,12,2016-07-31,219707.9600572733
2993,Palm Beach County,FL,12,2016-07-31,249115.6004826458
3165,Hillsborough County,FL,12,2016-07-31,189844.57949968745
1287,Orange County,FL,12,2016-07-31,206807.7022596748
489,Duval County,FL,12,2016-07-31,151808.12855573534
2480,Pinellas County,FL,12,2016-07-31,189126.6020788269
80,Lee County,FL,12,2016-07-31,215266.00450061445
285,Polk County,FL,12,2016-07-31,147226.42517807602
1556,Brevard County,FL,12,2016-07-31,174138.52197764136
669,Pasco County,FL,12,2016-07-31,163901.96854181748
2063,Volusia County,FL,12,2016-07-31,161729.57098709609
2538,Seminole County,FL,12,2016-07-31,206845.05441090057
2528,Sarasota County,FL,12,2016-07-31,247851.10572903787
1916,Manatee County,FL,12,2016-07-31,239841.1634701285
1957,Osceola County,FL,12,2016-07-31,188646.34928778547
219,Lake County,FL,12,2016-07-31,187605.1476545976
1638,Collier County,FL,12,2016-07-31,343221.09212392574
1161,Marion County,FL,12,2016-07-31,131267.31803254865
3131,Saint Lucie County,FL,12,2016-07-31,176843.91958729966
2259,Escambia County,FL,12,2016-07-31,139368.51077735322
232,Leon County,FL,12,2016-07-31,171698.7811087025
1509,Alachua County,FL,12,2016-07-31,163650.33371956658
3128,Saint Johns County,FL,12,2016-07-31,277086.71977302927
118,Clay County,FL,12,2016-07-31,173982.49037316992
2460,Okaloosa County,FL,12,2016-07-31,197507.64925393325
2341,Hernando County,FL,12,2016-07-31,132347.45493199604
2650,Charlotte County,FL,12,2016-07-31,182946.7901858272
3026,Santa Rosa County,FL,12,2016-07-31,176134.84933820646
67,Bay County,FL,12,2016-07-31,185957.0293621276
3168,Indian River County,FL,12,2016-07-31,190691.0818740413
1176,Martin County,FL,12,2016-07-31,237892.60793051845
938,Citrus County,FL,12,2016-07-31,127433.75078470388
1409,Sumter County,FL,12,2016-07-31,246115.451140276
1707,Flagler County,FL,12,2016-07-31,200070.2954298276
2724,Highlands County,FL,12,2016-07-31,104296.15679199553
1251,Nassau County,FL,12,2016-07-31,238403.1462410741
1214,Monroe County,FL,12,2016-07-31,516185.0694379541
1468,Walton County,FL,12,2016-07-31,342610.36349439056
1338,Putnam County,FL,12,2016-07-31,90635.65777953516
2212,Columbia County,FL,12,2016-07-31,123514.0471561752
1794,Jackson County,FL,12,2016-07-31,95957.03469892616
1717,Gadsden County,FL,12,2016-07-31,93940.9217191422
2570,Suwannee County,FL,12,2016-07-31,124919.0696457264
234,Levy County,FL,12,2016-07-31,128319.52325887932
2990,Okeechobee County,FL,12,2016-07-31,113906.9752559694
1093,Hendry County,FL,12,2016-07-31,108216.38398569326
1659,De Soto County,FL,12,2016-07-31,113405.3464667683
2066,Wakulla County,FL,12,2016-07-31,145738.7025497425
378,Baker County,FL,12,2016-07-31,157729.2756170313
2148,Bradford County,FL,12,2016-07-31,114253.26658616122
1076,Hardee County,FL,12,2016-07-31,96710.83754799936
3050,Washington County,FL,12,2016-07-31,100263.37193343512
1419,Taylor County,FL,12,2016-07-31,94119.83054344564
1094,Holmes County,FL,12,2016-07-31,99808.40313097408
1896,Madison County,FL,12,2016-07-31,101851.65857821835
2704,Gilchrist County,FL,12,2016-07-31,126892.79222790035
480,Dixie County,FL,12,2016-07-31,94600.05323181946
762,Union County,FL,12,2016-07-31,125071.19238372883
169,Gulf County,FL,12,2016-07-31,193849.31260260203
2735,Jefferson County,FL,12,2016-07-31,147548.36553765004
2315,Hamilton County,FL,12,2016-07-31,90316.2498014784
1571,Calhoun County,FL,12,2016-07-31,95722.93892154956
2272,Franklin County,FL,12,2016-07-31,225396.4423860123
1042,Glades County,FL,12,2016-07-31,107905.03667142408
2769,Lafayette County,FL,12,2016-07-31,121210.96383934158
1858,Liberty County,FL,12,2016-07-31,104777.64351231168
2964,Miami-Dade County,FL,12,2016-08-31,264284.1183772503
1561,Broward County,FL,12,2016-08-31,221416.31298771023
2993,Palm Beach County,FL,12,2016-08-31,250450.18537582632
3165,Hillsborough County,FL,12,2016-08-31,191126.9795513302
1287,Orange County,FL,12,2016-08-31,208191.43915633016
489,Duval County,FL,12,2016-08-31,153023.80078923263
2480,Pinellas County,FL,12,2016-08-31,190437.43657081123
80,Lee County,FL,12,2016-08-31,216177.2829756088
285,Polk County,FL,12,2016-08-31,148544.03138840123
1556,Brevard County,FL,12,2016-08-31,175855.2222309761
669,Pasco County,FL,12,2016-08-31,165177.60457720348
2063,Volusia County,FL,12,2016-08-31,162897.517415254
2538,Seminole County,FL,12,2016-08-31,208528.3699587367
2528,Sarasota County,FL,12,2016-08-31,249476.9728967956
1916,Manatee County,FL,12,2016-08-31,241102.19954607065
1957,Osceola County,FL,12,2016-08-31,189938.7081259557
219,Lake County,FL,12,2016-08-31,188925.1728180565
1638,Collier County,FL,12,2016-08-31,344048.38115287863
1161,Marion County,FL,12,2016-08-31,132192.09239957397
3131,Saint Lucie County,FL,12,2016-08-31,178552.1976241929
2259,Escambia County,FL,12,2016-08-31,140245.15704776684
232,Leon County,FL,12,2016-08-31,172247.3016406131
1509,Alachua County,FL,12,2016-08-31,164486.18960159633
3128,Saint Johns County,FL,12,2016-08-31,277845.7567662776
118,Clay County,FL,12,2016-08-31,174415.9953440261
2460,Okaloosa County,FL,12,2016-08-31,197851.70895544687
2341,Hernando County,FL,12,2016-08-31,133799.15800701754
2650,Charlotte County,FL,12,2016-08-31,184542.7262581717
3026,Santa Rosa County,FL,12,2016-08-31,176498.57501795856
67,Bay County,FL,12,2016-08-31,186749.0953531824
3168,Indian River County,FL,12,2016-08-31,192082.1748123083
1176,Martin County,FL,12,2016-08-31,239360.3823697006
938,Citrus County,FL,12,2016-08-31,128142.83017537468
1409,Sumter County,FL,12,2016-08-31,246234.1439352152
1707,Flagler County,FL,12,2016-08-31,201587.4344177747
2724,Highlands County,FL,12,2016-08-31,105205.2171596497
1251,Nassau County,FL,12,2016-08-31,239191.5467243226
1214,Monroe County,FL,12,2016-08-31,520536.481728168
1468,Walton County,FL,12,2016-08-31,343151.3091250704
1338,Putnam County,FL,12,2016-08-31,91283.12034926628
2212,Columbia County,FL,12,2016-08-31,124242.51011539502
1794,Jackson County,FL,12,2016-08-31,96770.45146299906
1717,Gadsden County,FL,12,2016-08-31,94604.82444532371
2570,Suwannee County,FL,12,2016-08-31,125615.1539039752
234,Levy County,FL,12,2016-08-31,128684.97825314458
2990,Okeechobee County,FL,12,2016-08-31,114533.12319079644
1093,Hendry County,FL,12,2016-08-31,109609.31122105347
1659,De Soto County,FL,12,2016-08-31,114880.02631325532
2066,Wakulla County,FL,12,2016-08-31,146460.23545190072
378,Baker County,FL,12,2016-08-31,158329.46367552018
2148,Bradford County,FL,12,2016-08-31,114764.7003313487
1076,Hardee County,FL,12,2016-08-31,97696.1260508857
3050,Washington County,FL,12,2016-08-31,101014.10787174891
1419,Taylor County,FL,12,2016-08-31,94189.38132757712
1094,Holmes County,FL,12,2016-08-31,99466.02181142166
1896,Madison County,FL,12,2016-08-31,102571.18021958524
2704,Gilchrist County,FL,12,2016-08-31,127673.88739834784
480,Dixie County,FL,12,2016-08-31,94630.71284091532
762,Union County,FL,12,2016-08-31,125900.05913857283
169,Gulf County,FL,12,2016-08-31,194831.5846050084
2735,Jefferson County,FL,12,2016-08-31,147742.10004755403
2315,Hamilton County,FL,12,2016-08-31,90861.63955527583
1571,Calhoun County,FL,12,2016-08-31,96503.61983716216
2272,Franklin County,FL,12,2016-08-31,226289.16447346364
1042,Glades County,FL,12,2016-08-31,108521.55289211548
2769,Lafayette County,FL,12,2016-08-31,121085.6017594954
1858,Liberty County,FL,12,2016-08-31,104175.26162359316
2964,Miami-Dade County,FL,12,2016-09-30,265727.249788467
1561,Broward County,FL,12,2016-09-30,223266.3107585617
2993,Palm Beach County,FL,12,2016-09-30,251902.1117177524
3165,Hillsborough County,FL,12,2016-09-30,192685.7205381597
1287,Orange County,FL,12,2016-09-30,209704.17111481112
489,Duval County,FL,12,2016-09-30,154494.55485793177
2480,Pinellas County,FL,12,2016-09-30,192170.4144561817
80,Lee County,FL,12,2016-09-30,217290.43088120327
285,Polk County,FL,12,2016-09-30,149910.35239897683
1556,Brevard County,FL,12,2016-09-30,177644.09690264563
669,Pasco County,FL,12,2016-09-30,166703.08419711943
2063,Volusia County,FL,12,2016-09-30,164378.23156950565
2538,Seminole County,FL,12,2016-09-30,210125.88216325035
2528,Sarasota County,FL,12,2016-09-30,251043.44758697576
1916,Manatee County,FL,12,2016-09-30,242531.6421450864
1957,Osceola County,FL,12,2016-09-30,191712.3296814262
219,Lake County,FL,12,2016-09-30,190685.45925438075
1638,Collier County,FL,12,2016-09-30,344850.36893697665
1161,Marion County,FL,12,2016-09-30,133252.37165278496
3131,Saint Lucie County,FL,12,2016-09-30,180476.115697209
2259,Escambia County,FL,12,2016-09-30,141292.5876577825
232,Leon County,FL,12,2016-09-30,172927.42413512792
1509,Alachua County,FL,12,2016-09-30,165467.59840621825
3128,Saint Johns County,FL,12,2016-09-30,278761.1663449772
118,Clay County,FL,12,2016-09-30,175272.32176421475
2460,Okaloosa County,FL,12,2016-09-30,198553.7179717653
2341,Hernando County,FL,12,2016-09-30,135347.86258472173
2650,Charlotte County,FL,12,2016-09-30,186403.2237428464
3026,Santa Rosa County,FL,12,2016-09-30,176985.65049760407
67,Bay County,FL,12,2016-09-30,187635.23708024475
3168,Indian River County,FL,12,2016-09-30,193785.286948372
1176,Martin County,FL,12,2016-09-30,240976.3736465397
938,Citrus County,FL,12,2016-09-30,129116.17825653276
1409,Sumter County,FL,12,2016-09-30,246205.0479353357
1707,Flagler County,FL,12,2016-09-30,203265.4625079693
2724,Highlands County,FL,12,2016-09-30,106265.71522754488
1251,Nassau County,FL,12,2016-09-30,240444.87618862427
1214,Monroe County,FL,12,2016-09-30,524510.1517580528
1468,Walton County,FL,12,2016-09-30,343877.0196002357
1338,Putnam County,FL,12,2016-09-30,92264.17934172014
2212,Columbia County,FL,12,2016-09-30,125256.15800218856
1794,Jackson County,FL,12,2016-09-30,97362.10087411106
1717,Gadsden County,FL,12,2016-09-30,95529.64477872149
2570,Suwannee County,FL,12,2016-09-30,126583.56307167416
234,Levy County,FL,12,2016-09-30,129127.87062433764
2990,Okeechobee County,FL,12,2016-09-30,115374.19163317312
1093,Hendry County,FL,12,2016-09-30,110924.57403362058
1659,De Soto County,FL,12,2016-09-30,116919.462834169
2066,Wakulla County,FL,12,2016-09-30,147464.98195805264
378,Baker County,FL,12,2016-09-30,158978.3272407547
2148,Bradford County,FL,12,2016-09-30,115282.17838688426
1076,Hardee County,FL,12,2016-09-30,98657.20817246156
3050,Washington County,FL,12,2016-09-30,101897.12687770191
1419,Taylor County,FL,12,2016-09-30,94440.68933289748
1094,Holmes County,FL,12,2016-09-30,99145.59219255084
1896,Madison County,FL,12,2016-09-30,103407.0045225632
2704,Gilchrist County,FL,12,2016-09-30,128635.618802384
480,Dixie County,FL,12,2016-09-30,95100.486205527
762,Union County,FL,12,2016-09-30,126975.19366673552
169,Gulf County,FL,12,2016-09-30,196009.42746501547
2735,Jefferson County,FL,12,2016-09-30,148364.82416124595
2315,Hamilton County,FL,12,2016-09-30,91258.9967222138
1571,Calhoun County,FL,12,2016-09-30,97520.70619723776
2272,Franklin County,FL,12,2016-09-30,227393.98018617937
1042,Glades County,FL,12,2016-09-30,109207.73594343996
2769,Lafayette County,FL,12,2016-09-30,121089.18632596893
1858,Liberty County,FL,12,2016-09-30,104001.0807182182
2964,Miami-Dade County,FL,12,2016-10-31,267298.27437488537
1561,Broward County,FL,12,2016-10-31,225413.78400368933
2993,Palm Beach County,FL,12,2016-10-31,253681.1123456868
3165,Hillsborough County,FL,12,2016-10-31,194325.92277039905
1287,Orange County,FL,12,2016-10-31,211364.92542976225
489,Duval County,FL,12,2016-10-31,156255.60716393954
2480,Pinellas County,FL,12,2016-10-31,194166.8058200611
80,Lee County,FL,12,2016-10-31,218748.5378376191
285,Polk County,FL,12,2016-10-31,151414.35572949052
1556,Brevard County,FL,12,2016-10-31,179362.45430090572
669,Pasco County,FL,12,2016-10-31,168387.46883674365
2063,Volusia County,FL,12,2016-10-31,166074.3914168914
2538,Seminole County,FL,12,2016-10-31,211703.3656602711
2528,Sarasota County,FL,12,2016-10-31,252335.8539232574
1916,Manatee County,FL,12,2016-10-31,243995.9831111588
1957,Osceola County,FL,12,2016-10-31,193540.0548806933
219,Lake County,FL,12,2016-10-31,192367.5338942767
1638,Collier County,FL,12,2016-10-31,346182.2362877552
1161,Marion County,FL,12,2016-10-31,134551.13125465388
3131,Saint Lucie County,FL,12,2016-10-31,182395.9206709743
2259,Escambia County,FL,12,2016-10-31,142261.32137503094
232,Leon County,FL,12,2016-10-31,173951.0639292316
1509,Alachua County,FL,12,2016-10-31,166553.96295281383
3128,Saint Johns County,FL,12,2016-10-31,279817.81483870413
118,Clay County,FL,12,2016-10-31,176320.9155184749
2460,Okaloosa County,FL,12,2016-10-31,199599.50773285152
2341,Hernando County,FL,12,2016-10-31,136924.61667798704
2650,Charlotte County,FL,12,2016-10-31,188323.0934902036
3026,Santa Rosa County,FL,12,2016-10-31,177878.3028570701
67,Bay County,FL,12,2016-10-31,188169.2631513864
3168,Indian River County,FL,12,2016-10-31,195693.8599549667
1176,Martin County,FL,12,2016-10-31,242967.62265083133
938,Citrus County,FL,12,2016-10-31,130349.28772441072
1409,Sumter County,FL,12,2016-10-31,246352.09513815143
1707,Flagler County,FL,12,2016-10-31,205070.5468795248
2724,Highlands County,FL,12,2016-10-31,107537.7933996501
1251,Nassau County,FL,12,2016-10-31,242115.22003794592
1214,Monroe County,FL,12,2016-10-31,528321.614520888
1468,Walton County,FL,12,2016-10-31,344977.9702774624
1338,Putnam County,FL,12,2016-10-31,93378.86201851022
2212,Columbia County,FL,12,2016-10-31,126475.66927382509
1794,Jackson County,FL,12,2016-10-31,97918.44583823987
1717,Gadsden County,FL,12,2016-10-31,96653.3652527454
2570,Suwannee County,FL,12,2016-10-31,127670.41647122818
234,Levy County,FL,12,2016-10-31,129653.0300468872
2990,Okeechobee County,FL,12,2016-10-31,116543.0804502361
1093,Hendry County,FL,12,2016-10-31,112322.42927270512
1659,De Soto County,FL,12,2016-10-31,119061.31086301968
2066,Wakulla County,FL,12,2016-10-31,148715.42892808747
378,Baker County,FL,12,2016-10-31,159696.29574675558
2148,Bradford County,FL,12,2016-10-31,115816.32708746346
1076,Hardee County,FL,12,2016-10-31,99927.69929849412
3050,Washington County,FL,12,2016-10-31,102865.00149744807
1419,Taylor County,FL,12,2016-10-31,94695.49335461676
1094,Holmes County,FL,12,2016-10-31,99489.1580478173
1896,Madison County,FL,12,2016-10-31,104252.03409699362
2704,Gilchrist County,FL,12,2016-10-31,129635.54484013752
480,Dixie County,FL,12,2016-10-31,95847.7011312666
762,Union County,FL,12,2016-10-31,127839.41582262744
169,Gulf County,FL,12,2016-10-31,197573.6371397604
2735,Jefferson County,FL,12,2016-10-31,149188.25883771232
2315,Hamilton County,FL,12,2016-10-31,91736.50136221328
1571,Calhoun County,FL,12,2016-10-31,98856.29466867326
2272,Franklin County,FL,12,2016-10-31,228928.5373304347
1042,Glades County,FL,12,2016-10-31,110154.43034326298
2769,Lafayette County,FL,12,2016-10-31,121486.43719511756
1858,Liberty County,FL,12,2016-10-31,104735.28223055232
2964,Miami-Dade County,FL,12,2016-11-30,268890.3157323424
1561,Broward County,FL,12,2016-11-30,227055.652876075
2993,Palm Beach County,FL,12,2016-11-30,255451.05873951505
3165,Hillsborough County,FL,12,2016-11-30,196012.0966367089
1287,Orange County,FL,12,2016-11-30,212873.8216957705
489,Duval County,FL,12,2016-11-30,157718.10484438497
2480,Pinellas County,FL,12,2016-11-30,196236.6689008888
80,Lee County,FL,12,2016-11-30,220169.9732036644
285,Polk County,FL,12,2016-11-30,152697.5613480747
1556,Brevard County,FL,12,2016-11-30,180847.64293900985
669,Pasco County,FL,12,2016-11-30,170138.3901967823
2063,Volusia County,FL,12,2016-11-30,167703.6832846628
2538,Seminole County,FL,12,2016-11-30,212845.44611313124
2528,Sarasota County,FL,12,2016-11-30,253665.8447709129
1916,Manatee County,FL,12,2016-11-30,245329.63176713823
1957,Osceola County,FL,12,2016-11-30,195145.21722661387
219,Lake County,FL,12,2016-11-30,193584.56340393345
1638,Collier County,FL,12,2016-11-30,346996.64271907654
1161,Marion County,FL,12,2016-11-30,135765.12390777728
3131,Saint Lucie County,FL,12,2016-11-30,184281.6950419092
2259,Escambia County,FL,12,2016-11-30,142959.14479381862
232,Leon County,FL,12,2016-11-30,174887.12563715954
1509,Alachua County,FL,12,2016-11-30,167550.01459632567
3128,Saint Johns County,FL,12,2016-11-30,280553.8970289915
118,Clay County,FL,12,2016-11-30,177365.68095772932
2460,Okaloosa County,FL,12,2016-11-30,200710.0826543453
2341,Hernando County,FL,12,2016-11-30,138229.7080190774
2650,Charlotte County,FL,12,2016-11-30,189944.82130562284
3026,Santa Rosa County,FL,12,2016-11-30,178738.37207421268
67,Bay County,FL,12,2016-11-30,188198.28212970623
3168,Indian River County,FL,12,2016-11-30,197632.43351727663
1176,Martin County,FL,12,2016-11-30,244801.43796235137
938,Citrus County,FL,12,2016-11-30,131612.7190155853
1409,Sumter County,FL,12,2016-11-30,246682.23251676545
1707,Flagler County,FL,12,2016-11-30,206718.7466828648
2724,Highlands County,FL,12,2016-11-30,108794.26062867732
1251,Nassau County,FL,12,2016-11-30,243337.52465189007
1214,Monroe County,FL,12,2016-11-30,528036.5696434258
1468,Walton County,FL,12,2016-11-30,345673.2464209927
1338,Putnam County,FL,12,2016-11-30,94034.58384541898
2212,Columbia County,FL,12,2016-11-30,127171.92730849024
1794,Jackson County,FL,12,2016-11-30,98132.07872631383
1717,Gadsden County,FL,12,2016-11-30,97338.1653110059
2570,Suwannee County,FL,12,2016-11-30,128764.00650886868
234,Levy County,FL,12,2016-11-30,130252.96684725932
2990,Okeechobee County,FL,12,2016-11-30,117579.89785541371
1093,Hendry County,FL,12,2016-11-30,113366.28278628497
1659,De Soto County,FL,12,2016-11-30,120942.1097309345
2066,Wakulla County,FL,12,2016-11-30,149548.03696848892
378,Baker County,FL,12,2016-11-30,160480.79163988435
2148,Bradford County,FL,12,2016-11-30,115967.60684767606
1076,Hardee County,FL,12,2016-11-30,100924.32676697652
3050,Washington County,FL,12,2016-11-30,103495.3729056361
1419,Taylor County,FL,12,2016-11-30,94898.1423027059
1094,Holmes County,FL,12,2016-11-30,100617.07789094756
1896,Madison County,FL,12,2016-11-30,104855.49339636532
2704,Gilchrist County,FL,12,2016-11-30,130240.59426850342
480,Dixie County,FL,12,2016-11-30,96269.26330791668
762,Union County,FL,12,2016-11-30,127948.44536341444
169,Gulf County,FL,12,2016-11-30,197969.4703541456
2735,Jefferson County,FL,12,2016-11-30,149485.94537649635
2315,Hamilton County,FL,12,2016-11-30,92146.4349171841
1571,Calhoun County,FL,12,2016-11-30,99968.8465040536
2272,Franklin County,FL,12,2016-11-30,229857.0258725925
1042,Glades County,FL,12,2016-11-30,110877.32731438156
2769,Lafayette County,FL,12,2016-11-30,122132.534815826
1858,Liberty County,FL,12,2016-11-30,105677.73287593556
2964,Miami-Dade County,FL,12,2016-12-31,270263.7318919759
1561,Broward County,FL,12,2016-12-31,228051.86311891003
2993,Palm Beach County,FL,12,2016-12-31,256853.0844795152
3165,Hillsborough County,FL,12,2016-12-31,197474.08563691145
1287,Orange County,FL,12,2016-12-31,214205.82083997232
489,Duval County,FL,12,2016-12-31,158892.79947203584
2480,Pinellas County,FL,12,2016-12-31,198121.72481914048
80,Lee County,FL,12,2016-12-31,221171.60399912784
285,Polk County,FL,12,2016-12-31,154044.83796343175
1556,Brevard County,FL,12,2016-12-31,182192.8769546044
669,Pasco County,FL,12,2016-12-31,171612.0028860507
2063,Volusia County,FL,12,2016-12-31,169098.28078319182
2538,Seminole County,FL,12,2016-12-31,213683.0220092921
2528,Sarasota County,FL,12,2016-12-31,254927.6463950952
1916,Manatee County,FL,12,2016-12-31,246575.59515167424
1957,Osceola County,FL,12,2016-12-31,196462.45814057908
219,Lake County,FL,12,2016-12-31,194469.5092173641
1638,Collier County,FL,12,2016-12-31,347368.84380666685
1161,Marion County,FL,12,2016-12-31,136965.448404851
3131,Saint Lucie County,FL,12,2016-12-31,185865.60129671232
2259,Escambia County,FL,12,2016-12-31,143536.70428707462
232,Leon County,FL,12,2016-12-31,175747.6755721329
1509,Alachua County,FL,12,2016-12-31,168569.48775925927
3128,Saint Johns County,FL,12,2016-12-31,280879.9892259159
118,Clay County,FL,12,2016-12-31,178329.85408822433
2460,Okaloosa County,FL,12,2016-12-31,201450.38688405705
2341,Hernando County,FL,12,2016-12-31,139378.81162807668
2650,Charlotte County,FL,12,2016-12-31,190995.0496221568
3026,Santa Rosa County,FL,12,2016-12-31,179546.3504211687
67,Bay County,FL,12,2016-12-31,187518.7284889183
3168,Indian River County,FL,12,2016-12-31,199190.7555763352
1176,Martin County,FL,12,2016-12-31,246444.2492810496
938,Citrus County,FL,12,2016-12-31,132673.20598136378
1409,Sumter County,FL,12,2016-12-31,247175.6408978866
1707,Flagler County,FL,12,2016-12-31,208297.41174863803
2724,Highlands County,FL,12,2016-12-31,109813.05430433316
1251,Nassau County,FL,12,2016-12-31,244167.38259352275
1214,Monroe County,FL,12,2016-12-31,526577.6442652161
1468,Walton County,FL,12,2016-12-31,346041.1408957779
1338,Putnam County,FL,12,2016-12-31,94518.81454149606
2212,Columbia County,FL,12,2016-12-31,127461.3538667198
1794,Jackson County,FL,12,2016-12-31,98132.69552665055
1717,Gadsden County,FL,12,2016-12-31,97707.65393491564
2570,Suwannee County,FL,12,2016-12-31,129664.23492394736
234,Levy County,FL,12,2016-12-31,131003.43351006838
2990,Okeechobee County,FL,12,2016-12-31,118677.82019200758
1093,Hendry County,FL,12,2016-12-31,114098.7275791269
1659,De Soto County,FL,12,2016-12-31,122423.7201055265
2066,Wakulla County,FL,12,2016-12-31,150102.27008967148
378,Baker County,FL,12,2016-12-31,161056.73305435356
2148,Bradford County,FL,12,2016-12-31,116011.176531103
1076,Hardee County,FL,12,2016-12-31,101722.09502718174
3050,Washington County,FL,12,2016-12-31,103709.90262683132
1419,Taylor County,FL,12,2016-12-31,95247.10002245706
1094,Holmes County,FL,12,2016-12-31,102218.88965374442
1896,Madison County,FL,12,2016-12-31,105065.42072856704
2704,Gilchrist County,FL,12,2016-12-31,130928.05656241078
480,Dixie County,FL,12,2016-12-31,96685.47329241014
762,Union County,FL,12,2016-12-31,127676.44837541463
169,Gulf County,FL,12,2016-12-31,197168.5880035708
2735,Jefferson County,FL,12,2016-12-31,149701.3524997539
2315,Hamilton County,FL,12,2016-12-31,92562.4080590742
1571,Calhoun County,FL,12,2016-12-31,100709.1019109948
2272,Franklin County,FL,12,2016-12-31,229924.9664103656
1042,Glades County,FL,12,2016-12-31,111424.92584108848
2769,Lafayette County,FL,12,2016-12-31,122573.71305953184
1858,Liberty County,FL,12,2016-12-31,106389.59988257136
2964,Miami-Dade County,FL,12,2017-01-31,271311.72372579016
1561,Broward County,FL,12,2017-01-31,228888.9080177572
2993,Palm Beach County,FL,12,2017-01-31,257952.13020049687
3165,Hillsborough County,FL,12,2017-01-31,198921.2383429244
1287,Orange County,FL,12,2017-01-31,215695.60472964207
489,Duval County,FL,12,2017-01-31,159564.8135820443
2480,Pinellas County,FL,12,2017-01-31,199501.1055162527
80,Lee County,FL,12,2017-01-31,221892.29000830068
285,Polk County,FL,12,2017-01-31,155103.79784873
1556,Brevard County,FL,12,2017-01-31,183663.19452660112
669,Pasco County,FL,12,2017-01-31,172977.23133522473
2063,Volusia County,FL,12,2017-01-31,170234.36600579778
2538,Seminole County,FL,12,2017-01-31,214427.4555510007
2528,Sarasota County,FL,12,2017-01-31,256118.8872673369
1916,Manatee County,FL,12,2017-01-31,247805.1706620772
1957,Osceola County,FL,12,2017-01-31,197585.63873654968
219,Lake County,FL,12,2017-01-31,195394.76112949467
1638,Collier County,FL,12,2017-01-31,346579.5966078804
1161,Marion County,FL,12,2017-01-31,137971.68061067336
3131,Saint Lucie County,FL,12,2017-01-31,187531.80856763272
2259,Escambia County,FL,12,2017-01-31,144292.077171886
232,Leon County,FL,12,2017-01-31,176221.5770285802
1509,Alachua County,FL,12,2017-01-31,169614.82276148783
3128,Saint Johns County,FL,12,2017-01-31,281190.74193537777
118,Clay County,FL,12,2017-01-31,179181.81571652074
2460,Okaloosa County,FL,12,2017-01-31,202194.5336568064
2341,Hernando County,FL,12,2017-01-31,140415.19725318477
2650,Charlotte County,FL,12,2017-01-31,191463.48926232944
3026,Santa Rosa County,FL,12,2017-01-31,180137.5323529984
67,Bay County,FL,12,2017-01-31,186898.94221867868
3168,Indian River County,FL,12,2017-01-31,200501.4327281057
1176,Martin County,FL,12,2017-01-31,248030.1518621588
938,Citrus County,FL,12,2017-01-31,133639.38262709693
1409,Sumter County,FL,12,2017-01-31,247382.85321512868
1707,Flagler County,FL,12,2017-01-31,209621.5789743084
2724,Highlands County,FL,12,2017-01-31,110587.93674297527
1251,Nassau County,FL,12,2017-01-31,244949.7556629205
1214,Monroe County,FL,12,2017-01-31,523394.5179935828
1468,Walton County,FL,12,2017-01-31,346971.8701071244
1338,Putnam County,FL,12,2017-01-31,94660.79735581572
2212,Columbia County,FL,12,2017-01-31,127465.25189382154
1794,Jackson County,FL,12,2017-01-31,97775.68915035912
1717,Gadsden County,FL,12,2017-01-31,97720.76131517264
2570,Suwannee County,FL,12,2017-01-31,130259.2968445538
234,Levy County,FL,12,2017-01-31,131494.3011857282
2990,Okeechobee County,FL,12,2017-01-31,119541.23411010926
1093,Hendry County,FL,12,2017-01-31,114999.71730803009
1659,De Soto County,FL,12,2017-01-31,123880.01422915304
2066,Wakulla County,FL,12,2017-01-31,150367.29339410315
378,Baker County,FL,12,2017-01-31,161442.4320080725
2148,Bradford County,FL,12,2017-01-31,116104.1452700951
1076,Hardee County,FL,12,2017-01-31,102228.99181041204
3050,Washington County,FL,12,2017-01-31,103560.90508959096
1419,Taylor County,FL,12,2017-01-31,96324.455303019
1094,Holmes County,FL,12,2017-01-31,103878.57584213576
1896,Madison County,FL,12,2017-01-31,105153.7684080125
2704,Gilchrist County,FL,12,2017-01-31,131579.63296686826
480,Dixie County,FL,12,2017-01-31,96907.2446653232
762,Union County,FL,12,2017-01-31,127690.77829663055
169,Gulf County,FL,12,2017-01-31,196363.9898057635
2735,Jefferson County,FL,12,2017-01-31,149564.73565413445
2315,Hamilton County,FL,12,2017-01-31,93272.00197397482
1571,Calhoun County,FL,12,2017-01-31,101070.03835883772
2272,Franklin County,FL,12,2017-01-31,229135.60354398345
1042,Glades County,FL,12,2017-01-31,112062.29217855944
2769,Lafayette County,FL,12,2017-01-31,122673.1789532256
1858,Liberty County,FL,12,2017-01-31,106700.65236835158
2964,Miami-Dade County,FL,12,2017-02-28,272780.1602957885
1561,Broward County,FL,12,2017-02-28,230434.0991343192
2993,Palm Beach County,FL,12,2017-02-28,259215.3434940192
3165,Hillsborough County,FL,12,2017-02-28,200501.85291982768
1287,Orange County,FL,12,2017-02-28,217341.8437144692
489,Duval County,FL,12,2017-02-28,160395.58377438955
2480,Pinellas County,FL,12,2017-02-28,200523.20979997623
80,Lee County,FL,12,2017-02-28,222526.9763465496
285,Polk County,FL,12,2017-02-28,156040.27805790748
1556,Brevard County,FL,12,2017-02-28,185240.4429599863
669,Pasco County,FL,12,2017-02-28,174391.3953900865
2063,Volusia County,FL,12,2017-02-28,171185.6595049087
2538,Seminole County,FL,12,2017-02-28,215478.4293547624
2528,Sarasota County,FL,12,2017-02-28,256911.69016611343
1916,Manatee County,FL,12,2017-02-28,249070.79592372524
1957,Osceola County,FL,12,2017-02-28,198669.49792315657
219,Lake County,FL,12,2017-02-28,196570.25395834376
1638,Collier County,FL,12,2017-02-28,346125.3164509758
1161,Marion County,FL,12,2017-02-28,138809.828018233
3131,Saint Lucie County,FL,12,2017-02-28,189232.86127760573
2259,Escambia County,FL,12,2017-02-28,145015.56306044446
232,Leon County,FL,12,2017-02-28,176688.61266062866
1509,Alachua County,FL,12,2017-02-28,170794.9805838391
3128,Saint Johns County,FL,12,2017-02-28,281963.90514368034
118,Clay County,FL,12,2017-02-28,180032.03875643903
2460,Okaloosa County,FL,12,2017-02-28,203047.96985121493
2341,Hernando County,FL,12,2017-02-28,141482.14064924285
2650,Charlotte County,FL,12,2017-02-28,191634.2764034753
3026,Santa Rosa County,FL,12,2017-02-28,180918.40861859705
67,Bay County,FL,12,2017-02-28,186648.53384960152
3168,Indian River County,FL,12,2017-02-28,202098.48840454267
1176,Martin County,FL,12,2017-02-28,249912.55124442
938,Citrus County,FL,12,2017-02-28,134465.5327959112
1409,Sumter County,FL,12,2017-02-28,247796.438798208
1707,Flagler County,FL,12,2017-02-28,210752.0846933642
2724,Highlands County,FL,12,2017-02-28,111294.38582510194
1251,Nassau County,FL,12,2017-02-28,246525.3136801893
1214,Monroe County,FL,12,2017-02-28,523202.0016932509
1468,Walton County,FL,12,2017-02-28,349037.68508225825
1338,Putnam County,FL,12,2017-02-28,94663.93954899198
2212,Columbia County,FL,12,2017-02-28,127445.64029568929
1794,Jackson County,FL,12,2017-02-28,97365.29846682464
1717,Gadsden County,FL,12,2017-02-28,97242.2185079818
2570,Suwannee County,FL,12,2017-02-28,130511.5738949311
234,Levy County,FL,12,2017-02-28,131567.14208498123
2990,Okeechobee County,FL,12,2017-02-28,120502.4735647748
1093,Hendry County,FL,12,2017-02-28,116297.79231809748
1659,De Soto County,FL,12,2017-02-28,125129.48340952322
2066,Wakulla County,FL,12,2017-02-28,150672.18270116093
378,Baker County,FL,12,2017-02-28,161851.1950104657
2148,Bradford County,FL,12,2017-02-28,116182.43642417363
1076,Hardee County,FL,12,2017-02-28,102140.58720585077
3050,Washington County,FL,12,2017-02-28,103042.27431368562
1419,Taylor County,FL,12,2017-02-28,97500.66023360314
1094,Holmes County,FL,12,2017-02-28,105175.80567385808
1896,Madison County,FL,12,2017-02-28,105275.7472309429
2704,Gilchrist County,FL,12,2017-02-28,132020.85479459647
480,Dixie County,FL,12,2017-02-28,97047.99370479176
762,Union County,FL,12,2017-02-28,128620.86339586154
169,Gulf County,FL,12,2017-02-28,196886.15505033603
2735,Jefferson County,FL,12,2017-02-28,149123.69630455022
2315,Hamilton County,FL,12,2017-02-28,93872.42675609852
1571,Calhoun County,FL,12,2017-02-28,100999.3388468618
2272,Franklin County,FL,12,2017-02-28,228934.7398267405
1042,Glades County,FL,12,2017-02-28,112405.04403446196
2769,Lafayette County,FL,12,2017-02-28,122528.84689961496
1858,Liberty County,FL,12,2017-02-28,106227.35124377251
2964,Miami-Dade County,FL,12,2017-03-31,274655.3105649546
1561,Broward County,FL,12,2017-03-31,232754.3990458544
2993,Palm Beach County,FL,12,2017-03-31,260907.8649926845
3165,Hillsborough County,FL,12,2017-03-31,202310.71995956395
1287,Orange County,FL,12,2017-03-31,219001.3755206426
489,Duval County,FL,12,2017-03-31,161430.0248129057
2480,Pinellas County,FL,12,2017-03-31,201389.27196023284
80,Lee County,FL,12,2017-03-31,223294.2887211548
285,Polk County,FL,12,2017-03-31,156944.4256419477
1556,Brevard County,FL,12,2017-03-31,187085.4928189056
669,Pasco County,FL,12,2017-03-31,175655.4576307762
2063,Volusia County,FL,12,2017-03-31,172055.50629004964
2538,Seminole County,FL,12,2017-03-31,216883.71509902528
2528,Sarasota County,FL,12,2017-03-31,257521.5796986649
1916,Manatee County,FL,12,2017-03-31,250119.14420599
1957,Osceola County,FL,12,2017-03-31,199884.7450794573
219,Lake County,FL,12,2017-03-31,197894.0969471701
1638,Collier County,FL,12,2017-03-31,346006.5739117297
1161,Marion County,FL,12,2017-03-31,139588.9942400303
3131,Saint Lucie County,FL,12,2017-03-31,190859.1650513609
2259,Escambia County,FL,12,2017-03-31,145730.21604179617
232,Leon County,FL,12,2017-03-31,177217.70613545887
1509,Alachua County,FL,12,2017-03-31,172061.40902781737
3128,Saint Johns County,FL,12,2017-03-31,283144.84352457634
118,Clay County,FL,12,2017-03-31,180865.6243928433
2460,Okaloosa County,FL,12,2017-03-31,204240.25733522515
2341,Hernando County,FL,12,2017-03-31,142723.4567952515
2650,Charlotte County,FL,12,2017-03-31,191922.66936115
3026,Santa Rosa County,FL,12,2017-03-31,182191.8034582433
67,Bay County,FL,12,2017-03-31,187068.88150634288
3168,Indian River County,FL,12,2017-03-31,204103.23317769016
1176,Martin County,FL,12,2017-03-31,251939.7081350317
938,Citrus County,FL,12,2017-03-31,135305.879871049
1409,Sumter County,FL,12,2017-03-31,248213.0694178279
1707,Flagler County,FL,12,2017-03-31,211431.6793360172
2724,Highlands County,FL,12,2017-03-31,111952.79400031576
1251,Nassau County,FL,12,2017-03-31,248709.4690833093
1214,Monroe County,FL,12,2017-03-31,525416.7611173809
1468,Walton County,FL,12,2017-03-31,352052.5793228554
1338,Putnam County,FL,12,2017-03-31,94320.36443371997
2212,Columbia County,FL,12,2017-03-31,127592.5108150834
1794,Jackson County,FL,12,2017-03-31,96910.02694583336
1717,Gadsden County,FL,12,2017-03-31,96794.49229834149
2570,Suwannee County,FL,12,2017-03-31,130472.79900457652
234,Levy County,FL,12,2017-03-31,131373.83065622087
2990,Okeechobee County,FL,12,2017-03-31,121332.29623697864
1093,Hendry County,FL,12,2017-03-31,117840.89058864977
1659,De Soto County,FL,12,2017-03-31,126334.84116057384
2066,Wakulla County,FL,12,2017-03-31,151155.5317596771
378,Baker County,FL,12,2017-03-31,162433.65880790804
2148,Bradford County,FL,12,2017-03-31,116390.8986519856
1076,Hardee County,FL,12,2017-03-31,101862.3431176634
3050,Washington County,FL,12,2017-03-31,102709.67350521393
1419,Taylor County,FL,12,2017-03-31,98383.98521277496
1094,Holmes County,FL,12,2017-03-31,105880.3401814728
1896,Madison County,FL,12,2017-03-31,105406.3462340884
2704,Gilchrist County,FL,12,2017-03-31,132552.66723819144
480,Dixie County,FL,12,2017-03-31,96662.4422283069
762,Union County,FL,12,2017-03-31,129780.05178779064
169,Gulf County,FL,12,2017-03-31,198597.9847507136
2735,Jefferson County,FL,12,2017-03-31,148040.54074662022
2315,Hamilton County,FL,12,2017-03-31,94463.28073709768
1571,Calhoun County,FL,12,2017-03-31,101020.21725963312
2272,Franklin County,FL,12,2017-03-31,229865.9806773502
1042,Glades County,FL,12,2017-03-31,112818.92683276428
2769,Lafayette County,FL,12,2017-03-31,122267.06804352846
1858,Liberty County,FL,12,2017-03-31,105712.48285615456
2964,Miami-Dade County,FL,12,2017-04-30,276579.7775006781
1561,Broward County,FL,12,2017-04-30,235115.1650011344
2993,Palm Beach County,FL,12,2017-04-30,262522.054549533
3165,Hillsborough County,FL,12,2017-04-30,203992.825428702
1287,Orange County,FL,12,2017-04-30,220742.4108880204
489,Duval County,FL,12,2017-04-30,162744.35121282554
2480,Pinellas County,FL,12,2017-04-30,202674.4129016814
80,Lee County,FL,12,2017-04-30,223874.3226941776
285,Polk County,FL,12,2017-04-30,158031.81684394146
1556,Brevard County,FL,12,2017-04-30,188890.0044507416
669,Pasco County,FL,12,2017-04-30,177051.47286821678
2063,Volusia County,FL,12,2017-04-30,173355.58472045657
2538,Seminole County,FL,12,2017-04-30,218719.399498958
2528,Sarasota County,FL,12,2017-04-30,258164.8425514983
1916,Manatee County,FL,12,2017-04-30,250927.96311055915
1957,Osceola County,FL,12,2017-04-30,201192.20884876497
219,Lake County,FL,12,2017-04-30,199413.54209908168
1638,Collier County,FL,12,2017-04-30,346221.2058270814
1161,Marion County,FL,12,2017-04-30,140515.9526805209
3131,Saint Lucie County,FL,12,2017-04-30,192169.0809755436
2259,Escambia County,FL,12,2017-04-30,146561.374658177
232,Leon County,FL,12,2017-04-30,177992.35154330582
1509,Alachua County,FL,12,2017-04-30,173487.14181662595
3128,Saint Johns County,FL,12,2017-04-30,284576.5336733567
118,Clay County,FL,12,2017-04-30,181896.1625039385
2460,Okaloosa County,FL,12,2017-04-30,205757.48468356032
2341,Hernando County,FL,12,2017-04-30,144036.20196458822
2650,Charlotte County,FL,12,2017-04-30,192585.9637477023
3026,Santa Rosa County,FL,12,2017-04-30,183785.0303982735
67,Bay County,FL,12,2017-04-30,188286.90966819416
3168,Indian River County,FL,12,2017-04-30,206068.98106589663
1176,Martin County,FL,12,2017-04-30,253737.2296400313
938,Citrus County,FL,12,2017-04-30,136220.1638472565
1409,Sumter County,FL,12,2017-04-30,248940.91894881803
1707,Flagler County,FL,12,2017-04-30,212127.15717426283
2724,Highlands County,FL,12,2017-04-30,112737.90386497568
1251,Nassau County,FL,12,2017-04-30,251174.3829198388
1214,Monroe County,FL,12,2017-04-30,529281.9992916748
1468,Walton County,FL,12,2017-04-30,355104.9166718664
1338,Putnam County,FL,12,2017-04-30,94429.68083647425
2212,Columbia County,FL,12,2017-04-30,127953.49316247329
1794,Jackson County,FL,12,2017-04-30,96710.8270121008
1717,Gadsden County,FL,12,2017-04-30,96182.8436317084
2570,Suwannee County,FL,12,2017-04-30,130511.77008431643
234,Levy County,FL,12,2017-04-30,131286.07655488947
2990,Okeechobee County,FL,12,2017-04-30,122218.76083950202
1093,Hendry County,FL,12,2017-04-30,119139.2663125546
1659,De Soto County,FL,12,2017-04-30,127288.6114421818
2066,Wakulla County,FL,12,2017-04-30,151956.1370464307
378,Baker County,FL,12,2017-04-30,163197.27929192284
2148,Bradford County,FL,12,2017-04-30,116951.20144006854
1076,Hardee County,FL,12,2017-04-30,101612.16359009517
3050,Washington County,FL,12,2017-04-30,102384.45155747904
1419,Taylor County,FL,12,2017-04-30,98793.43881345614
1094,Holmes County,FL,12,2017-04-30,106012.97264840396
1896,Madison County,FL,12,2017-04-30,105562.71743856667
2704,Gilchrist County,FL,12,2017-04-30,133340.60880675996
480,Dixie County,FL,12,2017-04-30,96344.03019974664
762,Union County,FL,12,2017-04-30,130211.98378200192
169,Gulf County,FL,12,2017-04-30,200634.0413354088
2735,Jefferson County,FL,12,2017-04-30,147135.5115339103
2315,Hamilton County,FL,12,2017-04-30,94649.63953199408
1571,Calhoun County,FL,12,2017-04-30,101023.57878295975
2272,Franklin County,FL,12,2017-04-30,231245.49344858725
1042,Glades County,FL,12,2017-04-30,113192.40619601223
2769,Lafayette County,FL,12,2017-04-30,122225.13561597474
1858,Liberty County,FL,12,2017-04-30,105249.6063265271
2964,Miami-Dade County,FL,12,2017-05-31,278016.4160157729
1561,Broward County,FL,12,2017-05-31,237226.0207958865
2993,Palm Beach County,FL,12,2017-05-31,263751.3771664186
3165,Hillsborough County,FL,12,2017-05-31,205234.9329510156
1287,Orange County,FL,12,2017-05-31,222341.0802283588
489,Duval County,FL,12,2017-05-31,164060.22733613724
2480,Pinellas County,FL,12,2017-05-31,204049.92928035607
80,Lee County,FL,12,2017-05-31,224173.0889904628
285,Polk County,FL,12,2017-05-31,159013.15594635555
1556,Brevard County,FL,12,2017-05-31,190783.3300563098
669,Pasco County,FL,12,2017-05-31,178220.1886051797
2063,Volusia County,FL,12,2017-05-31,174856.60086052676
2538,Seminole County,FL,12,2017-05-31,220783.6439207812
2528,Sarasota County,FL,12,2017-05-31,258626.88735345184
1916,Manatee County,FL,12,2017-05-31,251676.6134642349
1957,Osceola County,FL,12,2017-05-31,202410.3010813472
219,Lake County,FL,12,2017-05-31,200864.34325126675
1638,Collier County,FL,12,2017-05-31,345584.4099709987
1161,Marion County,FL,12,2017-05-31,141477.94261056135
3131,Saint Lucie County,FL,12,2017-05-31,193193.3085587141
2259,Escambia County,FL,12,2017-05-31,147364.22944253052
232,Leon County,FL,12,2017-05-31,178791.37707110235
1509,Alachua County,FL,12,2017-05-31,174919.80258306573
3128,Saint Johns County,FL,12,2017-05-31,285737.8556472477
118,Clay County,FL,12,2017-05-31,182909.07637988715
2460,Okaloosa County,FL,12,2017-05-31,207092.0670805108
2341,Hernando County,FL,12,2017-05-31,145389.0593656546
2650,Charlotte County,FL,12,2017-05-31,193346.7413447271
3026,Santa Rosa County,FL,12,2017-05-31,185201.9790138603
67,Bay County,FL,12,2017-05-31,189972.06405189028
3168,Indian River County,FL,12,2017-05-31,207563.63898581872
1176,Martin County,FL,12,2017-05-31,254855.6000448951
938,Citrus County,FL,12,2017-05-31,137327.68078490856
1409,Sumter County,FL,12,2017-05-31,249304.31776323903
1707,Flagler County,FL,12,2017-05-31,212644.2102853013
2724,Highlands County,FL,12,2017-05-31,113352.01588099133
1251,Nassau County,FL,12,2017-05-31,253314.35576772093
1214,Monroe County,FL,12,2017-05-31,532904.5280200153
1468,Walton County,FL,12,2017-05-31,357487.6404330454
1338,Putnam County,FL,12,2017-05-31,95004.86617169472
2212,Columbia County,FL,12,2017-05-31,128649.40960965834
1794,Jackson County,FL,12,2017-05-31,96663.14960016652
1717,Gadsden County,FL,12,2017-05-31,96004.40397482
2570,Suwannee County,FL,12,2017-05-31,130764.4382814578
234,Levy County,FL,12,2017-05-31,131829.55702796575
2990,Okeechobee County,FL,12,2017-05-31,123104.71234325836
1093,Hendry County,FL,12,2017-05-31,120342.47214705298
1659,De Soto County,FL,12,2017-05-31,128165.17989516184
2066,Wakulla County,FL,12,2017-05-31,152951.61276869956
378,Baker County,FL,12,2017-05-31,163808.5787395882
2148,Bradford County,FL,12,2017-05-31,118089.01895646918
1076,Hardee County,FL,12,2017-05-31,101511.74951716117
3050,Washington County,FL,12,2017-05-31,102239.20029063016
1419,Taylor County,FL,12,2017-05-31,99202.5561758136
1094,Holmes County,FL,12,2017-05-31,105979.94781639751
1896,Madison County,FL,12,2017-05-31,105690.77396073224
2704,Gilchrist County,FL,12,2017-05-31,134748.98328594145
480,Dixie County,FL,12,2017-05-31,96471.04507167448
762,Union County,FL,12,2017-05-31,129865.3632018062
169,Gulf County,FL,12,2017-05-31,202776.5202826565
2735,Jefferson County,FL,12,2017-05-31,146471.731431033
2315,Hamilton County,FL,12,2017-05-31,94708.8590105496
1571,Calhoun County,FL,12,2017-05-31,101375.00496852948
2272,Franklin County,FL,12,2017-05-31,232382.9105845641
1042,Glades County,FL,12,2017-05-31,114027.13118007056
2769,Lafayette County,FL,12,2017-05-31,122472.98501866258
1858,Liberty County,FL,12,2017-05-31,105119.39655003816
2964,Miami-Dade County,FL,12,2017-06-30,279368.00607017014
1561,Broward County,FL,12,2017-06-30,239205.05429568165
2993,Palm Beach County,FL,12,2017-06-30,264937.0301564599
3165,Hillsborough County,FL,12,2017-06-30,206403.9604110248
1287,Orange County,FL,12,2017-06-30,224137.1892917757
489,Duval County,FL,12,2017-06-30,165508.32585576375
2480,Pinellas County,FL,12,2017-06-30,205695.47747060293
80,Lee County,FL,12,2017-06-30,224428.8197019624
285,Polk County,FL,12,2017-06-30,160179.35448903093
1556,Brevard County,FL,12,2017-06-30,192758.51060410435
669,Pasco County,FL,12,2017-06-30,179680.03484133398
2063,Volusia County,FL,12,2017-06-30,176743.7227634275
2538,Seminole County,FL,12,2017-06-30,223006.48000225483
2528,Sarasota County,FL,12,2017-06-30,259146.32390133955
1916,Manatee County,FL,12,2017-06-30,252523.11608325303
1957,Osceola County,FL,12,2017-06-30,203592.72134523024
219,Lake County,FL,12,2017-06-30,202345.6120152801
1638,Collier County,FL,12,2017-06-30,344828.1104881642
1161,Marion County,FL,12,2017-06-30,142495.4562665971
3131,Saint Lucie County,FL,12,2017-06-30,194477.6096496796
2259,Escambia County,FL,12,2017-06-30,148315.3705502967
232,Leon County,FL,12,2017-06-30,179620.07385754035
1509,Alachua County,FL,12,2017-06-30,176357.55752767329
3128,Saint Johns County,FL,12,2017-06-30,286852.58168586134
118,Clay County,FL,12,2017-06-30,184168.35034770737
2460,Okaloosa County,FL,12,2017-06-30,208372.65209376623
2341,Hernando County,FL,12,2017-06-30,146606.24429524946
2650,Charlotte County,FL,12,2017-06-30,194185.58355353188
3026,Santa Rosa County,FL,12,2017-06-30,186532.02629886547
67,Bay County,FL,12,2017-06-30,191947.7069260744
3168,Indian River County,FL,12,2017-06-30,208863.22340643057
1176,Martin County,FL,12,2017-06-30,255677.4658061799
938,Citrus County,FL,12,2017-06-30,138616.37349273358
1409,Sumter County,FL,12,2017-06-30,249582.46919609743
1707,Flagler County,FL,12,2017-06-30,213725.3369451908
2724,Highlands County,FL,12,2017-06-30,114166.14492984807
1251,Nassau County,FL,12,2017-06-30,255162.17657520864
1214,Monroe County,FL,12,2017-06-30,536072.4048225386
1468,Walton County,FL,12,2017-06-30,359573.3309873559
1338,Putnam County,FL,12,2017-06-30,95993.07757285764
2212,Columbia County,FL,12,2017-06-30,129662.8619513453
1794,Jackson County,FL,12,2017-06-30,96609.9122390125
1717,Gadsden County,FL,12,2017-06-30,95880.22913633085
2570,Suwannee County,FL,12,2017-06-30,131324.88920252214
234,Levy County,FL,12,2017-06-30,132788.54090077445
2990,Okeechobee County,FL,12,2017-06-30,124103.60182664962
1093,Hendry County,FL,12,2017-06-30,121387.7964175908
1659,De Soto County,FL,12,2017-06-30,128935.16925049823
2066,Wakulla County,FL,12,2017-06-30,154050.0620755283
378,Baker County,FL,12,2017-06-30,164507.86825796854
2148,Bradford County,FL,12,2017-06-30,119110.09601124778
1076,Hardee County,FL,12,2017-06-30,101550.86409375755
3050,Washington County,FL,12,2017-06-30,101871.31051127128
1419,Taylor County,FL,12,2017-06-30,100039.75189840252
1094,Holmes County,FL,12,2017-06-30,106107.0233963055
1896,Madison County,FL,12,2017-06-30,106112.01330917951
2704,Gilchrist County,FL,12,2017-06-30,136203.419653194
480,Dixie County,FL,12,2017-06-30,96966.1618743181
762,Union County,FL,12,2017-06-30,129262.89146968049
169,Gulf County,FL,12,2017-06-30,204963.4502387044
2735,Jefferson County,FL,12,2017-06-30,146515.7542447449
2315,Hamilton County,FL,12,2017-06-30,94602.50591573572
1571,Calhoun County,FL,12,2017-06-30,101644.47787419496
2272,Franklin County,FL,12,2017-06-30,233335.849965354
1042,Glades County,FL,12,2017-06-30,115097.3545878562
2769,Lafayette County,FL,12,2017-06-30,122766.07720875368
1858,Liberty County,FL,12,2017-06-30,105187.11782742594
2964,Miami-Dade County,FL,12,2017-07-31,280711.56619095843
1561,Broward County,FL,12,2017-07-31,240977.82223193964
2993,Palm Beach County,FL,12,2017-07-31,266256.6133117578
3165,Hillsborough County,FL,12,2017-07-31,207615.8716152608
1287,Orange County,FL,12,2017-07-31,225654.23222397696
489,Duval County,FL,12,2017-07-31,166900.36474710566
2480,Pinellas County,FL,12,2017-07-31,207449.26045737343
80,Lee County,FL,12,2017-07-31,224623.14594707463
285,Polk County,FL,12,2017-07-31,161376.70241856333
1556,Brevard County,FL,12,2017-07-31,194740.32426325887
669,Pasco County,FL,12,2017-07-31,181024.12459221
2063,Volusia County,FL,12,2017-07-31,178502.68157415907
2538,Seminole County,FL,12,2017-07-31,225006.4510059412
2528,Sarasota County,FL,12,2017-07-31,259709.60869073184
1916,Manatee County,FL,12,2017-07-31,253384.92042653364
1957,Osceola County,FL,12,2017-07-31,204774.32307415365
219,Lake County,FL,12,2017-07-31,203773.3486851393
1638,Collier County,FL,12,2017-07-31,344044.1611908968
1161,Marion County,FL,12,2017-07-31,143540.79237798983
3131,Saint Lucie County,FL,12,2017-07-31,195669.8503538516
2259,Escambia County,FL,12,2017-07-31,149269.98762403338
232,Leon County,FL,12,2017-07-31,180485.6981392275
1509,Alachua County,FL,12,2017-07-31,177532.68077516742
3128,Saint Johns County,FL,12,2017-07-31,287683.1034252687
118,Clay County,FL,12,2017-07-31,185286.156091998
2460,Okaloosa County,FL,12,2017-07-31,209262.35417137007
2341,Hernando County,FL,12,2017-07-31,147952.24122262598
2650,Charlotte County,FL,12,2017-07-31,195189.95750595487
3026,Santa Rosa County,FL,12,2017-07-31,187767.3937869249
67,Bay County,FL,12,2017-07-31,193784.43915637024
3168,Indian River County,FL,12,2017-07-31,210291.2509725036
1176,Martin County,FL,12,2017-07-31,256335.80689953244
938,Citrus County,FL,12,2017-07-31,139905.01791105725
1409,Sumter County,FL,12,2017-07-31,249709.6860831244
1707,Flagler County,FL,12,2017-07-31,214757.7547772544
2724,Highlands County,FL,12,2017-07-31,114998.55867077196
1251,Nassau County,FL,12,2017-07-31,256504.85010786288
1214,Monroe County,FL,12,2017-07-31,539210.5990829389
1468,Walton County,FL,12,2017-07-31,361461.5340922655
1338,Putnam County,FL,12,2017-07-31,97658.46296196208
2212,Columbia County,FL,12,2017-07-31,130969.54177722368
1794,Jackson County,FL,12,2017-07-31,96762.76845911834
1717,Gadsden County,FL,12,2017-07-31,96606.84640173074
2570,Suwannee County,FL,12,2017-07-31,132163.05252907294
234,Levy County,FL,12,2017-07-31,134256.8403224379
2990,Okeechobee County,FL,12,2017-07-31,125143.18641950484
1093,Hendry County,FL,12,2017-07-31,122107.2071639943
1659,De Soto County,FL,12,2017-07-31,129828.07589185012
2066,Wakulla County,FL,12,2017-07-31,154991.93600595286
378,Baker County,FL,12,2017-07-31,165544.59983512395
2148,Bradford County,FL,12,2017-07-31,119982.56100262103
1076,Hardee County,FL,12,2017-07-31,101956.35937448866
3050,Washington County,FL,12,2017-07-31,102339.92261484636
1419,Taylor County,FL,12,2017-07-31,101455.67133723327
1094,Holmes County,FL,12,2017-07-31,106986.24370853238
1896,Madison County,FL,12,2017-07-31,106971.22902228986
2704,Gilchrist County,FL,12,2017-07-31,137923.0538798579
480,Dixie County,FL,12,2017-07-31,97945.59647901946
762,Union County,FL,12,2017-07-31,129393.18263698187
169,Gulf County,FL,12,2017-07-31,207248.16015219883
2735,Jefferson County,FL,12,2017-07-31,147372.7610432613
2315,Hamilton County,FL,12,2017-07-31,94606.69631738782
1571,Calhoun County,FL,12,2017-07-31,102497.34057677085
2272,Franklin County,FL,12,2017-07-31,234619.71820293737
1042,Glades County,FL,12,2017-07-31,116277.67766488693
2769,Lafayette County,FL,12,2017-07-31,123580.98321568132
1858,Liberty County,FL,12,2017-07-31,106011.84060209582
2964,Miami-Dade County,FL,12,2017-08-31,282154.41287434363
1561,Broward County,FL,12,2017-08-31,242844.30292093425
2993,Palm Beach County,FL,12,2017-08-31,267835.8896307124
3165,Hillsborough County,FL,12,2017-08-31,208958.47933023915
1287,Orange County,FL,12,2017-08-31,227230.59739435723
489,Duval County,FL,12,2017-08-31,168438.60238098985
2480,Pinellas County,FL,12,2017-08-31,209524.52344657143
80,Lee County,FL,12,2017-08-31,225126.40962455576
285,Polk County,FL,12,2017-08-31,162823.40828880592
1556,Brevard County,FL,12,2017-08-31,196744.1420941428
669,Pasco County,FL,12,2017-08-31,182551.8691633957
2063,Volusia County,FL,12,2017-08-31,180260.60079292773
2538,Seminole County,FL,12,2017-08-31,226824.83365364047
2528,Sarasota County,FL,12,2017-08-31,260413.4823062892
1916,Manatee County,FL,12,2017-08-31,254215.6512128173
1957,Osceola County,FL,12,2017-08-31,206209.67249060524
219,Lake County,FL,12,2017-08-31,205326.0791132597
1638,Collier County,FL,12,2017-08-31,344408.5651151614
1161,Marion County,FL,12,2017-08-31,144613.39134350486
3131,Saint Lucie County,FL,12,2017-08-31,196970.8708081784
2259,Escambia County,FL,12,2017-08-31,150343.4105818611
232,Leon County,FL,12,2017-08-31,181317.6314291182
1509,Alachua County,FL,12,2017-08-31,178621.08272085225
3128,Saint Johns County,FL,12,2017-08-31,288873.76279442135
118,Clay County,FL,12,2017-08-31,186709.81973444263
2460,Okaloosa County,FL,12,2017-08-31,210285.47640881524
2341,Hernando County,FL,12,2017-08-31,149458.99890985276
2650,Charlotte County,FL,12,2017-08-31,196468.82414614843
3026,Santa Rosa County,FL,12,2017-08-31,189168.472425284
67,Bay County,FL,12,2017-08-31,195604.02854486907
3168,Indian River County,FL,12,2017-08-31,211978.42796748944
1176,Martin County,FL,12,2017-08-31,257405.2608088418
938,Citrus County,FL,12,2017-08-31,141137.72187630457
1409,Sumter County,FL,12,2017-08-31,249944.26236072776
1707,Flagler County,FL,12,2017-08-31,216082.3596641968
2724,Highlands County,FL,12,2017-08-31,115929.30793049642
1251,Nassau County,FL,12,2017-08-31,258027.00394125623
1214,Monroe County,FL,12,2017-08-31,543347.1994919077
1468,Walton County,FL,12,2017-08-31,364111.7993813636
1338,Putnam County,FL,12,2017-08-31,99826.76379046224
2212,Columbia County,FL,12,2017-08-31,132385.01013376607
1794,Jackson County,FL,12,2017-08-31,97170.88008726892
1717,Gadsden County,FL,12,2017-08-31,97518.54836790753
2570,Suwannee County,FL,12,2017-08-31,133318.7550696541
234,Levy County,FL,12,2017-08-31,135727.99344397942
2990,Okeechobee County,FL,12,2017-08-31,126343.04394370865
1093,Hendry County,FL,12,2017-08-31,122685.57928011785
1659,De Soto County,FL,12,2017-08-31,130878.32654420256
2066,Wakulla County,FL,12,2017-08-31,155898.15954252923
378,Baker County,FL,12,2017-08-31,167405.9013406445
2148,Bradford County,FL,12,2017-08-31,121044.23729475768
1076,Hardee County,FL,12,2017-08-31,102805.50922417972
3050,Washington County,FL,12,2017-08-31,103545.60686322508
1419,Taylor County,FL,12,2017-08-31,103086.92039473356
1094,Holmes County,FL,12,2017-08-31,108174.30298807302
1896,Madison County,FL,12,2017-08-31,108146.54504986614
2704,Gilchrist County,FL,12,2017-08-31,139572.09111556955
480,Dixie County,FL,12,2017-08-31,99049.33009268984
762,Union County,FL,12,2017-08-31,129952.76445484725
169,Gulf County,FL,12,2017-08-31,209756.82497904403
2735,Jefferson County,FL,12,2017-08-31,148748.49922368067
2315,Hamilton County,FL,12,2017-08-31,94868.4913052837
1571,Calhoun County,FL,12,2017-08-31,103552.09895989456
2272,Franklin County,FL,12,2017-08-31,236715.8376840661
1042,Glades County,FL,12,2017-08-31,116952.01447628044
2769,Lafayette County,FL,12,2017-08-31,124523.42996322624
1858,Liberty County,FL,12,2017-08-31,107454.40827843732
2964,Miami-Dade County,FL,12,2017-09-30,283484.82738520915
1561,Broward County,FL,12,2017-09-30,244677.3966899844
2993,Palm Beach County,FL,12,2017-09-30,269262.0363125086
3165,Hillsborough County,FL,12,2017-09-30,210230.6448161821
1287,Orange County,FL,12,2017-09-30,228693.3266104016
489,Duval County,FL,12,2017-09-30,169879.4257315203
2480,Pinellas County,FL,12,2017-09-30,211481.42186038688
80,Lee County,FL,12,2017-09-30,225775.7929771701
285,Polk County,FL,12,2017-09-30,164109.18275504818
1556,Brevard County,FL,12,2017-09-30,198590.4788648612
669,Pasco County,FL,12,2017-09-30,184043.9764031036
2063,Volusia County,FL,12,2017-09-30,181960.7992928348
2538,Seminole County,FL,12,2017-09-30,228404.80296251937
2528,Sarasota County,FL,12,2017-09-30,260957.77462053936
1916,Manatee County,FL,12,2017-09-30,254985.5440002672
1957,Osceola County,FL,12,2017-09-30,207836.2079194548
219,Lake County,FL,12,2017-09-30,206960.50502007327
1638,Collier County,FL,12,2017-09-30,344886.88257308427
1161,Marion County,FL,12,2017-09-30,145930.941935509
3131,Saint Lucie County,FL,12,2017-09-30,198125.7994077863
2259,Escambia County,FL,12,2017-09-30,151406.56129403182
232,Leon County,FL,12,2017-09-30,182133.33734313585
1509,Alachua County,FL,12,2017-09-30,179574.28954340014
3128,Saint Johns County,FL,12,2017-09-30,290276.0902089386
118,Clay County,FL,12,2017-09-30,188155.496054042
2460,Okaloosa County,FL,12,2017-09-30,211540.7153463773
2341,Hernando County,FL,12,2017-09-30,150985.05416102693
2650,Charlotte County,FL,12,2017-09-30,197843.50707116027
3026,Santa Rosa County,FL,12,2017-09-30,190554.847847462
67,Bay County,FL,12,2017-09-30,197285.4335060578
3168,Indian River County,FL,12,2017-09-30,213592.6262364745
1176,Martin County,FL,12,2017-09-30,258743.72380086963
938,Citrus County,FL,12,2017-09-30,142412.13166070863
1409,Sumter County,FL,12,2017-09-30,250542.31242703428
1707,Flagler County,FL,12,2017-09-30,217170.186432558
2724,Highlands County,FL,12,2017-09-30,116946.67608316084
1251,Nassau County,FL,12,2017-09-30,259660.63075882764
1214,Monroe County,FL,12,2017-09-30,546425.3147681014
1468,Walton County,FL,12,2017-09-30,366831.65796870895
1338,Putnam County,FL,12,2017-09-30,102232.62533505568
2212,Columbia County,FL,12,2017-09-30,134119.0870251394
1794,Jackson County,FL,12,2017-09-30,98106.39651812872
1717,Gadsden County,FL,12,2017-09-30,98773.95003859563
2570,Suwannee County,FL,12,2017-09-30,134898.09164664728
234,Levy County,FL,12,2017-09-30,137357.10081934245
2990,Okeechobee County,FL,12,2017-09-30,127679.88698929967
1093,Hendry County,FL,12,2017-09-30,123364.92980150411
1659,De Soto County,FL,12,2017-09-30,131977.30760518412
2066,Wakulla County,FL,12,2017-09-30,156769.06396266862
378,Baker County,FL,12,2017-09-30,169489.6657222764
2148,Bradford County,FL,12,2017-09-30,122439.80236901656
1076,Hardee County,FL,12,2017-09-30,104147.79127660047
3050,Washington County,FL,12,2017-09-30,105422.72945981538
1419,Taylor County,FL,12,2017-09-30,104703.92292441548
1094,Holmes County,FL,12,2017-09-30,109601.9814627709
1896,Madison County,FL,12,2017-09-30,109618.80123852164
2704,Gilchrist County,FL,12,2017-09-30,141218.1130334724
480,Dixie County,FL,12,2017-09-30,100259.06002036385
762,Union County,FL,12,2017-09-30,130952.60180672751
169,Gulf County,FL,12,2017-09-30,212592.9868179869
2735,Jefferson County,FL,12,2017-09-30,150164.3289576229
2315,Hamilton County,FL,12,2017-09-30,95376.13312086686
1571,Calhoun County,FL,12,2017-09-30,104450.6199129339
2272,Franklin County,FL,12,2017-09-30,239147.76703474403
1042,Glades County,FL,12,2017-09-30,117593.5885766325
2769,Lafayette County,FL,12,2017-09-30,125841.98954381808
1858,Liberty County,FL,12,2017-09-30,109408.85887725814
2964,Miami-Dade County,FL,12,2017-10-31,284918.7223521068
1561,Broward County,FL,12,2017-10-31,246718.47619634567
2993,Palm Beach County,FL,12,2017-10-31,270650.8846242247
3165,Hillsborough County,FL,12,2017-10-31,211359.7512254624
1287,Orange County,FL,12,2017-10-31,230378.2862809028
489,Duval County,FL,12,2017-10-31,171567.00228046547
2480,Pinellas County,FL,12,2017-10-31,213461.1162006324
80,Lee County,FL,12,2017-10-31,226750.50012511128
285,Polk County,FL,12,2017-10-31,165444.4741499084
1556,Brevard County,FL,12,2017-10-31,200142.2696050536
669,Pasco County,FL,12,2017-10-31,185603.0331910416
2063,Volusia County,FL,12,2017-10-31,183813.45437069773
2538,Seminole County,FL,12,2017-10-31,229825.55327155697
2528,Sarasota County,FL,12,2017-10-31,261606.57685840668
1916,Manatee County,FL,12,2017-10-31,255925.5136421405
1957,Osceola County,FL,12,2017-10-31,209637.0562181954
219,Lake County,FL,12,2017-10-31,208536.1483640673
1638,Collier County,FL,12,2017-10-31,345941.6356887392
1161,Marion County,FL,12,2017-10-31,147194.62000572926
3131,Saint Lucie County,FL,12,2017-10-31,199661.19533939604
2259,Escambia County,FL,12,2017-10-31,152250.9263387701
232,Leon County,FL,12,2017-10-31,183009.9745418689
1509,Alachua County,FL,12,2017-10-31,180481.3859803132
3128,Saint Johns County,FL,12,2017-10-31,292115.0910047866
118,Clay County,FL,12,2017-10-31,189700.2270062592
2460,Okaloosa County,FL,12,2017-10-31,212856.5772417428
2341,Hernando County,FL,12,2017-10-31,152413.87831305343
2650,Charlotte County,FL,12,2017-10-31,199156.67227938827
3026,Santa Rosa County,FL,12,2017-10-31,192203.49642107697
67,Bay County,FL,12,2017-10-31,198381.51805261275
3168,Indian River County,FL,12,2017-10-31,215191.2612832913
1176,Martin County,FL,12,2017-10-31,260264.3238801956
938,Citrus County,FL,12,2017-10-31,143652.32119922328
1409,Sumter County,FL,12,2017-10-31,251384.0558453248
1707,Flagler County,FL,12,2017-10-31,218633.4763128458
2724,Highlands County,FL,12,2017-10-31,118093.34424781562
1251,Nassau County,FL,12,2017-10-31,261536.50698124964
1214,Monroe County,FL,12,2017-10-31,549358.0194875371
1468,Walton County,FL,12,2017-10-31,369684.2853499625
1338,Putnam County,FL,12,2017-10-31,104096.29639385005
2212,Columbia County,FL,12,2017-10-31,135812.70733803697
1794,Jackson County,FL,12,2017-10-31,98925.43729653176
1717,Gadsden County,FL,12,2017-10-31,99931.44827889942
2570,Suwannee County,FL,12,2017-10-31,136296.43813563182
234,Levy County,FL,12,2017-10-31,138818.41641878887
2990,Okeechobee County,FL,12,2017-10-31,128962.12126047524
1093,Hendry County,FL,12,2017-10-31,124311.96038603496
1659,De Soto County,FL,12,2017-10-31,133016.4793405951
2066,Wakulla County,FL,12,2017-10-31,157811.3304190827
378,Baker County,FL,12,2017-10-31,171442.84387604755
2148,Bradford County,FL,12,2017-10-31,124145.45598658228
1076,Hardee County,FL,12,2017-10-31,105565.78495528991
3050,Washington County,FL,12,2017-10-31,106897.11825396882
1419,Taylor County,FL,12,2017-10-31,105664.23352724368
1094,Holmes County,FL,12,2017-10-31,110596.87994720077
1896,Madison County,FL,12,2017-10-31,110669.22606212027
2704,Gilchrist County,FL,12,2017-10-31,142413.25472022718
480,Dixie County,FL,12,2017-10-31,101270.2584036712
762,Union County,FL,12,2017-10-31,131637.15942141289
169,Gulf County,FL,12,2017-10-31,215619.6486915025
2735,Jefferson County,FL,12,2017-10-31,150549.4871523475
2315,Hamilton County,FL,12,2017-10-31,95917.00285665329
1571,Calhoun County,FL,12,2017-10-31,104750.29833822705
2272,Franklin County,FL,12,2017-10-31,241290.35049105377
1042,Glades County,FL,12,2017-10-31,118068.00097518008
2769,Lafayette County,FL,12,2017-10-31,126964.3955564692
1858,Liberty County,FL,12,2017-10-31,110570.4125396717
2964,Miami-Dade County,FL,12,2017-11-30,286482.9189452012
1561,Broward County,FL,12,2017-11-30,249021.892186466
2993,Palm Beach County,FL,12,2017-11-30,272015.8503434825
3165,Hillsborough County,FL,12,2017-11-30,212700.8427611077
1287,Orange County,FL,12,2017-11-30,231941.9407844357
489,Duval County,FL,12,2017-11-30,172931.3596804403
2480,Pinellas County,FL,12,2017-11-30,215494.17948844505
80,Lee County,FL,12,2017-11-30,227783.3007008126
285,Polk County,FL,12,2017-11-30,166804.663970063
1556,Brevard County,FL,12,2017-11-30,201576.55261596377
669,Pasco County,FL,12,2017-11-30,187256.5237678344
2063,Volusia County,FL,12,2017-11-30,185754.2335749745
2538,Seminole County,FL,12,2017-11-30,231225.6850375185
2528,Sarasota County,FL,12,2017-11-30,262581.98172349384
1916,Manatee County,FL,12,2017-11-30,256910.81303327708
1957,Osceola County,FL,12,2017-11-30,211403.6075694448
219,Lake County,FL,12,2017-11-30,209883.652829721
1638,Collier County,FL,12,2017-11-30,346364.67339630704
1161,Marion County,FL,12,2017-11-30,148643.5182853811
3131,Saint Lucie County,FL,12,2017-11-30,201597.2483180776
2259,Escambia County,FL,12,2017-11-30,153087.9740983961
232,Leon County,FL,12,2017-11-30,183991.8744381927
1509,Alachua County,FL,12,2017-11-30,181435.8072973274
3128,Saint Johns County,FL,12,2017-11-30,294033.0268367475
118,Clay County,FL,12,2017-11-30,191077.5288858762
2460,Okaloosa County,FL,12,2017-11-30,214229.5501903424
2341,Hernando County,FL,12,2017-11-30,153621.95275553924
2650,Charlotte County,FL,12,2017-11-30,200669.66626538744
3026,Santa Rosa County,FL,12,2017-11-30,194028.15675850003
67,Bay County,FL,12,2017-11-30,198886.3703093394
3168,Indian River County,FL,12,2017-11-30,216834.71140926168
1176,Martin County,FL,12,2017-11-30,261438.70733494344
938,Citrus County,FL,12,2017-11-30,144840.996590234
1409,Sumter County,FL,12,2017-11-30,252281.39721083408
1707,Flagler County,FL,12,2017-11-30,220357.47036776508
2724,Highlands County,FL,12,2017-11-30,119335.3171923292
1251,Nassau County,FL,12,2017-11-30,263161.75449667795
1214,Monroe County,FL,12,2017-11-30,552342.0422094116
1468,Walton County,FL,12,2017-11-30,372263.21567351656
1338,Putnam County,FL,12,2017-11-30,105350.45875668728
2212,Columbia County,FL,12,2017-11-30,137458.33291783414
1794,Jackson County,FL,12,2017-11-30,99740.26636528374
1717,Gadsden County,FL,12,2017-11-30,101205.02311540509
2570,Suwannee County,FL,12,2017-11-30,137462.22651706648
234,Levy County,FL,12,2017-11-30,140201.91660245598
2990,Okeechobee County,FL,12,2017-11-30,130187.31119180274
1093,Hendry County,FL,12,2017-11-30,125465.06555148064
1659,De Soto County,FL,12,2017-11-30,134089.22862985914
2066,Wakulla County,FL,12,2017-11-30,158967.52072022134
378,Baker County,FL,12,2017-11-30,172635.76605821136
2148,Bradford County,FL,12,2017-11-30,125666.0433261738
1076,Hardee County,FL,12,2017-11-30,106827.6385168354
3050,Washington County,FL,12,2017-11-30,108059.62633980882
1419,Taylor County,FL,12,2017-11-30,106228.2371630805
1094,Holmes County,FL,12,2017-11-30,111263.09544368548
1896,Madison County,FL,12,2017-11-30,111457.36666182928
2704,Gilchrist County,FL,12,2017-11-30,143122.66309049595
480,Dixie County,FL,12,2017-11-30,102001.15343094122
762,Union County,FL,12,2017-11-30,132369.4723691046
169,Gulf County,FL,12,2017-11-30,218669.32682535125
2735,Jefferson County,FL,12,2017-11-30,150185.74495946005
2315,Hamilton County,FL,12,2017-11-30,96268.1320855647
1571,Calhoun County,FL,12,2017-11-30,104816.99866193547
2272,Franklin County,FL,12,2017-11-30,242838.744406944
1042,Glades County,FL,12,2017-11-30,118685.49786515004
2769,Lafayette County,FL,12,2017-11-30,127508.03810546518
1858,Liberty County,FL,12,2017-11-30,110961.17060164984
2964,Miami-Dade County,FL,12,2017-12-31,288277.79476643045
1561,Broward County,FL,12,2017-12-31,251770.32608849305
2993,Palm Beach County,FL,12,2017-12-31,273618.0493205366
3165,Hillsborough County,FL,12,2017-12-31,214295.38084145
1287,Orange County,FL,12,2017-12-31,233508.49682308105
489,Duval County,FL,12,2017-12-31,174162.6949168898
2480,Pinellas County,FL,12,2017-12-31,217568.29076942464
80,Lee County,FL,12,2017-12-31,228710.71989301
285,Polk County,FL,12,2017-12-31,168186.9377901859
1556,Brevard County,FL,12,2017-12-31,203067.23694492425
669,Pasco County,FL,12,2017-12-31,188792.27360276403
2063,Volusia County,FL,12,2017-12-31,187644.3718509656
2538,Seminole County,FL,12,2017-12-31,232844.0381782585
2528,Sarasota County,FL,12,2017-12-31,263606.8585151417
1916,Manatee County,FL,12,2017-12-31,257783.71832630388
1957,Osceola County,FL,12,2017-12-31,213128.04611392925
219,Lake County,FL,12,2017-12-31,211044.99341828623
1638,Collier County,FL,12,2017-12-31,346603.4432463667
1161,Marion County,FL,12,2017-12-31,149977.2279303826
3131,Saint Lucie County,FL,12,2017-12-31,203807.00706281152
2259,Escambia County,FL,12,2017-12-31,153826.34992336875
232,Leon County,FL,12,2017-12-31,184817.8035498373
1509,Alachua County,FL,12,2017-12-31,182285.87589806344
3128,Saint Johns County,FL,12,2017-12-31,295722.5912112887
118,Clay County,FL,12,2017-12-31,192352.44626207263
2460,Okaloosa County,FL,12,2017-12-31,215375.31679062115
2341,Hernando County,FL,12,2017-12-31,154856.62015929818
2650,Charlotte County,FL,12,2017-12-31,202167.3945624847
3026,Santa Rosa County,FL,12,2017-12-31,195919.9141126985
67,Bay County,FL,12,2017-12-31,199079.50567268263
3168,Indian River County,FL,12,2017-12-31,218685.88235318288
1176,Martin County,FL,12,2017-12-31,262313.4138567888
938,Citrus County,FL,12,2017-12-31,145848.7744907398
1409,Sumter County,FL,12,2017-12-31,253226.0708603024
1707,Flagler County,FL,12,2017-12-31,222311.7031908641
2724,Highlands County,FL,12,2017-12-31,120443.08553375537
1251,Nassau County,FL,12,2017-12-31,264983.6091396285
1214,Monroe County,FL,12,2017-12-31,557122.4776171435
1468,Walton County,FL,12,2017-12-31,375232.0878540711
1338,Putnam County,FL,12,2017-12-31,106106.77893679896
2212,Columbia County,FL,12,2017-12-31,138665.71381185934
1794,Jackson County,FL,12,2017-12-31,100367.45393553562
1717,Gadsden County,FL,12,2017-12-31,102183.27540237296
2570,Suwannee County,FL,12,2017-12-31,138559.7457173237
234,Levy County,FL,12,2017-12-31,141259.1914204662
2990,Okeechobee County,FL,12,2017-12-31,131366.84657880288
1093,Hendry County,FL,12,2017-12-31,126718.57307384194
1659,De Soto County,FL,12,2017-12-31,135069.30764465278
2066,Wakulla County,FL,12,2017-12-31,160057.4955150151
378,Baker County,FL,12,2017-12-31,173516.18886334705
2148,Bradford County,FL,12,2017-12-31,126979.73038205458
1076,Hardee County,FL,12,2017-12-31,107790.67948606692
3050,Washington County,FL,12,2017-12-31,108771.70812337995
1419,Taylor County,FL,12,2017-12-31,106240.6117597791
1094,Holmes County,FL,12,2017-12-31,111554.57679394745
1896,Madison County,FL,12,2017-12-31,111651.58250499037
2704,Gilchrist County,FL,12,2017-12-31,143464.2226368247
480,Dixie County,FL,12,2017-12-31,102497.98762074664
762,Union County,FL,12,2017-12-31,132723.49488761972
169,Gulf County,FL,12,2017-12-31,221618.5879275472
2735,Jefferson County,FL,12,2017-12-31,149121.37569867377
2315,Hamilton County,FL,12,2017-12-31,96386.42129091382
1571,Calhoun County,FL,12,2017-12-31,104970.33705479887
2272,Franklin County,FL,12,2017-12-31,244172.89163177385
1042,Glades County,FL,12,2017-12-31,118973.23570338658
2769,Lafayette County,FL,12,2017-12-31,127457.9206563782
1858,Liberty County,FL,12,2017-12-31,110571.5351072168
2964,Miami-Dade County,FL,12,2018-01-31,289867.9421816312
1561,Broward County,FL,12,2018-01-31,254049.02052368128
2993,Palm Beach County,FL,12,2018-01-31,275207.5278814932
3165,Hillsborough County,FL,12,2018-01-31,216064.8709748423
1287,Orange County,FL,12,2018-01-31,235140.4506664532
489,Duval County,FL,12,2018-01-31,175025.753703861
2480,Pinellas County,FL,12,2018-01-31,218697.86527072123
80,Lee County,FL,12,2018-01-31,229279.533033625
285,Polk County,FL,12,2018-01-31,169500.20329791986
1556,Brevard County,FL,12,2018-01-31,204680.811293816
669,Pasco County,FL,12,2018-01-31,190254.9331336824
2063,Volusia County,FL,12,2018-01-31,189474.86235189284
2538,Seminole County,FL,12,2018-01-31,234561.376099093
2528,Sarasota County,FL,12,2018-01-31,264615.5363352792
1916,Manatee County,FL,12,2018-01-31,258605.9579278773
1957,Osceola County,FL,12,2018-01-31,214408.33887040592
219,Lake County,FL,12,2018-01-31,212094.2350091232
1638,Collier County,FL,12,2018-01-31,345922.36417075334
1161,Marion County,FL,12,2018-01-31,151353.8012518131
3131,Saint Lucie County,FL,12,2018-01-31,206011.0201722888
2259,Escambia County,FL,12,2018-01-31,154699.29029575828
232,Leon County,FL,12,2018-01-31,185218.1047474352
1509,Alachua County,FL,12,2018-01-31,183040.8129521124
3128,Saint Johns County,FL,12,2018-01-31,297160.83904505824
118,Clay County,FL,12,2018-01-31,193903.90824680508
2460,Okaloosa County,FL,12,2018-01-31,216668.94454597784
2341,Hernando County,FL,12,2018-01-31,156130.7958858108
2650,Charlotte County,FL,12,2018-01-31,203620.76221981508
3026,Santa Rosa County,FL,12,2018-01-31,197403.729619979
67,Bay County,FL,12,2018-01-31,199236.994717058
3168,Indian River County,FL,12,2018-01-31,220446.8800952948
1176,Martin County,FL,12,2018-01-31,263018.93144509714
938,Citrus County,FL,12,2018-01-31,147107.96937221565
1409,Sumter County,FL,12,2018-01-31,254088.5180499693
1707,Flagler County,FL,12,2018-01-31,224180.44508155112
2724,Highlands County,FL,12,2018-01-31,121273.57149569735
1251,Nassau County,FL,12,2018-01-31,266222.90953599993
1214,Monroe County,FL,12,2018-01-31,560496.5672220947
1468,Walton County,FL,12,2018-01-31,378495.29615050455
1338,Putnam County,FL,12,2018-01-31,106130.85349668766
2212,Columbia County,FL,12,2018-01-31,139675.4702753439
1794,Jackson County,FL,12,2018-01-31,100827.74607511215
1717,Gadsden County,FL,12,2018-01-31,102850.33833002573
2570,Suwannee County,FL,12,2018-01-31,139776.8604606711
234,Levy County,FL,12,2018-01-31,141877.78509179808
2990,Okeechobee County,FL,12,2018-01-31,132904.28527517652
1093,Hendry County,FL,12,2018-01-31,128388.07075029402
1659,De Soto County,FL,12,2018-01-31,136040.35084520458
2066,Wakulla County,FL,12,2018-01-31,161037.25736983624
378,Baker County,FL,12,2018-01-31,173984.21162557125
2148,Bradford County,FL,12,2018-01-31,127575.75514251272
1076,Hardee County,FL,12,2018-01-31,108684.00593273633
3050,Washington County,FL,12,2018-01-31,108806.22733359232
1419,Taylor County,FL,12,2018-01-31,106028.96197165722
1094,Holmes County,FL,12,2018-01-31,111498.64918840144
1896,Madison County,FL,12,2018-01-31,111127.89099375343
2704,Gilchrist County,FL,12,2018-01-31,143277.0454520501
480,Dixie County,FL,12,2018-01-31,102513.02471432414
762,Union County,FL,12,2018-01-31,132733.89773963494
169,Gulf County,FL,12,2018-01-31,223877.8049284884
2735,Jefferson County,FL,12,2018-01-31,147949.42534169235
2315,Hamilton County,FL,12,2018-01-31,96289.61055660366
1571,Calhoun County,FL,12,2018-01-31,105151.16549258586
2272,Franklin County,FL,12,2018-01-31,245669.09181173952
1042,Glades County,FL,12,2018-01-31,119530.28145816644
2769,Lafayette County,FL,12,2018-01-31,127120.42899588974
1858,Liberty County,FL,12,2018-01-31,110320.212096774
2964,Miami-Dade County,FL,12,2018-02-28,291299.01857186947
1561,Broward County,FL,12,2018-02-28,255289.4559118873
2993,Palm Beach County,FL,12,2018-02-28,276728.03177937184
3165,Hillsborough County,FL,12,2018-02-28,217720.8253265448
1287,Orange County,FL,12,2018-02-28,237001.9818987689
489,Duval County,FL,12,2018-02-28,176004.09156051636
2480,Pinellas County,FL,12,2018-02-28,219185.0701021928
80,Lee County,FL,12,2018-02-28,229634.99148521505
285,Polk County,FL,12,2018-02-28,170806.78813648448
1556,Brevard County,FL,12,2018-02-28,206322.729907289
669,Pasco County,FL,12,2018-02-28,191565.38466399183
2063,Volusia County,FL,12,2018-02-28,191167.14201972788
2538,Seminole County,FL,12,2018-02-28,236252.8575500487
2528,Sarasota County,FL,12,2018-02-28,265201.6352259279
1916,Manatee County,FL,12,2018-02-28,259404.6897647207
1957,Osceola County,FL,12,2018-02-28,215394.60773267588
219,Lake County,FL,12,2018-02-28,213258.35203275268
1638,Collier County,FL,12,2018-02-28,345294.6019821044
1161,Marion County,FL,12,2018-02-28,152727.50991295127
3131,Saint Lucie County,FL,12,2018-02-28,208003.89471665723
2259,Escambia County,FL,12,2018-02-28,155857.52708659202
232,Leon County,FL,12,2018-02-28,185702.66162991791
1509,Alachua County,FL,12,2018-02-28,183882.40658240367
3128,Saint Johns County,FL,12,2018-02-28,298434.0760322468
118,Clay County,FL,12,2018-02-28,195656.7279183448
2460,Okaloosa County,FL,12,2018-02-28,217799.21881724204
2341,Hernando County,FL,12,2018-02-28,157579.207173969
2650,Charlotte County,FL,12,2018-02-28,204769.44018021223
3026,Santa Rosa County,FL,12,2018-02-28,198587.0921581392
67,Bay County,FL,12,2018-02-28,199650.88170989827
3168,Indian River County,FL,12,2018-02-28,222080.05386694687
1176,Martin County,FL,12,2018-02-28,264214.1538982848
938,Citrus County,FL,12,2018-02-28,148754.2707013527
1409,Sumter County,FL,12,2018-02-28,255182.8340016846
1707,Flagler County,FL,12,2018-02-28,225824.2521150949
2724,Highlands County,FL,12,2018-02-28,122026.495360603
1251,Nassau County,FL,12,2018-02-28,267108.53196468606
1214,Monroe County,FL,12,2018-02-28,559725.494786386
1468,Walton County,FL,12,2018-02-28,380695.5060322696
1338,Putnam County,FL,12,2018-02-28,105754.81182666303
2212,Columbia County,FL,12,2018-02-28,140431.30884537785
1794,Jackson County,FL,12,2018-02-28,101042.31571754976
1717,Gadsden County,FL,12,2018-02-28,103584.47170711526
2570,Suwannee County,FL,12,2018-02-28,141334.65386870268
234,Levy County,FL,12,2018-02-28,141929.48575425378
2990,Okeechobee County,FL,12,2018-02-28,134756.25419606632
1093,Hendry County,FL,12,2018-02-28,130048.6825443908
1659,De Soto County,FL,12,2018-02-28,136762.62377183943
2066,Wakulla County,FL,12,2018-02-28,161944.9448442397
378,Baker County,FL,12,2018-02-28,174296.91745365408
2148,Bradford County,FL,12,2018-02-28,127600.8294634649
1076,Hardee County,FL,12,2018-02-28,109745.6371074714
3050,Washington County,FL,12,2018-02-28,108273.64543383109
1419,Taylor County,FL,12,2018-02-28,105681.6618624127
1094,Holmes County,FL,12,2018-02-28,111091.81760082144
1896,Madison County,FL,12,2018-02-28,110222.36599661
2704,Gilchrist County,FL,12,2018-02-28,142994.39960628646
480,Dixie County,FL,12,2018-02-28,102410.2133503756
762,Union County,FL,12,2018-02-28,132360.76408436705
169,Gulf County,FL,12,2018-02-28,226068.0876231409
2735,Jefferson County,FL,12,2018-02-28,147127.14615236895
2315,Hamilton County,FL,12,2018-02-28,96337.17182545416
1571,Calhoun County,FL,12,2018-02-28,105432.55109963228
2272,Franklin County,FL,12,2018-02-28,247253.47413758325
1042,Glades County,FL,12,2018-02-28,120023.7841889118
2769,Lafayette County,FL,12,2018-02-28,126723.90190428168
1858,Liberty County,FL,12,2018-02-28,110198.61541685589
2964,Miami-Dade County,FL,12,2018-03-31,292660.92063296464
1561,Broward County,FL,12,2018-03-31,255997.2587371228
2993,Palm Beach County,FL,12,2018-03-31,278229.214957591
3165,Hillsborough County,FL,12,2018-03-31,219359.63596185425
1287,Orange County,FL,12,2018-03-31,239051.9112622965
489,Duval County,FL,12,2018-03-31,177086.1543170053
2480,Pinellas County,FL,12,2018-03-31,219638.5666246025
80,Lee County,FL,12,2018-03-31,229946.5509202856
285,Polk County,FL,12,2018-03-31,172209.49451961252
1556,Brevard County,FL,12,2018-03-31,208047.1076150537
669,Pasco County,FL,12,2018-03-31,192956.5643553777
2063,Volusia County,FL,12,2018-03-31,192770.31732675552
2538,Seminole County,FL,12,2018-03-31,237857.5853913593
2528,Sarasota County,FL,12,2018-03-31,265731.601655542
1916,Manatee County,FL,12,2018-03-31,260508.112350966
1957,Osceola County,FL,12,2018-03-31,216368.938587118
219,Lake County,FL,12,2018-03-31,214666.0470878773
1638,Collier County,FL,12,2018-03-31,345212.9883604129
1161,Marion County,FL,12,2018-03-31,154052.31728986025
3131,Saint Lucie County,FL,12,2018-03-31,209752.7935877192
2259,Escambia County,FL,12,2018-03-31,157280.85380212622
232,Leon County,FL,12,2018-03-31,186413.9865589704
1509,Alachua County,FL,12,2018-03-31,185041.09633353064
3128,Saint Johns County,FL,12,2018-03-31,299953.2085976619
118,Clay County,FL,12,2018-03-31,197816.59728837723
2460,Okaloosa County,FL,12,2018-03-31,219098.7838634344
2341,Hernando County,FL,12,2018-03-31,159287.0143579718
2650,Charlotte County,FL,12,2018-03-31,205652.79557197297
3026,Santa Rosa County,FL,12,2018-03-31,199670.72969405787
67,Bay County,FL,12,2018-03-31,200759.7230032352
3168,Indian River County,FL,12,2018-03-31,223604.66670273693
1176,Martin County,FL,12,2018-03-31,265953.66174229054
938,Citrus County,FL,12,2018-03-31,150784.54564656146
1409,Sumter County,FL,12,2018-03-31,256449.046594642
1707,Flagler County,FL,12,2018-03-31,226975.2803025112
2724,Highlands County,FL,12,2018-03-31,122851.72275428234
1251,Nassau County,FL,12,2018-03-31,268111.578167489
1214,Monroe County,FL,12,2018-03-31,555918.3256235999
1468,Walton County,FL,12,2018-03-31,382258.4590708094
1338,Putnam County,FL,12,2018-03-31,105791.127737375
2212,Columbia County,FL,12,2018-03-31,141618.63146918037
1794,Jackson County,FL,12,2018-03-31,101216.39745939162
1717,Gadsden County,FL,12,2018-03-31,104812.72137746953
2570,Suwannee County,FL,12,2018-03-31,143258.633050798
234,Levy County,FL,12,2018-03-31,142274.7504240592
2990,Okeechobee County,FL,12,2018-03-31,136830.34356118215
1093,Hendry County,FL,12,2018-03-31,131799.62175040293
1659,De Soto County,FL,12,2018-03-31,137584.3040167869
2066,Wakulla County,FL,12,2018-03-31,163117.21698006446
378,Baker County,FL,12,2018-03-31,175069.41226257835
2148,Bradford County,FL,12,2018-03-31,127886.7286104412
1076,Hardee County,FL,12,2018-03-31,110959.59097619962
3050,Washington County,FL,12,2018-03-31,108052.5601819164
1419,Taylor County,FL,12,2018-03-31,106074.35810422395
1094,Holmes County,FL,12,2018-03-31,111494.1587372744
1896,Madison County,FL,12,2018-03-31,109769.6390601088
2704,Gilchrist County,FL,12,2018-03-31,142986.91274604635
480,Dixie County,FL,12,2018-03-31,102836.6100728173
762,Union County,FL,12,2018-03-31,132252.5791214175
169,Gulf County,FL,12,2018-03-31,229025.1083990477
2735,Jefferson County,FL,12,2018-03-31,147030.95055774078
2315,Hamilton County,FL,12,2018-03-31,96870.4610609926
1571,Calhoun County,FL,12,2018-03-31,106383.24067245552
2272,Franklin County,FL,12,2018-03-31,249127.4673079248
1042,Glades County,FL,12,2018-03-31,121021.36907472386
2769,Lafayette County,FL,12,2018-03-31,127014.80117855807
1858,Liberty County,FL,12,2018-03-31,110817.48443336529
2964,Miami-Dade County,FL,12,2018-04-30,294108.5753820075
1561,Broward County,FL,12,2018-04-30,256772.40150086224
2993,Palm Beach County,FL,12,2018-04-30,279388.09484242
3165,Hillsborough County,FL,12,2018-04-30,220844.7017156928
1287,Orange County,FL,12,2018-04-30,241106.493710538
489,Duval County,FL,12,2018-04-30,178381.37950960934
2480,Pinellas County,FL,12,2018-04-30,220729.23480953416
80,Lee County,FL,12,2018-04-30,230226.8314402685
285,Polk County,FL,12,2018-04-30,173493.0517494847
1556,Brevard County,FL,12,2018-04-30,209515.9899727605
669,Pasco County,FL,12,2018-04-30,194136.24256337225
2063,Volusia County,FL,12,2018-04-30,194046.43700043228
2538,Seminole County,FL,12,2018-04-30,239201.19880806896
2528,Sarasota County,FL,12,2018-04-30,265885.0929273277
1916,Manatee County,FL,12,2018-04-30,261557.81269633336
1957,Osceola County,FL,12,2018-04-30,217746.9119274697
219,Lake County,FL,12,2018-04-30,216228.50507385528
1638,Collier County,FL,12,2018-04-30,345763.2347841526
1161,Marion County,FL,12,2018-04-30,154918.224686255
3131,Saint Lucie County,FL,12,2018-04-30,211175.89381621417
2259,Escambia County,FL,12,2018-04-30,158490.74636235452
232,Leon County,FL,12,2018-04-30,187470.1363000072
1509,Alachua County,FL,12,2018-04-30,186485.1080917872
3128,Saint Johns County,FL,12,2018-04-30,301517.1742718746
118,Clay County,FL,12,2018-04-30,199932.2441063468
2460,Okaloosa County,FL,12,2018-04-30,220390.0223477471
2341,Hernando County,FL,12,2018-04-30,160907.01501217403
2650,Charlotte County,FL,12,2018-04-30,206194.77066184088
3026,Santa Rosa County,FL,12,2018-04-30,200823.54034087373
67,Bay County,FL,12,2018-04-30,202793.6990287972
3168,Indian River County,FL,12,2018-04-30,224853.90278497664
1176,Martin County,FL,12,2018-04-30,267930.2128245199
938,Citrus County,FL,12,2018-04-30,152443.2814956896
1409,Sumter County,FL,12,2018-04-30,257760.66265371963
1707,Flagler County,FL,12,2018-04-30,227657.279320878
2724,Highlands County,FL,12,2018-04-30,123510.4549736039
1251,Nassau County,FL,12,2018-04-30,269857.8852101691
1214,Monroe County,FL,12,2018-04-30,552236.1242993885
1468,Walton County,FL,12,2018-04-30,382929.3818704696
1338,Putnam County,FL,12,2018-04-30,106925.66776295632
2212,Columbia County,FL,12,2018-04-30,142780.9772000004
1794,Jackson County,FL,12,2018-04-30,101545.94466565811
1717,Gadsden County,FL,12,2018-04-30,106182.3836883292
2570,Suwannee County,FL,12,2018-04-30,145063.82417261822
234,Levy County,FL,12,2018-04-30,143098.2192203975
2990,Okeechobee County,FL,12,2018-04-30,138559.27887411026
1093,Hendry County,FL,12,2018-04-30,132909.392943006
1659,De Soto County,FL,12,2018-04-30,138293.69723296846
2066,Wakulla County,FL,12,2018-04-30,164148.82676560953
378,Baker County,FL,12,2018-04-30,176215.026810084
2148,Bradford County,FL,12,2018-04-30,128387.94533322718
1076,Hardee County,FL,12,2018-04-30,111708.36150641627
3050,Washington County,FL,12,2018-04-30,108675.24373956046
1419,Taylor County,FL,12,2018-04-30,107103.33441475216
1094,Holmes County,FL,12,2018-04-30,111884.89029574304
1896,Madison County,FL,12,2018-04-30,109554.4099813943
2704,Gilchrist County,FL,12,2018-04-30,143857.93515292063
480,Dixie County,FL,12,2018-04-30,103904.5623230972
762,Union County,FL,12,2018-04-30,132539.94438442364
169,Gulf County,FL,12,2018-04-30,232407.94249403675
2735,Jefferson County,FL,12,2018-04-30,147517.21421171108
2315,Hamilton County,FL,12,2018-04-30,97532.49931111812
1571,Calhoun County,FL,12,2018-04-30,107722.48713887592
2272,Franklin County,FL,12,2018-04-30,251282.713942687
1042,Glades County,FL,12,2018-04-30,122035.21716697072
2769,Lafayette County,FL,12,2018-04-30,127295.92659380504
1858,Liberty County,FL,12,2018-04-30,111751.25352654429
2964,Miami-Dade County,FL,12,2018-05-31,295720.84327281045
1561,Broward County,FL,12,2018-05-31,258173.3225740056
2993,Palm Beach County,FL,12,2018-05-31,280513.037492174
3165,Hillsborough County,FL,12,2018-05-31,222000.8449007436
1287,Orange County,FL,12,2018-05-31,243052.1853698149
489,Duval County,FL,12,2018-05-31,179770.23101378445
2480,Pinellas County,FL,12,2018-05-31,222171.42943894165
80,Lee County,FL,12,2018-05-31,230586.7893304372
285,Polk County,FL,12,2018-05-31,174731.7795911477
1556,Brevard County,FL,12,2018-05-31,210675.82742874013
669,Pasco County,FL,12,2018-05-31,195224.4152922352
2063,Volusia County,FL,12,2018-05-31,195193.39367133685
2538,Seminole County,FL,12,2018-05-31,240587.15718049408
2528,Sarasota County,FL,12,2018-05-31,266278.52133611403
1916,Manatee County,FL,12,2018-05-31,262765.1053202241
1957,Osceola County,FL,12,2018-05-31,219420.6696622777
219,Lake County,FL,12,2018-05-31,217816.15980573653
1638,Collier County,FL,12,2018-05-31,346827.4573428105
1161,Marion County,FL,12,2018-05-31,155550.87682948096
3131,Saint Lucie County,FL,12,2018-05-31,212368.51480094527
2259,Escambia County,FL,12,2018-05-31,159284.25732041654
232,Leon County,FL,12,2018-05-31,188417.2288052317
1509,Alachua County,FL,12,2018-05-31,187946.99169091904
3128,Saint Johns County,FL,12,2018-05-31,302964.5396782649
118,Clay County,FL,12,2018-05-31,201977.13278912043
2460,Okaloosa County,FL,12,2018-05-31,221821.5324160189
2341,Hernando County,FL,12,2018-05-31,162501.79530730765
2650,Charlotte County,FL,12,2018-05-31,206556.9789480373
3026,Santa Rosa County,FL,12,2018-05-31,202000.4334518986
67,Bay County,FL,12,2018-05-31,205155.606092964
3168,Indian River County,FL,12,2018-05-31,226052.86591328736
1176,Martin County,FL,12,2018-05-31,269473.50367876096
938,Citrus County,FL,12,2018-05-31,153695.18376585073
1409,Sumter County,FL,12,2018-05-31,259031.0570211573
1707,Flagler County,FL,12,2018-05-31,228039.72029392133
2724,Highlands County,FL,12,2018-05-31,124053.07143257084
1251,Nassau County,FL,12,2018-05-31,272151.6091058137
1214,Monroe County,FL,12,2018-05-31,552273.8822085713
1468,Walton County,FL,12,2018-05-31,384560.5038327517
1338,Putnam County,FL,12,2018-05-31,108660.39550554448
2212,Columbia County,FL,12,2018-05-31,143902.09765468238
1794,Jackson County,FL,12,2018-05-31,102109.44006907602
1717,Gadsden County,FL,12,2018-05-31,107370.43315654408
2570,Suwannee County,FL,12,2018-05-31,146215.77362641465
234,Levy County,FL,12,2018-05-31,144475.21567616277
2990,Okeechobee County,FL,12,2018-05-31,139820.86355663382
1093,Hendry County,FL,12,2018-05-31,133726.40754967043
1659,De Soto County,FL,12,2018-05-31,139258.5840125658
2066,Wakulla County,FL,12,2018-05-31,165071.32149372375
378,Baker County,FL,12,2018-05-31,178093.88558836872
2148,Bradford County,FL,12,2018-05-31,129354.20017082756
1076,Hardee County,FL,12,2018-05-31,112568.09583267604
3050,Washington County,FL,12,2018-05-31,109848.3323179328
1419,Taylor County,FL,12,2018-05-31,108333.8388475738
1094,Holmes County,FL,12,2018-05-31,112105.40479668256
1896,Madison County,FL,12,2018-05-31,109650.8299848163
2704,Gilchrist County,FL,12,2018-05-31,145143.28618356385
480,Dixie County,FL,12,2018-05-31,105236.3242664701
762,Union County,FL,12,2018-05-31,132676.4426190889
169,Gulf County,FL,12,2018-05-31,235560.56237932504
2735,Jefferson County,FL,12,2018-05-31,148451.21464726867
2315,Hamilton County,FL,12,2018-05-31,98010.3641831332
1571,Calhoun County,FL,12,2018-05-31,109111.37243470683
2272,Franklin County,FL,12,2018-05-31,252985.8289861316
1042,Glades County,FL,12,2018-05-31,123494.84961263592
2769,Lafayette County,FL,12,2018-05-31,127832.81947879452
1858,Liberty County,FL,12,2018-05-31,112897.33879565692
2964,Miami-Dade County,FL,12,2018-06-30,297193.10631834617
1561,Broward County,FL,12,2018-06-30,259516.13363506665
2993,Palm Beach County,FL,12,2018-06-30,281325.9960326708
3165,Hillsborough County,FL,12,2018-06-30,222740.10900298352
1287,Orange County,FL,12,2018-06-30,244616.3910120807
489,Duval County,FL,12,2018-06-30,181139.96345044885
2480,Pinellas County,FL,12,2018-06-30,223521.3224624284
80,Lee County,FL,12,2018-06-30,230745.30552123967
285,Polk County,FL,12,2018-06-30,175871.20569925234
1556,Brevard County,FL,12,2018-06-30,211454.5684630313
669,Pasco County,FL,12,2018-06-30,196124.48147278733
2063,Volusia County,FL,12,2018-06-30,196150.20013508608
2538,Seminole County,FL,12,2018-06-30,241627.0962998049
2528,Sarasota County,FL,12,2018-06-30,266811.54886453087
1916,Manatee County,FL,12,2018-06-30,263866.89852067974
1957,Osceola County,FL,12,2018-06-30,220834.74177948697
219,Lake County,FL,12,2018-06-30,219127.2962284769
1638,Collier County,FL,12,2018-06-30,347631.3374406733
1161,Marion County,FL,12,2018-06-30,156021.92035787142
3131,Saint Lucie County,FL,12,2018-06-30,213441.56670901293
2259,Escambia County,FL,12,2018-06-30,159807.26719388049
232,Leon County,FL,12,2018-06-30,189099.71538369203
1509,Alachua County,FL,12,2018-06-30,189058.7364625717
3128,Saint Johns County,FL,12,2018-06-30,304003.9875417013
118,Clay County,FL,12,2018-06-30,203656.20635178604
2460,Okaloosa County,FL,12,2018-06-30,222883.9801863256
2341,Hernando County,FL,12,2018-06-30,163847.87363757796
2650,Charlotte County,FL,12,2018-06-30,206946.1651596592
3026,Santa Rosa County,FL,12,2018-06-30,203077.7804975443
67,Bay County,FL,12,2018-06-30,207276.46548553152
3168,Indian River County,FL,12,2018-06-30,227067.6974773796
1176,Martin County,FL,12,2018-06-30,270632.3850898452
938,Citrus County,FL,12,2018-06-30,154600.6199969649
1409,Sumter County,FL,12,2018-06-30,259963.4236078529
1707,Flagler County,FL,12,2018-06-30,228461.55333076417
2724,Highlands County,FL,12,2018-06-30,124466.05215704972
1251,Nassau County,FL,12,2018-06-30,274050.21667691594
1214,Monroe County,FL,12,2018-06-30,552781.4258732469
1468,Walton County,FL,12,2018-06-30,386183.42484352953
1338,Putnam County,FL,12,2018-06-30,110156.8018582116
2212,Columbia County,FL,12,2018-06-30,144404.5838226773
1794,Jackson County,FL,12,2018-06-30,102669.5951032408
1717,Gadsden County,FL,12,2018-06-30,107783.84786482644
2570,Suwannee County,FL,12,2018-06-30,146569.4369756904
234,Levy County,FL,12,2018-06-30,145549.23106225417
2990,Okeechobee County,FL,12,2018-06-30,140891.55754475296
1093,Hendry County,FL,12,2018-06-30,134387.3257693781
1659,De Soto County,FL,12,2018-06-30,140275.76258523346
2066,Wakulla County,FL,12,2018-06-30,165652.19306662958
378,Baker County,FL,12,2018-06-30,179890.3639349537
2148,Bradford County,FL,12,2018-06-30,130320.36362765032
1076,Hardee County,FL,12,2018-06-30,113345.5575323488
3050,Washington County,FL,12,2018-06-30,110714.37674573304
1419,Taylor County,FL,12,2018-06-30,109049.2786673729
1094,Holmes County,FL,12,2018-06-30,111427.93819291204
1896,Madison County,FL,12,2018-06-30,109449.73043688868
2704,Gilchrist County,FL,12,2018-06-30,146404.24371332958
480,Dixie County,FL,12,2018-06-30,106296.44934273588
762,Union County,FL,12,2018-06-30,132614.4983853202
169,Gulf County,FL,12,2018-06-30,237464.41319240592
2735,Jefferson County,FL,12,2018-06-30,149333.91930583477
2315,Hamilton County,FL,12,2018-06-30,97944.19999680245
1571,Calhoun County,FL,12,2018-06-30,109873.47879194633
2272,Franklin County,FL,12,2018-06-30,254689.971341074
1042,Glades County,FL,12,2018-06-30,125004.04628694589
2769,Lafayette County,FL,12,2018-06-30,128015.8953043156
1858,Liberty County,FL,12,2018-06-30,113254.93575504277
2964,Miami-Dade County,FL,12,2018-07-31,298781.16094238445
1561,Broward County,FL,12,2018-07-31,261308.1409069778
2993,Palm Beach County,FL,12,2018-07-31,282897.77991184214
3165,Hillsborough County,FL,12,2018-07-31,223672.29376984973
1287,Orange County,FL,12,2018-07-31,246019.0275170692
489,Duval County,FL,12,2018-07-31,182626.06116390912
2480,Pinellas County,FL,12,2018-07-31,225222.37456153988
80,Lee County,FL,12,2018-07-31,231367.889932562
285,Polk County,FL,12,2018-07-31,177320.9475369377
1556,Brevard County,FL,12,2018-07-31,212619.5764733973
669,Pasco County,FL,12,2018-07-31,197224.58887713737
2063,Volusia County,FL,12,2018-07-31,197368.7696804267
2538,Seminole County,FL,12,2018-07-31,243130.82627388265
2528,Sarasota County,FL,12,2018-07-31,268177.90807779593
1916,Manatee County,FL,12,2018-07-31,265433.9894133324
1957,Osceola County,FL,12,2018-07-31,222324.7250864193
219,Lake County,FL,12,2018-07-31,220637.17767184364
1638,Collier County,FL,12,2018-07-31,348865.09450068447
1161,Marion County,FL,12,2018-07-31,156891.17945760823
3131,Saint Lucie County,FL,12,2018-07-31,214705.7862760305
2259,Escambia County,FL,12,2018-07-31,160681.56773587593
232,Leon County,FL,12,2018-07-31,189840.8602981119
1509,Alachua County,FL,12,2018-07-31,190279.46635759165
3128,Saint Johns County,FL,12,2018-07-31,305097.67625713994
118,Clay County,FL,12,2018-07-31,205393.90954193307
2460,Okaloosa County,FL,12,2018-07-31,224064.99846969964
2341,Hernando County,FL,12,2018-07-31,165275.68434460388
2650,Charlotte County,FL,12,2018-07-31,207995.4014595688
3026,Santa Rosa County,FL,12,2018-07-31,204373.25108493984
67,Bay County,FL,12,2018-07-31,209489.985540338
3168,Indian River County,FL,12,2018-07-31,228545.8460041019
1176,Martin County,FL,12,2018-07-31,272074.8630806394
938,Citrus County,FL,12,2018-07-31,155745.90492356857
1409,Sumter County,FL,12,2018-07-31,261421.22019461155
1707,Flagler County,FL,12,2018-07-31,229374.25478793203
2724,Highlands County,FL,12,2018-07-31,125261.1764602622
1251,Nassau County,FL,12,2018-07-31,276250.9410739467
1214,Monroe County,FL,12,2018-07-31,554201.2747843037
1468,Walton County,FL,12,2018-07-31,388687.5178184777
1338,Putnam County,FL,12,2018-07-31,111375.93213250003
2212,Columbia County,FL,12,2018-07-31,145140.04978893287
1794,Jackson County,FL,12,2018-07-31,103714.14165052288
1717,Gadsden County,FL,12,2018-07-31,108297.69233671224
2570,Suwannee County,FL,12,2018-07-31,147042.54606002962
234,Levy County,FL,12,2018-07-31,146519.34523695536
2990,Okeechobee County,FL,12,2018-07-31,142375.84482444602
1093,Hendry County,FL,12,2018-07-31,135466.92265642257
1659,De Soto County,FL,12,2018-07-31,141421.90183078684
2066,Wakulla County,FL,12,2018-07-31,166323.6648016706
378,Baker County,FL,12,2018-07-31,182057.6415446184
2148,Bradford County,FL,12,2018-07-31,131776.34540515102
1076,Hardee County,FL,12,2018-07-31,114682.79156028348
3050,Washington County,FL,12,2018-07-31,111481.1312375916
1419,Taylor County,FL,12,2018-07-31,109899.99950190094
1094,Holmes County,FL,12,2018-07-31,111565.43081106585
1896,Madison County,FL,12,2018-07-31,109742.21229341147
2704,Gilchrist County,FL,12,2018-07-31,147927.15337653947
480,Dixie County,FL,12,2018-07-31,107414.35256831552
762,Union County,FL,12,2018-07-31,133270.52182847375
169,Gulf County,FL,12,2018-07-31,239462.7112943507
2735,Jefferson County,FL,12,2018-07-31,150588.50678516945
2315,Hamilton County,FL,12,2018-07-31,98068.81514467292
1571,Calhoun County,FL,12,2018-07-31,110762.26701685664
2272,Franklin County,FL,12,2018-07-31,256687.4773963377
1042,Glades County,FL,12,2018-07-31,126716.5538978922
2769,Lafayette County,FL,12,2018-07-31,128362.82943005992
1858,Liberty County,FL,12,2018-07-31,113605.94290901504
2964,Miami-Dade County,FL,12,2018-08-31,300114.16758997703
1561,Broward County,FL,12,2018-08-31,263011.38895915047
2993,Palm Beach County,FL,12,2018-08-31,284405.40237470163
3165,Hillsborough County,FL,12,2018-08-31,224689.332580806
1287,Orange County,FL,12,2018-08-31,247342.2206439261
489,Duval County,FL,12,2018-08-31,184072.76012818445
2480,Pinellas County,FL,12,2018-08-31,226982.0750139423
80,Lee County,FL,12,2018-08-31,232070.60679447788
285,Polk County,FL,12,2018-08-31,178747.3823720277
1556,Brevard County,FL,12,2018-08-31,213895.5597087885
669,Pasco County,FL,12,2018-08-31,198163.2674869081
2063,Volusia County,FL,12,2018-08-31,198580.4312359653
2538,Seminole County,FL,12,2018-08-31,244526.74925693427
2528,Sarasota County,FL,12,2018-08-31,269638.56288936705
1916,Manatee County,FL,12,2018-08-31,266887.23620630446
1957,Osceola County,FL,12,2018-08-31,223858.52506199444
219,Lake County,FL,12,2018-08-31,222402.9710675733
1638,Collier County,FL,12,2018-08-31,349948.517984096
1161,Marion County,FL,12,2018-08-31,157824.11467721892
3131,Saint Lucie County,FL,12,2018-08-31,215823.5047310273
2259,Escambia County,FL,12,2018-08-31,161473.8744769001
232,Leon County,FL,12,2018-08-31,190398.13135425872
1509,Alachua County,FL,12,2018-08-31,191203.31550276736
3128,Saint Johns County,FL,12,2018-08-31,306186.53495411394
118,Clay County,FL,12,2018-08-31,206973.244524357
2460,Okaloosa County,FL,12,2018-08-31,225072.39331492592
2341,Hernando County,FL,12,2018-08-31,166636.1358670848
2650,Charlotte County,FL,12,2018-08-31,209214.6691502436
3026,Santa Rosa County,FL,12,2018-08-31,205575.21400057976
67,Bay County,FL,12,2018-08-31,211594.17514135
3168,Indian River County,FL,12,2018-08-31,229938.0314404636
1176,Martin County,FL,12,2018-08-31,273747.47716949973
938,Citrus County,FL,12,2018-08-31,156937.2551782759
1409,Sumter County,FL,12,2018-08-31,263099.3811047356
1707,Flagler County,FL,12,2018-08-31,230439.4738842788
2724,Highlands County,FL,12,2018-08-31,125984.77042271609
1251,Nassau County,FL,12,2018-08-31,278557.74564361054
1214,Monroe County,FL,12,2018-08-31,556073.2252897518
1468,Walton County,FL,12,2018-08-31,391206.3414598497
1338,Putnam County,FL,12,2018-08-31,112348.21773031012
2212,Columbia County,FL,12,2018-08-31,145878.79715714767
1794,Jackson County,FL,12,2018-08-31,104862.97179431313
1717,Gadsden County,FL,12,2018-08-31,108892.77877375564
2570,Suwannee County,FL,12,2018-08-31,147675.27172981328
234,Levy County,FL,12,2018-08-31,147378.2375081049
2990,Okeechobee County,FL,12,2018-08-31,144011.87236496943
1093,Hendry County,FL,12,2018-08-31,136960.61968099707
1659,De Soto County,FL,12,2018-08-31,142423.6668587029
2066,Wakulla County,FL,12,2018-08-31,166953.79764122714
378,Baker County,FL,12,2018-08-31,183998.7374370331
2148,Bradford County,FL,12,2018-08-31,133101.4693664451
1076,Hardee County,FL,12,2018-08-31,115926.11696228436
3050,Washington County,FL,12,2018-08-31,111715.530956281
1419,Taylor County,FL,12,2018-08-31,110873.39866263163
1094,Holmes County,FL,12,2018-08-31,112457.92990954468
1896,Madison County,FL,12,2018-08-31,109839.30325436757
2704,Gilchrist County,FL,12,2018-08-31,149590.60155340034
480,Dixie County,FL,12,2018-08-31,108504.7976089312
762,Union County,FL,12,2018-08-31,134627.96178320027
169,Gulf County,FL,12,2018-08-31,241095.7019836776
2735,Jefferson County,FL,12,2018-08-31,151514.75309960198
2315,Hamilton County,FL,12,2018-08-31,98178.22595802706
1571,Calhoun County,FL,12,2018-08-31,111477.61664347358
2272,Franklin County,FL,12,2018-08-31,259527.17762279368
1042,Glades County,FL,12,2018-08-31,128521.26510666136
2769,Lafayette County,FL,12,2018-08-31,128883.96038446124
1858,Liberty County,FL,12,2018-08-31,113924.71375344496
2964,Miami-Dade County,FL,12,2018-09-30,301396.05822981644
1561,Broward County,FL,12,2018-09-30,264615.9499729942
2993,Palm Beach County,FL,12,2018-09-30,285895.10138485604
3165,Hillsborough County,FL,12,2018-09-30,225815.6367019849
1287,Orange County,FL,12,2018-09-30,248730.2942443848
489,Duval County,FL,12,2018-09-30,185483.5088854496
2480,Pinellas County,FL,12,2018-09-30,228648.64338211124
80,Lee County,FL,12,2018-09-30,233055.55454876024
285,Polk County,FL,12,2018-09-30,180152.5950867189
1556,Brevard County,FL,12,2018-09-30,215118.66260063343
669,Pasco County,FL,12,2018-09-30,199135.67569979464
2063,Volusia County,FL,12,2018-09-30,199819.3578775292
2538,Seminole County,FL,12,2018-09-30,245988.77781592272
2528,Sarasota County,FL,12,2018-09-30,271033.7107768088
1916,Manatee County,FL,12,2018-09-30,268369.1398016691
1957,Osceola County,FL,12,2018-09-30,225652.43720791533
219,Lake County,FL,12,2018-09-30,224388.6220286417
1638,Collier County,FL,12,2018-09-30,350779.41835830075
1161,Marion County,FL,12,2018-09-30,158810.19401942167
3131,Saint Lucie County,FL,12,2018-09-30,216815.90424256888
2259,Escambia County,FL,12,2018-09-30,162247.42579677506
232,Leon County,FL,12,2018-09-30,191049.4296101636
1509,Alachua County,FL,12,2018-09-30,192192.63869380025
3128,Saint Johns County,FL,12,2018-09-30,307332.49132478226
118,Clay County,FL,12,2018-09-30,208643.64388673715
2460,Okaloosa County,FL,12,2018-09-30,226320.5323899965
2341,Hernando County,FL,12,2018-09-30,167730.63460261258
2650,Charlotte County,FL,12,2018-09-30,210566.91411167703
3026,Santa Rosa County,FL,12,2018-09-30,206754.27863931004
67,Bay County,FL,12,2018-09-30,213752.1211052568
3168,Indian River County,FL,12,2018-09-30,231073.9063706592
1176,Martin County,FL,12,2018-09-30,275324.5003965954
938,Citrus County,FL,12,2018-09-30,158118.34867509056
1409,Sumter County,FL,12,2018-09-30,265141.05033693445
1707,Flagler County,FL,12,2018-09-30,231499.1398736354
2724,Highlands County,FL,12,2018-09-30,126848.05173464476
1251,Nassau County,FL,12,2018-09-30,281065.06859857874
1214,Monroe County,FL,12,2018-09-30,559109.6696601654
1468,Walton County,FL,12,2018-09-30,394137.208539065
1338,Putnam County,FL,12,2018-09-30,113439.84666078692
2212,Columbia County,FL,12,2018-09-30,146849.98089926958
1794,Jackson County,FL,12,2018-09-30,106324.88255706472
1717,Gadsden County,FL,12,2018-09-30,109831.29251103324
2570,Suwannee County,FL,12,2018-09-30,148301.74887984537
234,Levy County,FL,12,2018-09-30,148453.7232251905
2990,Okeechobee County,FL,12,2018-09-30,145727.73589802367
1093,Hendry County,FL,12,2018-09-30,138576.64063388217
1659,De Soto County,FL,12,2018-09-30,143520.05117011713
2066,Wakulla County,FL,12,2018-09-30,167727.96908895168
378,Baker County,FL,12,2018-09-30,185712.3082897292
2148,Bradford County,FL,12,2018-09-30,134327.59777812156
1076,Hardee County,FL,12,2018-09-30,117287.88411066096
3050,Washington County,FL,12,2018-09-30,111845.06125212793
1419,Taylor County,FL,12,2018-09-30,112000.53080272132
1094,Holmes County,FL,12,2018-09-30,113851.77096027648
1896,Madison County,FL,12,2018-09-30,109844.61202039938
2704,Gilchrist County,FL,12,2018-09-30,151482.2663071844
480,Dixie County,FL,12,2018-09-30,109401.83773741088
762,Union County,FL,12,2018-09-30,135780.89058577875
169,Gulf County,FL,12,2018-09-30,242961.8419721971
2735,Jefferson County,FL,12,2018-09-30,152595.09103465188
2315,Hamilton County,FL,12,2018-09-30,98523.42516169204
1571,Calhoun County,FL,12,2018-09-30,112409.4350825264
2272,Franklin County,FL,12,2018-09-30,262639.57651314867
1042,Glades County,FL,12,2018-09-30,130286.55467049268
2769,Lafayette County,FL,12,2018-09-30,129529.97149754556
1858,Liberty County,FL,12,2018-09-30,114537.69245069628
2964,Miami-Dade County,FL,12,2018-10-31,302583.0842539855
1561,Broward County,FL,12,2018-10-31,265977.4286455539
2993,Palm Beach County,FL,12,2018-10-31,287023.4672803472
3165,Hillsborough County,FL,12,2018-10-31,226616.16433139145
1287,Orange County,FL,12,2018-10-31,250113.0769221127
489,Duval County,FL,12,2018-10-31,186739.0715681069
2480,Pinellas County,FL,12,2018-10-31,230023.79088186924
80,Lee County,FL,12,2018-10-31,233851.6806867105
285,Polk County,FL,12,2018-10-31,181405.42406834048
1556,Brevard County,FL,12,2018-10-31,215974.23138311936
669,Pasco County,FL,12,2018-10-31,199781.6647242794
2063,Volusia County,FL,12,2018-10-31,200868.0434624969
2538,Seminole County,FL,12,2018-10-31,246963.31210914897
2528,Sarasota County,FL,12,2018-10-31,271901.9673015744
1916,Manatee County,FL,12,2018-10-31,269495.4012603912
1957,Osceola County,FL,12,2018-10-31,227462.8191784488
219,Lake County,FL,12,2018-10-31,226115.1674803289
1638,Collier County,FL,12,2018-10-31,351343.7670506789
1161,Marion County,FL,12,2018-10-31,159607.92446455904
3131,Saint Lucie County,FL,12,2018-10-31,217773.49274714044
2259,Escambia County,FL,12,2018-10-31,162786.3281166148
232,Leon County,FL,12,2018-10-31,191579.5875503181
1509,Alachua County,FL,12,2018-10-31,192784.30965712047
3128,Saint Johns County,FL,12,2018-10-31,308429.3523782761
118,Clay County,FL,12,2018-10-31,210030.17017359924
2460,Okaloosa County,FL,12,2018-10-31,227344.64334663007
2341,Hernando County,FL,12,2018-10-31,168559.48666745707
2650,Charlotte County,FL,12,2018-10-31,211371.5553364282
3026,Santa Rosa County,FL,12,2018-10-31,207800.0938182113
67,Bay County,FL,12,2018-10-31,215787.99127507853
3168,Indian River County,FL,12,2018-10-31,231892.74388519104
1176,Martin County,FL,12,2018-10-31,276301.71750683186
938,Citrus County,FL,12,2018-10-31,159039.94672714986
1409,Sumter County,FL,12,2018-10-31,266571.909125604
1707,Flagler County,FL,12,2018-10-31,232378.02447079177
2724,Highlands County,FL,12,2018-10-31,127600.6286783922
1251,Nassau County,FL,12,2018-10-31,283277.0613848847
1214,Monroe County,FL,12,2018-10-31,562990.0281618935
1468,Walton County,FL,12,2018-10-31,397431.7288081597
1338,Putnam County,FL,12,2018-10-31,114275.75468432649
2212,Columbia County,FL,12,2018-10-31,147517.07530144247
1794,Jackson County,FL,12,2018-10-31,107327.29974256898
1717,Gadsden County,FL,12,2018-10-31,110511.06611095306
2570,Suwannee County,FL,12,2018-10-31,148272.04907866372
234,Levy County,FL,12,2018-10-31,149492.416625309
2990,Okeechobee County,FL,12,2018-10-31,146900.4446828406
1093,Hendry County,FL,12,2018-10-31,140045.8869293416
1659,De Soto County,FL,12,2018-10-31,144737.62660585486
2066,Wakulla County,FL,12,2018-10-31,168388.4911773517
378,Baker County,FL,12,2018-10-31,186745.40650201208
2148,Bradford County,FL,12,2018-10-31,135207.40443970184
1076,Hardee County,FL,12,2018-10-31,117887.96071464528
3050,Washington County,FL,12,2018-10-31,111477.95174912694
1419,Taylor County,FL,12,2018-10-31,112852.469530878
1094,Holmes County,FL,12,2018-10-31,114714.19834267024
1896,Madison County,FL,12,2018-10-31,109673.55502909432
2704,Gilchrist County,FL,12,2018-10-31,152709.35627666744
480,Dixie County,FL,12,2018-10-31,109573.93094958138
762,Union County,FL,12,2018-10-31,135322.15035869365
169,Gulf County,FL,12,2018-10-31,244320.5341431833
2735,Jefferson County,FL,12,2018-10-31,153049.83499616335
2315,Hamilton County,FL,12,2018-10-31,98764.30915448476
1571,Calhoun County,FL,12,2018-10-31,112763.65580206992
2272,Franklin County,FL,12,2018-10-31,265641.27509334864
1042,Glades County,FL,12,2018-10-31,131416.57616216052
2769,Lafayette County,FL,12,2018-10-31,130003.8699255436
1858,Liberty County,FL,12,2018-10-31,114437.8015914554
2964,Miami-Dade County,FL,12,2018-11-30,303996.02362373844
1561,Broward County,FL,12,2018-11-30,267778.4232409582
2993,Palm Beach County,FL,12,2018-11-30,288239.8037945327
3165,Hillsborough County,FL,12,2018-11-30,227596.94448066465
1287,Orange County,FL,12,2018-11-30,251514.20823190943
489,Duval County,FL,12,2018-11-30,187995.98342815496
2480,Pinellas County,FL,12,2018-11-30,231518.56651754343
80,Lee County,FL,12,2018-11-30,234593.1355810771
285,Polk County,FL,12,2018-11-30,182843.0252028756
1556,Brevard County,FL,12,2018-11-30,216834.5875951192
669,Pasco County,FL,12,2018-11-30,200511.5087984081
2063,Volusia County,FL,12,2018-11-30,201787.56180679053
2538,Seminole County,FL,12,2018-11-30,247735.01187039047
2528,Sarasota County,FL,12,2018-11-30,272655.9808847794
1916,Manatee County,FL,12,2018-11-30,270613.2297966013
1957,Osceola County,FL,12,2018-11-30,229185.606490984
219,Lake County,FL,12,2018-11-30,227583.1099019393
1638,Collier County,FL,12,2018-11-30,352469.5839021268
1161,Marion County,FL,12,2018-11-30,160329.63359096725
3131,Saint Lucie County,FL,12,2018-11-30,218753.2365454613
2259,Escambia County,FL,12,2018-11-30,163652.32142620874
232,Leon County,FL,12,2018-11-30,192382.89814534583
1509,Alachua County,FL,12,2018-11-30,193452.7296875084
3128,Saint Johns County,FL,12,2018-11-30,309644.61966407386
118,Clay County,FL,12,2018-11-30,211260.2759045404
2460,Okaloosa County,FL,12,2018-11-30,228693.5223290891
2341,Hernando County,FL,12,2018-11-30,169168.97823899338
2650,Charlotte County,FL,12,2018-11-30,212162.7747460249
3026,Santa Rosa County,FL,12,2018-11-30,208916.7301249909
67,Bay County,FL,12,2018-11-30,217913.02633390712
3168,Indian River County,FL,12,2018-11-30,232735.75449197483
1176,Martin County,FL,12,2018-11-30,276931.1549794358
938,Citrus County,FL,12,2018-11-30,159830.9242560394
1409,Sumter County,FL,12,2018-11-30,267946.21967996686
1707,Flagler County,FL,12,2018-11-30,233227.98511506093
2724,Highlands County,FL,12,2018-11-30,128646.15786804784
1251,Nassau County,FL,12,2018-11-30,285194.61550972325
1214,Monroe County,FL,12,2018-11-30,567420.9637192687
1468,Walton County,FL,12,2018-11-30,400714.0484981754
1338,Putnam County,FL,12,2018-11-30,115492.12047765388
2212,Columbia County,FL,12,2018-11-30,148513.9914300102
1794,Jackson County,FL,12,2018-11-30,108212.2793767674
1717,Gadsden County,FL,12,2018-11-30,111125.8609795292
2570,Suwannee County,FL,12,2018-11-30,148213.98715988363
234,Levy County,FL,12,2018-11-30,150860.0831276059
2990,Okeechobee County,FL,12,2018-11-30,148024.70737883484
1093,Hendry County,FL,12,2018-11-30,141112.03142059868
1659,De Soto County,FL,12,2018-11-30,146010.7503972048
2066,Wakulla County,FL,12,2018-11-30,169246.9281567113
378,Baker County,FL,12,2018-11-30,187597.6427553848
2148,Bradford County,FL,12,2018-11-30,136190.3185813373
1076,Hardee County,FL,12,2018-11-30,118005.470797015
3050,Washington County,FL,12,2018-11-30,111875.87842979185
1419,Taylor County,FL,12,2018-11-30,113844.0321866022
1094,Holmes County,FL,12,2018-11-30,115202.27093515544
1896,Madison County,FL,12,2018-11-30,110134.99112254696
2704,Gilchrist County,FL,12,2018-11-30,153985.48833326317
480,Dixie County,FL,12,2018-11-30,109837.45820745383
762,Union County,FL,12,2018-11-30,134696.02810867873
169,Gulf County,FL,12,2018-11-30,246340.68059486043
2735,Jefferson County,FL,12,2018-11-30,153600.6863597805
2315,Hamilton County,FL,12,2018-11-30,99202.6031594337
1571,Calhoun County,FL,12,2018-11-30,113042.1474600572
2272,Franklin County,FL,12,2018-11-30,268470.50255606143
1042,Glades County,FL,12,2018-11-30,132096.15296428275
2769,Lafayette County,FL,12,2018-11-30,130484.97417692776
1858,Liberty County,FL,12,2018-11-30,114507.08878355712
2964,Miami-Dade County,FL,12,2018-12-31,305485.368024545
1561,Broward County,FL,12,2018-12-31,270016.56095035304
2993,Palm Beach County,FL,12,2018-12-31,289566.0015142334
3165,Hillsborough County,FL,12,2018-12-31,228761.95226572469
1287,Orange County,FL,12,2018-12-31,252974.4787970025
489,Duval County,FL,12,2018-12-31,189237.8384013585
2480,Pinellas County,FL,12,2018-12-31,233045.81834958424
80,Lee County,FL,12,2018-12-31,235268.00216767075
285,Polk County,FL,12,2018-12-31,184453.6857886158
1556,Brevard County,FL,12,2018-12-31,217766.79602700984
669,Pasco County,FL,12,2018-12-31,201378.61865175283
2063,Volusia County,FL,12,2018-12-31,202810.55892872965
2538,Seminole County,FL,12,2018-12-31,248534.77196938405
2528,Sarasota County,FL,12,2018-12-31,273416.91997168976
1916,Manatee County,FL,12,2018-12-31,271814.9086737986
1957,Osceola County,FL,12,2018-12-31,230890.5924304984
219,Lake County,FL,12,2018-12-31,229040.6508043727
1638,Collier County,FL,12,2018-12-31,354190.5908266531
1161,Marion County,FL,12,2018-12-31,161162.1789038677
3131,Saint Lucie County,FL,12,2018-12-31,219866.627377576
2259,Escambia County,FL,12,2018-12-31,164779.0556916866
232,Leon County,FL,12,2018-12-31,193119.5821207833
1509,Alachua County,FL,12,2018-12-31,194197.21258536985
3128,Saint Johns County,FL,12,2018-12-31,310974.4488397164
118,Clay County,FL,12,2018-12-31,212219.20116205528
2460,Okaloosa County,FL,12,2018-12-31,229794.3975497968
2341,Hernando County,FL,12,2018-12-31,169981.9225475143
2650,Charlotte County,FL,12,2018-12-31,213065.05842541088
3026,Santa Rosa County,FL,12,2018-12-31,210039.1786984057
67,Bay County,FL,12,2018-12-31,219632.6867290324
3168,Indian River County,FL,12,2018-12-31,233854.9379805021
1176,Martin County,FL,12,2018-12-31,277735.5937780838
938,Citrus County,FL,12,2018-12-31,160595.3497316184
1409,Sumter County,FL,12,2018-12-31,269658.73763941234
1707,Flagler County,FL,12,2018-12-31,234381.77789130007
2724,Highlands County,FL,12,2018-12-31,129885.5973506337
1251,Nassau County,FL,12,2018-12-31,286813.70219592814
1214,Monroe County,FL,12,2018-12-31,573674.3150815766
1468,Walton County,FL,12,2018-12-31,403581.2575699632
1338,Putnam County,FL,12,2018-12-31,116573.11422719352
2212,Columbia County,FL,12,2018-12-31,149470.88583864123
1794,Jackson County,FL,12,2018-12-31,108585.27912150224
1717,Gadsden County,FL,12,2018-12-31,111877.69484181429
2570,Suwannee County,FL,12,2018-12-31,148332.95162167598
234,Levy County,FL,12,2018-12-31,152164.77806927916
2990,Okeechobee County,FL,12,2018-12-31,148983.7624398231
1093,Hendry County,FL,12,2018-12-31,142016.9274018527
1659,De Soto County,FL,12,2018-12-31,147077.0206671632
2066,Wakulla County,FL,12,2018-12-31,170124.38476620393
378,Baker County,FL,12,2018-12-31,188478.6099658614
2148,Bradford County,FL,12,2018-12-31,137033.4553381472
1076,Hardee County,FL,12,2018-12-31,117689.1103614546
3050,Washington County,FL,12,2018-12-31,112719.88212920964
1419,Taylor County,FL,12,2018-12-31,114841.68302221555
1094,Holmes County,FL,12,2018-12-31,115200.388087496
1896,Madison County,FL,12,2018-12-31,110796.53080553074
2704,Gilchrist County,FL,12,2018-12-31,155022.44098788407
480,Dixie County,FL,12,2018-12-31,110222.07810311792
762,Union County,FL,12,2018-12-31,134833.5746616419
169,Gulf County,FL,12,2018-12-31,248263.92591208543
2735,Jefferson County,FL,12,2018-12-31,153935.46575095243
2315,Hamilton County,FL,12,2018-12-31,99529.56212927478
1571,Calhoun County,FL,12,2018-12-31,112802.87237249975
2272,Franklin County,FL,12,2018-12-31,270927.3490036461
1042,Glades County,FL,12,2018-12-31,132160.00145043698
2769,Lafayette County,FL,12,2018-12-31,130735.4460828565
1858,Liberty County,FL,12,2018-12-31,114640.01368080504
2964,Miami-Dade County,FL,12,2019-01-31,306577.9832369908
1561,Broward County,FL,12,2019-01-31,271916.2793345063
2993,Palm Beach County,FL,12,2019-01-31,290861.21856896067
3165,Hillsborough County,FL,12,2019-01-31,230046.39466614745
1287,Orange County,FL,12,2019-01-31,254560.7221612129
489,Duval County,FL,12,2019-01-31,190478.0880454777
2480,Pinellas County,FL,12,2019-01-31,234243.20178441177
80,Lee County,FL,12,2019-01-31,235681.69294661275
285,Polk County,FL,12,2019-01-31,186098.348519253
1556,Brevard County,FL,12,2019-01-31,218562.74666910627
669,Pasco County,FL,12,2019-01-31,202732.48872955955
2063,Volusia County,FL,12,2019-01-31,203879.316309396
2538,Seminole County,FL,12,2019-01-31,250009.75364708703
2528,Sarasota County,FL,12,2019-01-31,273851.94870847854
1916,Manatee County,FL,12,2019-01-31,272707.4357854114
1957,Osceola County,FL,12,2019-01-31,232489.6922589857
219,Lake County,FL,12,2019-01-31,230318.80779343063
1638,Collier County,FL,12,2019-01-31,355380.2266549472
1161,Marion County,FL,12,2019-01-31,162310.54483867774
3131,Saint Lucie County,FL,12,2019-01-31,221167.9758227529
2259,Escambia County,FL,12,2019-01-31,165843.7142561399
232,Leon County,FL,12,2019-01-31,193831.42449402745
1509,Alachua County,FL,12,2019-01-31,194645.8727112504
3128,Saint Johns County,FL,12,2019-01-31,311886.8274503833
118,Clay County,FL,12,2019-01-31,212951.3392073741
2460,Okaloosa County,FL,12,2019-01-31,230599.2259503624
2341,Hernando County,FL,12,2019-01-31,170863.59552615185
2650,Charlotte County,FL,12,2019-01-31,214220.8921918612
3026,Santa Rosa County,FL,12,2019-01-31,210811.30240391605
67,Bay County,FL,12,2019-01-31,219611.3711749915
3168,Indian River County,FL,12,2019-01-31,234781.55970403945
1176,Martin County,FL,12,2019-01-31,277856.6777966542
938,Citrus County,FL,12,2019-01-31,161207.7524666896
1409,Sumter County,FL,12,2019-01-31,271459.2159946965
1707,Flagler County,FL,12,2019-01-31,235891.40828759727
2724,Highlands County,FL,12,2019-01-31,131149.43761160516
1251,Nassau County,FL,12,2019-01-31,287747.8337504091
1214,Monroe County,FL,12,2019-01-31,576312.4027149795
1468,Walton County,FL,12,2019-01-31,404818.8182482999
1338,Putnam County,FL,12,2019-01-31,118026.55840958412
2212,Columbia County,FL,12,2019-01-31,149844.3767733272
1794,Jackson County,FL,12,2019-01-31,108889.17569240446
1717,Gadsden County,FL,12,2019-01-31,112602.39251644102
2570,Suwannee County,FL,12,2019-01-31,148867.5563317201
234,Levy County,FL,12,2019-01-31,154153.58481353475
2990,Okeechobee County,FL,12,2019-01-31,150114.74647380642
1093,Hendry County,FL,12,2019-01-31,143013.31197314372
1659,De Soto County,FL,12,2019-01-31,147832.98237821134
2066,Wakulla County,FL,12,2019-01-31,170875.6527760931
378,Baker County,FL,12,2019-01-31,189416.4045738396
2148,Bradford County,FL,12,2019-01-31,137210.94950147028
1076,Hardee County,FL,12,2019-01-31,117303.3961618985
3050,Washington County,FL,12,2019-01-31,114494.11353702594
1419,Taylor County,FL,12,2019-01-31,115625.16929604708
1094,Holmes County,FL,12,2019-01-31,114895.46000539236
1896,Madison County,FL,12,2019-01-31,111783.99166946832
2704,Gilchrist County,FL,12,2019-01-31,155241.8259644499
480,Dixie County,FL,12,2019-01-31,111209.07436554208
762,Union County,FL,12,2019-01-31,135654.76205450145
169,Gulf County,FL,12,2019-01-31,250177.9281299798
2735,Jefferson County,FL,12,2019-01-31,154319.99370453812
2315,Hamilton County,FL,12,2019-01-31,99693.8100525901
1571,Calhoun County,FL,12,2019-01-31,112406.8457933319
2272,Franklin County,FL,12,2019-01-31,272222.4586896442
1042,Glades County,FL,12,2019-01-31,132179.25419623774
2769,Lafayette County,FL,12,2019-01-31,130899.608481857
1858,Liberty County,FL,12,2019-01-31,114690.45424713143
2964,Miami-Dade County,FL,12,2019-02-28,307768.7671243099
1561,Broward County,FL,12,2019-02-28,272949.7986852114
2993,Palm Beach County,FL,12,2019-02-28,292116.0164586818
3165,Hillsborough County,FL,12,2019-02-28,231097.06903413776
1287,Orange County,FL,12,2019-02-28,256455.364782068
489,Duval County,FL,12,2019-02-28,191721.23187545623
2480,Pinellas County,FL,12,2019-02-28,235147.7243636091
80,Lee County,FL,12,2019-02-28,235992.17074148887
285,Polk County,FL,12,2019-02-28,187479.3864473033
1556,Brevard County,FL,12,2019-02-28,219232.1359875872
669,Pasco County,FL,12,2019-02-28,204368.59311244497
2063,Volusia County,FL,12,2019-02-28,204973.05803309605
2538,Seminole County,FL,12,2019-02-28,252187.41935627905
2528,Sarasota County,FL,12,2019-02-28,273891.81348895124
1916,Manatee County,FL,12,2019-02-28,273558.7443697671
1957,Osceola County,FL,12,2019-02-28,234172.98280018548
219,Lake County,FL,12,2019-02-28,231508.62224512987
1638,Collier County,FL,12,2019-02-28,355916.35270785965
1161,Marion County,FL,12,2019-02-28,163602.22255729037
3131,Saint Lucie County,FL,12,2019-02-28,222614.07718572608
2259,Escambia County,FL,12,2019-02-28,166911.3625791819
232,Leon County,FL,12,2019-02-28,194603.3558584354
1509,Alachua County,FL,12,2019-02-28,194783.46059053103
3128,Saint Johns County,FL,12,2019-02-28,312401.1326155486
118,Clay County,FL,12,2019-02-28,213485.4726173069
2460,Okaloosa County,FL,12,2019-02-28,231130.22874104217
2341,Hernando County,FL,12,2019-02-28,171869.60876930822
2650,Charlotte County,FL,12,2019-02-28,215578.56678709752
3026,Santa Rosa County,FL,12,2019-02-28,211556.7799595744
67,Bay County,FL,12,2019-02-28,217862.6034850681
3168,Indian River County,FL,12,2019-02-28,235503.2488721296
1176,Martin County,FL,12,2019-02-28,278086.25932997465
938,Citrus County,FL,12,2019-02-28,161663.54912929816
1409,Sumter County,FL,12,2019-02-28,273304.39295150625
1707,Flagler County,FL,12,2019-02-28,237892.98782204723
2724,Highlands County,FL,12,2019-02-28,132342.81914391325
1251,Nassau County,FL,12,2019-02-28,288275.54963086155
1214,Monroe County,FL,12,2019-02-28,575449.7236094708
1468,Walton County,FL,12,2019-02-28,404990.4201088669
1338,Putnam County,FL,12,2019-02-28,119454.93405716676
2212,Columbia County,FL,12,2019-02-28,149591.81380364764
1794,Jackson County,FL,12,2019-02-28,109471.4052777156
1717,Gadsden County,FL,12,2019-02-28,113264.798644107
2570,Suwannee County,FL,12,2019-02-28,149508.8348414215
234,Levy County,FL,12,2019-02-28,156703.13247690693
2990,Okeechobee County,FL,12,2019-02-28,151405.47179760243
1093,Hendry County,FL,12,2019-02-28,144364.69122952886
1659,De Soto County,FL,12,2019-02-28,148465.8857729284
2066,Wakulla County,FL,12,2019-02-28,171485.79907893692
378,Baker County,FL,12,2019-02-28,190391.30312911308
2148,Bradford County,FL,12,2019-02-28,136954.3021920099
1076,Hardee County,FL,12,2019-02-28,117473.25049992328
3050,Washington County,FL,12,2019-02-28,116582.21362447349
1419,Taylor County,FL,12,2019-02-28,116127.19935249096
1094,Holmes County,FL,12,2019-02-28,114894.03126390786
1896,Madison County,FL,12,2019-02-28,112911.13891675766
2704,Gilchrist County,FL,12,2019-02-28,154408.03632906292
480,Dixie County,FL,12,2019-02-28,112256.6873762712
762,Union County,FL,12,2019-02-28,136555.63035043512
169,Gulf County,FL,12,2019-02-28,250746.3333185969
2735,Jefferson County,FL,12,2019-02-28,154105.15726770938
2315,Hamilton County,FL,12,2019-02-28,99801.48617231932
1571,Calhoun County,FL,12,2019-02-28,112001.24464325693
2272,Franklin County,FL,12,2019-02-28,272947.3474698773
1042,Glades County,FL,12,2019-02-28,132180.9490675252
2769,Lafayette County,FL,12,2019-02-28,131007.18163828788
1858,Liberty County,FL,12,2019-02-28,114309.90735811292
2964,Miami-Dade County,FL,12,2019-03-31,308608.25652691204
1561,Broward County,FL,12,2019-03-31,273216.4029394562
2993,Palm Beach County,FL,12,2019-03-31,292958.8299686558
3165,Hillsborough County,FL,12,2019-03-31,231636.4362743669
1287,Orange County,FL,12,2019-03-31,258115.90140794893
489,Duval County,FL,12,2019-03-31,192906.36296439983
2480,Pinellas County,FL,12,2019-03-31,235971.49583343565
80,Lee County,FL,12,2019-03-31,235991.20196156952
285,Polk County,FL,12,2019-03-31,188436.4735939029
1556,Brevard County,FL,12,2019-03-31,219491.6341959097
669,Pasco County,FL,12,2019-03-31,205761.77768936707
2063,Volusia County,FL,12,2019-03-31,205884.80963609304
2538,Seminole County,FL,12,2019-03-31,254362.5216225351
2528,Sarasota County,FL,12,2019-03-31,273456.47955860413
1916,Manatee County,FL,12,2019-03-31,273908.8978521245
1957,Osceola County,FL,12,2019-03-31,235549.1260963484
219,Lake County,FL,12,2019-03-31,232263.09447797245
1638,Collier County,FL,12,2019-03-31,355763.46245347266
1161,Marion County,FL,12,2019-03-31,164757.0735934522
3131,Saint Lucie County,FL,12,2019-03-31,223821.7053147317
2259,Escambia County,FL,12,2019-03-31,168005.63985296534
232,Leon County,FL,12,2019-03-31,195531.5418577258
1509,Alachua County,FL,12,2019-03-31,194617.06638332675
3128,Saint Johns County,FL,12,2019-03-31,312377.2172627889
118,Clay County,FL,12,2019-03-31,214050.41305489792
2460,Okaloosa County,FL,12,2019-03-31,231968.6661197457
2341,Hernando County,FL,12,2019-03-31,172650.2941530413
2650,Charlotte County,FL,12,2019-03-31,216578.2032803888
3026,Santa Rosa County,FL,12,2019-03-31,212282.9802197365
67,Bay County,FL,12,2019-03-31,215376.3633582049
3168,Indian River County,FL,12,2019-03-31,236316.15141535213
1176,Martin County,FL,12,2019-03-31,277655.23403171
938,Citrus County,FL,12,2019-03-31,161898.2661142239
1409,Sumter County,FL,12,2019-03-31,274535.61079904845
1707,Flagler County,FL,12,2019-03-31,239593.7200320944
2724,Highlands County,FL,12,2019-03-31,133131.24074934368
1251,Nassau County,FL,12,2019-03-31,288666.65458937135
1214,Monroe County,FL,12,2019-03-31,571490.1977659208
1468,Walton County,FL,12,2019-03-31,404886.8378417324
1338,Putnam County,FL,12,2019-03-31,121268.21103110218
2212,Columbia County,FL,12,2019-03-31,148905.2370900323
1794,Jackson County,FL,12,2019-03-31,110575.09052977424
1717,Gadsden County,FL,12,2019-03-31,113855.37188071008
2570,Suwannee County,FL,12,2019-03-31,150473.60626829255
234,Levy County,FL,12,2019-03-31,159766.03601960608
2990,Okeechobee County,FL,12,2019-03-31,152879.50505885555
1093,Hendry County,FL,12,2019-03-31,145591.7556663841
1659,De Soto County,FL,12,2019-03-31,149130.85346211927
2066,Wakulla County,FL,12,2019-03-31,171985.47697173132
378,Baker County,FL,12,2019-03-31,191545.4851951353
2148,Bradford County,FL,12,2019-03-31,136361.72317424533
1076,Hardee County,FL,12,2019-03-31,117761.66112999251
3050,Washington County,FL,12,2019-03-31,119157.94695245654
1419,Taylor County,FL,12,2019-03-31,116720.86109103188
1094,Holmes County,FL,12,2019-03-31,115989.87569103554
1896,Madison County,FL,12,2019-03-31,114428.36005023064
2704,Gilchrist County,FL,12,2019-03-31,153534.4238090082
480,Dixie County,FL,12,2019-03-31,113538.00996000424
762,Union County,FL,12,2019-03-31,137691.86017988014
169,Gulf County,FL,12,2019-03-31,250175.54373782163
2735,Jefferson County,FL,12,2019-03-31,154454.60761592624
2315,Hamilton County,FL,12,2019-03-31,100420.3805499554
1571,Calhoun County,FL,12,2019-03-31,111642.72463628132
2272,Franklin County,FL,12,2019-03-31,273228.6025126162
1042,Glades County,FL,12,2019-03-31,132635.92145439764
2769,Lafayette County,FL,12,2019-03-31,131514.98403399924
1858,Liberty County,FL,12,2019-03-31,113732.91331867884
2964,Miami-Dade County,FL,12,2019-04-30,309287.6922746941
1561,Broward County,FL,12,2019-04-30,273271.0570419244
2993,Palm Beach County,FL,12,2019-04-30,293212.4099949491
3165,Hillsborough County,FL,12,2019-04-30,232023.7971225993
1287,Orange County,FL,12,2019-04-30,259140.72141216285
489,Duval County,FL,12,2019-04-30,193556.5168678237
2480,Pinellas County,FL,12,2019-04-30,236998.75377835
80,Lee County,FL,12,2019-04-30,235906.19347656865
285,Polk County,FL,12,2019-04-30,189039.7915940612
1556,Brevard County,FL,12,2019-04-30,219642.58638931523
669,Pasco County,FL,12,2019-04-30,206770.1394293013
2063,Volusia County,FL,12,2019-04-30,206636.90878661143
2538,Seminole County,FL,12,2019-04-30,255897.79530629687
2528,Sarasota County,FL,12,2019-04-30,272783.4928553889
1916,Manatee County,FL,12,2019-04-30,274082.5166243335
1957,Osceola County,FL,12,2019-04-30,236685.1791758136
219,Lake County,FL,12,2019-04-30,233019.7441535712
1638,Collier County,FL,12,2019-04-30,355348.8067166379
1161,Marion County,FL,12,2019-04-30,165469.37775337827
3131,Saint Lucie County,FL,12,2019-04-30,224568.0741716811
2259,Escambia County,FL,12,2019-04-30,169360.28489078095
232,Leon County,FL,12,2019-04-30,196437.5716449571
1509,Alachua County,FL,12,2019-04-30,194912.26896770272
3128,Saint Johns County,FL,12,2019-04-30,312524.0730957714
118,Clay County,FL,12,2019-04-30,214770.4777511196
2460,Okaloosa County,FL,12,2019-04-30,232865.29985733496
2341,Hernando County,FL,12,2019-04-30,173258.873607445
2650,Charlotte County,FL,12,2019-04-30,217099.7856496661
3026,Santa Rosa County,FL,12,2019-04-30,213201.06530630248
67,Bay County,FL,12,2019-04-30,213791.94642921013
3168,Indian River County,FL,12,2019-04-30,237245.69122526425
1176,Martin County,FL,12,2019-04-30,277860.7263174796
938,Citrus County,FL,12,2019-04-30,162057.56463420912
1409,Sumter County,FL,12,2019-04-30,275782.606313905
1707,Flagler County,FL,12,2019-04-30,240882.7085404567
2724,Highlands County,FL,12,2019-04-30,133726.46277603306
1251,Nassau County,FL,12,2019-04-30,289588.5422637124
1214,Monroe County,FL,12,2019-04-30,569349.50769429
1468,Walton County,FL,12,2019-04-30,404672.2393222978
1338,Putnam County,FL,12,2019-04-30,122870.32997861532
2212,Columbia County,FL,12,2019-04-30,148510.30453361353
1794,Jackson County,FL,12,2019-04-30,111557.1249591849
1717,Gadsden County,FL,12,2019-04-30,114677.84683442856
2570,Suwannee County,FL,12,2019-04-30,151592.77046635514
234,Levy County,FL,12,2019-04-30,162108.159297645
2990,Okeechobee County,FL,12,2019-04-30,154421.09109332575
1093,Hendry County,FL,12,2019-04-30,146386.6090385426
1659,De Soto County,FL,12,2019-04-30,149781.76378452303
2066,Wakulla County,FL,12,2019-04-30,172625.86024309252
378,Baker County,FL,12,2019-04-30,193049.48221698383
2148,Bradford County,FL,12,2019-04-30,136401.6898496852
1076,Hardee County,FL,12,2019-04-30,118909.5630288172
3050,Washington County,FL,12,2019-04-30,121680.88095968871
1419,Taylor County,FL,12,2019-04-30,117245.7711188103
1094,Holmes County,FL,12,2019-04-30,117613.83522613668
1896,Madison County,FL,12,2019-04-30,115572.60099964756
2704,Gilchrist County,FL,12,2019-04-30,153478.89444867035
480,Dixie County,FL,12,2019-04-30,114605.80240122258
762,Union County,FL,12,2019-04-30,139296.96610476167
169,Gulf County,FL,12,2019-04-30,248693.5611352324
2735,Jefferson County,FL,12,2019-04-30,154926.15284744045
2315,Hamilton County,FL,12,2019-04-30,101134.8042339743
1571,Calhoun County,FL,12,2019-04-30,111266.57011174988
2272,Franklin County,FL,12,2019-04-30,273676.3058091185
1042,Glades County,FL,12,2019-04-30,133167.65561111888
2769,Lafayette County,FL,12,2019-04-30,131865.96234652065
1858,Liberty County,FL,12,2019-04-30,113870.64066967508
2964,Miami-Dade County,FL,12,2019-05-31,309242.197016359
1561,Broward County,FL,12,2019-05-31,273074.06299660105
2993,Palm Beach County,FL,12,2019-05-31,292974.75147182104
3165,Hillsborough County,FL,12,2019-05-31,232298.25783804187
1287,Orange County,FL,12,2019-05-31,259731.12169665145
489,Duval County,FL,12,2019-05-31,193995.3313433159
2480,Pinellas County,FL,12,2019-05-31,237919.85238256725
80,Lee County,FL,12,2019-05-31,235468.76660162813
285,Polk County,FL,12,2019-05-31,189441.75268283565
1556,Brevard County,FL,12,2019-05-31,219623.02042983205
669,Pasco County,FL,12,2019-05-31,207170.2805239094
2063,Volusia County,FL,12,2019-05-31,207315.00512992925
2538,Seminole County,FL,12,2019-05-31,256867.16385119563
2528,Sarasota County,FL,12,2019-05-31,272069.31417400046
1916,Manatee County,FL,12,2019-05-31,273743.1317965453
1957,Osceola County,FL,12,2019-05-31,237436.4313544704
219,Lake County,FL,12,2019-05-31,233658.6572063863
1638,Collier County,FL,12,2019-05-31,354163.2133673119
1161,Marion County,FL,12,2019-05-31,165838.6854599018
3131,Saint Lucie County,FL,12,2019-05-31,224906.37713874635
2259,Escambia County,FL,12,2019-05-31,170781.75060007648
232,Leon County,FL,12,2019-05-31,197472.06858046327
1509,Alachua County,FL,12,2019-05-31,195641.7953137652
3128,Saint Johns County,FL,12,2019-05-31,312861.2543920482
118,Clay County,FL,12,2019-05-31,215796.64715979248
2460,Okaloosa County,FL,12,2019-05-31,233989.9244187489
2341,Hernando County,FL,12,2019-05-31,173773.82504242196
2650,Charlotte County,FL,12,2019-05-31,217065.10148918795
3026,Santa Rosa County,FL,12,2019-05-31,214162.9700721721
67,Bay County,FL,12,2019-05-31,213643.15091383507
3168,Indian River County,FL,12,2019-05-31,237966.13014940688
1176,Martin County,FL,12,2019-05-31,277911.5758339734
938,Citrus County,FL,12,2019-05-31,162172.0922240502
1409,Sumter County,FL,12,2019-05-31,276667.48435918207
1707,Flagler County,FL,12,2019-05-31,241346.2232933236
2724,Highlands County,FL,12,2019-05-31,134059.4678675237
1251,Nassau County,FL,12,2019-05-31,290919.338652582
1214,Monroe County,FL,12,2019-05-31,569117.6791182153
1468,Walton County,FL,12,2019-05-31,404542.8728055794
1338,Putnam County,FL,12,2019-05-31,124506.76581344345
2212,Columbia County,FL,12,2019-05-31,148669.22483973365
1794,Jackson County,FL,12,2019-05-31,112421.77053858068
1717,Gadsden County,FL,12,2019-05-31,115958.89254909672
2570,Suwannee County,FL,12,2019-05-31,152817.68220296028
234,Levy County,FL,12,2019-05-31,163903.76068547033
2990,Okeechobee County,FL,12,2019-05-31,155527.72126980196
1093,Hendry County,FL,12,2019-05-31,146951.30655332195
1659,De Soto County,FL,12,2019-05-31,150702.3775566883
2066,Wakulla County,FL,12,2019-05-31,173211.03912427885
378,Baker County,FL,12,2019-05-31,194775.9773989974
2148,Bradford County,FL,12,2019-05-31,136960.99472833515
1076,Hardee County,FL,12,2019-05-31,120112.3589637655
3050,Washington County,FL,12,2019-05-31,124116.95755133434
1419,Taylor County,FL,12,2019-05-31,118138.35738096248
1094,Holmes County,FL,12,2019-05-31,119429.42720440496
1896,Madison County,FL,12,2019-05-31,116825.47005237018
2704,Gilchrist County,FL,12,2019-05-31,154429.42056587624
480,Dixie County,FL,12,2019-05-31,115664.3736305734
762,Union County,FL,12,2019-05-31,141247.36818561982
169,Gulf County,FL,12,2019-05-31,247165.7190262839
2735,Jefferson County,FL,12,2019-05-31,156979.4761035729
2315,Hamilton County,FL,12,2019-05-31,102047.62638036074
1571,Calhoun County,FL,12,2019-05-31,111197.34820558388
2272,Franklin County,FL,12,2019-05-31,273831.18742626294
1042,Glades County,FL,12,2019-05-31,133756.20996062577
2769,Lafayette County,FL,12,2019-05-31,132219.90659773053
1858,Liberty County,FL,12,2019-05-31,114526.72271811128
2964,Miami-Dade County,FL,12,2019-06-30,309192.1179685626
1561,Broward County,FL,12,2019-06-30,272981.0548655102
2993,Palm Beach County,FL,12,2019-06-30,292936.99213699595
3165,Hillsborough County,FL,12,2019-06-30,232888.8114880476
1287,Orange County,FL,12,2019-06-30,260302.3142836213
489,Duval County,FL,12,2019-06-30,194349.26903217388
2480,Pinellas County,FL,12,2019-06-30,238949.66025798404
80,Lee County,FL,12,2019-06-30,235138.3175398573
285,Polk County,FL,12,2019-06-30,189999.4551473828
1556,Brevard County,FL,12,2019-06-30,219882.2945651055
669,Pasco County,FL,12,2019-06-30,207702.11345420167
2063,Volusia County,FL,12,2019-06-30,208056.16666409108
2538,Seminole County,FL,12,2019-06-30,257853.90248650545
2528,Sarasota County,FL,12,2019-06-30,271660.24186072894
1916,Manatee County,FL,12,2019-06-30,273604.46419189544
1957,Osceola County,FL,12,2019-06-30,238143.2534131832
219,Lake County,FL,12,2019-06-30,234432.6678965567
1638,Collier County,FL,12,2019-06-30,353186.68501066306
1161,Marion County,FL,12,2019-06-30,166118.31131656634
3131,Saint Lucie County,FL,12,2019-06-30,225260.4099708857
2259,Escambia County,FL,12,2019-06-30,172116.8021158772
232,Leon County,FL,12,2019-06-30,198771.754383992
1509,Alachua County,FL,12,2019-06-30,196909.0410837396
3128,Saint Johns County,FL,12,2019-06-30,313699.2902078174
118,Clay County,FL,12,2019-06-30,216776.9220635828
2460,Okaloosa County,FL,12,2019-06-30,235216.184212978
2341,Hernando County,FL,12,2019-06-30,174509.78300057483
2650,Charlotte County,FL,12,2019-06-30,217057.75936172032
3026,Santa Rosa County,FL,12,2019-06-30,215264.76852279576
67,Bay County,FL,12,2019-06-30,214636.29099570875
3168,Indian River County,FL,12,2019-06-30,238402.28287055503
1176,Martin County,FL,12,2019-06-30,278625.67484044377
938,Citrus County,FL,12,2019-06-30,162328.7904274986
1409,Sumter County,FL,12,2019-06-30,277516.14420127607
1707,Flagler County,FL,12,2019-06-30,241741.9171111034
2724,Highlands County,FL,12,2019-06-30,134486.59435552664
1251,Nassau County,FL,12,2019-06-30,292609.2382277345
1214,Monroe County,FL,12,2019-06-30,569836.6168561289
1468,Walton County,FL,12,2019-06-30,405099.89500823134
1338,Putnam County,FL,12,2019-06-30,125985.69011817138
2212,Columbia County,FL,12,2019-06-30,149553.92172256802
1794,Jackson County,FL,12,2019-06-30,113042.50771842124
1717,Gadsden County,FL,12,2019-06-30,117414.84266821168
2570,Suwannee County,FL,12,2019-06-30,153897.79096375412
234,Levy County,FL,12,2019-06-30,165524.85676868807
2990,Okeechobee County,FL,12,2019-06-30,156396.73244667842
1093,Hendry County,FL,12,2019-06-30,147637.84325004928
1659,De Soto County,FL,12,2019-06-30,151820.81447862714
2066,Wakulla County,FL,12,2019-06-30,174030.591752863
378,Baker County,FL,12,2019-06-30,196312.55535887383
2148,Bradford County,FL,12,2019-06-30,137972.81772936563
1076,Hardee County,FL,12,2019-06-30,121796.73042176846
3050,Washington County,FL,12,2019-06-30,125819.07129988662
1419,Taylor County,FL,12,2019-06-30,119004.33943788568
1094,Holmes County,FL,12,2019-06-30,120876.96857690664
1896,Madison County,FL,12,2019-06-30,118267.63153057762
2704,Gilchrist County,FL,12,2019-06-30,155668.7388098644
480,Dixie County,FL,12,2019-06-30,116712.51055790226
762,Union County,FL,12,2019-06-30,143066.49163855382
169,Gulf County,FL,12,2019-06-30,246947.299728253
2735,Jefferson County,FL,12,2019-06-30,159283.20974154925
2315,Hamilton County,FL,12,2019-06-30,103080.71062859586
1571,Calhoun County,FL,12,2019-06-30,111825.84852027836
2272,Franklin County,FL,12,2019-06-30,274102.173012736
1042,Glades County,FL,12,2019-06-30,134221.56148175863
2769,Lafayette County,FL,12,2019-06-30,132680.83234285854
1858,Liberty County,FL,12,2019-06-30,115722.32566291832
2964,Miami-Dade County,FL,12,2019-07-31,309387.2314013255
1561,Broward County,FL,12,2019-07-31,272990.2352305553
2993,Palm Beach County,FL,12,2019-07-31,293211.4896536215
3165,Hillsborough County,FL,12,2019-07-31,233541.15506519124
1287,Orange County,FL,12,2019-07-31,260959.9610022785
489,Duval County,FL,12,2019-07-31,194958.61175224464
2480,Pinellas County,FL,12,2019-07-31,240003.96758077995
80,Lee County,FL,12,2019-07-31,234881.5837259017
285,Polk County,FL,12,2019-07-31,190732.4497281356
1556,Brevard County,FL,12,2019-07-31,220315.75959428307
669,Pasco County,FL,12,2019-07-31,208244.5107160417
2063,Volusia County,FL,12,2019-07-31,208823.0474923612
2538,Seminole County,FL,12,2019-07-31,258827.8115330453
2528,Sarasota County,FL,12,2019-07-31,271775.7086158115
1916,Manatee County,FL,12,2019-07-31,273768.6745835167
1957,Osceola County,FL,12,2019-07-31,238830.9368180584
219,Lake County,FL,12,2019-07-31,235346.2119969717
1638,Collier County,FL,12,2019-07-31,352217.6271509109
1161,Marion County,FL,12,2019-07-31,166607.41426177544
3131,Saint Lucie County,FL,12,2019-07-31,225551.6031646916
2259,Escambia County,FL,12,2019-07-31,173334.3332701087
232,Leon County,FL,12,2019-07-31,199916.2279041941
1509,Alachua County,FL,12,2019-07-31,198410.94820964223
3128,Saint Johns County,FL,12,2019-07-31,314392.12201477005
118,Clay County,FL,12,2019-07-31,217781.33631527776
2460,Okaloosa County,FL,12,2019-07-31,236676.33332086072
2341,Hernando County,FL,12,2019-07-31,175447.77817214778
2650,Charlotte County,FL,12,2019-07-31,217483.5825670041
3026,Santa Rosa County,FL,12,2019-07-31,216261.7556531242
67,Bay County,FL,12,2019-07-31,216025.5662373854
3168,Indian River County,FL,12,2019-07-31,238667.65278976705
1176,Martin County,FL,12,2019-07-31,279546.038221991
938,Citrus County,FL,12,2019-07-31,162485.46208922483
1409,Sumter County,FL,12,2019-07-31,278376.8046119157
1707,Flagler County,FL,12,2019-07-31,242074.3310974096
2724,Highlands County,FL,12,2019-07-31,134927.49788900206
1251,Nassau County,FL,12,2019-07-31,294264.40282974794
1214,Monroe County,FL,12,2019-07-31,571332.2065787433
1468,Walton County,FL,12,2019-07-31,406408.3754608226
1338,Putnam County,FL,12,2019-07-31,127370.7278264663
2212,Columbia County,FL,12,2019-07-31,150990.81182094195
1794,Jackson County,FL,12,2019-07-31,113579.13714853478
1717,Gadsden County,FL,12,2019-07-31,118789.04516512032
2570,Suwannee County,FL,12,2019-07-31,154952.80645205427
234,Levy County,FL,12,2019-07-31,167299.6169922831
2990,Okeechobee County,FL,12,2019-07-31,156861.4854543819
1093,Hendry County,FL,12,2019-07-31,148495.4065904805
1659,De Soto County,FL,12,2019-07-31,153179.7713260533
2066,Wakulla County,FL,12,2019-07-31,174825.2023760653
378,Baker County,FL,12,2019-07-31,197530.54765014083
2148,Bradford County,FL,12,2019-07-31,139212.5566299013
1076,Hardee County,FL,12,2019-07-31,123129.74049827672
3050,Washington County,FL,12,2019-07-31,127099.3588431069
1419,Taylor County,FL,12,2019-07-31,120074.09270056427
1094,Holmes County,FL,12,2019-07-31,122325.2504310279
1896,Madison County,FL,12,2019-07-31,119831.42916540678
2704,Gilchrist County,FL,12,2019-07-31,157270.99796255803
480,Dixie County,FL,12,2019-07-31,117917.4346354953
762,Union County,FL,12,2019-07-31,144635.5265998192
169,Gulf County,FL,12,2019-07-31,247248.39548134623
2735,Jefferson County,FL,12,2019-07-31,162066.60863933706
2315,Hamilton County,FL,12,2019-07-31,104314.18549828534
1571,Calhoun County,FL,12,2019-07-31,113040.87825924192
2272,Franklin County,FL,12,2019-07-31,274670.5477248313
1042,Glades County,FL,12,2019-07-31,134953.97788242833
2769,Lafayette County,FL,12,2019-07-31,133409.99283622217
1858,Liberty County,FL,12,2019-07-31,116893.05810566616
2964,Miami-Dade County,FL,12,2019-08-31,309874.9017612393
1561,Broward County,FL,12,2019-08-31,273344.23627699254
2993,Palm Beach County,FL,12,2019-08-31,294017.9931585756
3165,Hillsborough County,FL,12,2019-08-31,234366.12476456023
1287,Orange County,FL,12,2019-08-31,261387.71661584487
489,Duval County,FL,12,2019-08-31,195499.1079917982
2480,Pinellas County,FL,12,2019-08-31,241194.5829537624
80,Lee County,FL,12,2019-08-31,235040.4803893872
285,Polk County,FL,12,2019-08-31,191695.0949012436
1556,Brevard County,FL,12,2019-08-31,220881.4918881196
669,Pasco County,FL,12,2019-08-31,209074.38869195883
2063,Volusia County,FL,12,2019-08-31,209675.5646768229
2538,Seminole County,FL,12,2019-08-31,259948.4959137517
2528,Sarasota County,FL,12,2019-08-31,272278.53294396045
1916,Manatee County,FL,12,2019-08-31,274490.3855310279
1957,Osceola County,FL,12,2019-08-31,239724.12243689355
219,Lake County,FL,12,2019-08-31,236394.17928841195
1638,Collier County,FL,12,2019-08-31,352131.02879460313
1161,Marion County,FL,12,2019-08-31,167403.75869962908
3131,Saint Lucie County,FL,12,2019-08-31,225886.65098403228
2259,Escambia County,FL,12,2019-08-31,174513.70433668754
232,Leon County,FL,12,2019-08-31,200914.5571814743
1509,Alachua County,FL,12,2019-08-31,199939.2497250944
3128,Saint Johns County,FL,12,2019-08-31,315031.5938714941
118,Clay County,FL,12,2019-08-31,218757.32185906463
2460,Okaloosa County,FL,12,2019-08-31,238211.1896570396
2341,Hernando County,FL,12,2019-08-31,176622.2148330276
2650,Charlotte County,FL,12,2019-08-31,218393.2554881631
3026,Santa Rosa County,FL,12,2019-08-31,217252.70231202675
67,Bay County,FL,12,2019-08-31,217618.94604636225
3168,Indian River County,FL,12,2019-08-31,238950.0578225688
1176,Martin County,FL,12,2019-08-31,280898.5999339363
938,Citrus County,FL,12,2019-08-31,162887.1381029834
1409,Sumter County,FL,12,2019-08-31,279400.7922762144
1707,Flagler County,FL,12,2019-08-31,242776.11512459567
2724,Highlands County,FL,12,2019-08-31,135448.884060816
1251,Nassau County,FL,12,2019-08-31,296028.4224210757
1214,Monroe County,FL,12,2019-08-31,572897.983657226
1468,Walton County,FL,12,2019-08-31,408822.6610804175
1338,Putnam County,FL,12,2019-08-31,128389.43794546892
2212,Columbia County,FL,12,2019-08-31,152785.09933343044
1794,Jackson County,FL,12,2019-08-31,113747.2835786882
1717,Gadsden County,FL,12,2019-08-31,119693.07550982609
2570,Suwannee County,FL,12,2019-08-31,155953.39125746812
234,Levy County,FL,12,2019-08-31,168921.86429662895
2990,Okeechobee County,FL,12,2019-08-31,157535.87972404787
1093,Hendry County,FL,12,2019-08-31,149393.95924605872
1659,De Soto County,FL,12,2019-08-31,154340.70080981756
2066,Wakulla County,FL,12,2019-08-31,175902.40040842118
378,Baker County,FL,12,2019-08-31,198259.64408317624
2148,Bradford County,FL,12,2019-08-31,140444.0915056545
1076,Hardee County,FL,12,2019-08-31,124271.80188991706
3050,Washington County,FL,12,2019-08-31,128261.67062660736
1419,Taylor County,FL,12,2019-08-31,120968.88390268678
1094,Holmes County,FL,12,2019-08-31,123997.3880256664
1896,Madison County,FL,12,2019-08-31,121008.51981948038
2704,Gilchrist County,FL,12,2019-08-31,158960.66638960593
480,Dixie County,FL,12,2019-08-31,119095.06624947116
762,Union County,FL,12,2019-08-31,146232.7095828522
169,Gulf County,FL,12,2019-08-31,247497.8569057232
2735,Jefferson County,FL,12,2019-08-31,164563.68409662225
2315,Hamilton County,FL,12,2019-08-31,105559.28228237662
1571,Calhoun County,FL,12,2019-08-31,114352.45022399946
2272,Franklin County,FL,12,2019-08-31,275917.2629672624
1042,Glades County,FL,12,2019-08-31,135801.70832213748
2769,Lafayette County,FL,12,2019-08-31,134767.19407524777
1858,Liberty County,FL,12,2019-08-31,117610.4349463698
2964,Miami-Dade County,FL,12,2019-09-30,310580.15740156535
1561,Broward County,FL,12,2019-09-30,273874.986899833
2993,Palm Beach County,FL,12,2019-09-30,294923.9137046609
3165,Hillsborough County,FL,12,2019-09-30,235009.2323149001
1287,Orange County,FL,12,2019-09-30,261717.53740468307
489,Duval County,FL,12,2019-09-30,195837.961213439
2480,Pinellas County,FL,12,2019-09-30,242198.42552863693
80,Lee County,FL,12,2019-09-30,235234.27783236885
285,Polk County,FL,12,2019-09-30,192604.96660748063
1556,Brevard County,FL,12,2019-09-30,221477.2121435716
669,Pasco County,FL,12,2019-09-30,209769.3870872417
2063,Volusia County,FL,12,2019-09-30,210487.77546261568
2538,Seminole County,FL,12,2019-09-30,261017.1107061774
2528,Sarasota County,FL,12,2019-09-30,272817.0873159182
1916,Manatee County,FL,12,2019-09-30,275440.89281459944
1957,Osceola County,FL,12,2019-09-30,240662.7731008012
219,Lake County,FL,12,2019-09-30,237516.21409071176
1638,Collier County,FL,12,2019-09-30,352210.5044531447
1161,Marion County,FL,12,2019-09-30,168288.93977672452
3131,Saint Lucie County,FL,12,2019-09-30,226143.1573216413
2259,Escambia County,FL,12,2019-09-30,175674.22826067125
232,Leon County,FL,12,2019-09-30,201605.1335717305
1509,Alachua County,FL,12,2019-09-30,201165.7396120919
3128,Saint Johns County,FL,12,2019-09-30,315831.9442787141
118,Clay County,FL,12,2019-09-30,219727.19541345263
2460,Okaloosa County,FL,12,2019-09-30,239572.76405569023
2341,Hernando County,FL,12,2019-09-30,177688.29432931423
2650,Charlotte County,FL,12,2019-09-30,219456.62172343023
3026,Santa Rosa County,FL,12,2019-09-30,218253.53504480145
67,Bay County,FL,12,2019-09-30,219006.4529567113
3168,Indian River County,FL,12,2019-09-30,239163.7255797129
1176,Martin County,FL,12,2019-09-30,282064.2075313279
938,Citrus County,FL,12,2019-09-30,163522.81035571426
1409,Sumter County,FL,12,2019-09-30,280731.5186230883
1707,Flagler County,FL,12,2019-09-30,243356.9792455222
2724,Highlands County,FL,12,2019-09-30,135955.09171497854
1251,Nassau County,FL,12,2019-09-30,297732.3511250973
1214,Monroe County,FL,12,2019-09-30,574258.0316832603
1468,Walton County,FL,12,2019-09-30,411455.58326415246
1338,Putnam County,FL,12,2019-09-30,129153.7281704375
2212,Columbia County,FL,12,2019-09-30,154332.8268399105
1794,Jackson County,FL,12,2019-09-30,113332.0230176011
1717,Gadsden County,FL,12,2019-09-30,119893.14205878857
2570,Suwannee County,FL,12,2019-09-30,156743.25250126838
234,Levy County,FL,12,2019-09-30,170031.5129167325
2990,Okeechobee County,FL,12,2019-09-30,158046.1945860189
1093,Hendry County,FL,12,2019-09-30,150260.43193076015
1659,De Soto County,FL,12,2019-09-30,155070.72976061393
2066,Wakulla County,FL,12,2019-09-30,176847.21473539525
378,Baker County,FL,12,2019-09-30,198804.80089015435
2148,Bradford County,FL,12,2019-09-30,141553.91401621563
1076,Hardee County,FL,12,2019-09-30,125249.37836743004
3050,Washington County,FL,12,2019-09-30,129483.7521621439
1419,Taylor County,FL,12,2019-09-30,121383.82429203788
1094,Holmes County,FL,12,2019-09-30,125266.10301329588
1896,Madison County,FL,12,2019-09-30,121237.38674775026
2704,Gilchrist County,FL,12,2019-09-30,160199.86573930905
480,Dixie County,FL,12,2019-09-30,120087.1300084894
762,Union County,FL,12,2019-09-30,147568.24333730276
169,Gulf County,FL,12,2019-09-30,246861.71829941147
2735,Jefferson County,FL,12,2019-09-30,166339.24907762173
2315,Hamilton County,FL,12,2019-09-30,106342.0001465758
1571,Calhoun County,FL,12,2019-09-30,114916.24911363532
2272,Franklin County,FL,12,2019-09-30,277125.0676099146
1042,Glades County,FL,12,2019-09-30,136572.99420873387
2769,Lafayette County,FL,12,2019-09-30,135958.06682991423
1858,Liberty County,FL,12,2019-09-30,117739.5142814481
2964,Miami-Dade County,FL,12,2019-10-31,311606.8923170969
1561,Broward County,FL,12,2019-10-31,274932.9477967857
2993,Palm Beach County,FL,12,2019-10-31,296074.53138320684
3165,Hillsborough County,FL,12,2019-10-31,235800.4564950092
1287,Orange County,FL,12,2019-10-31,262280.05915612006
489,Duval County,FL,12,2019-10-31,196287.5714276129
2480,Pinellas County,FL,12,2019-10-31,243356.1441622653
80,Lee County,FL,12,2019-10-31,235740.01590745643
285,Polk County,FL,12,2019-10-31,193628.5154162331
1556,Brevard County,FL,12,2019-10-31,222330.52488474245
669,Pasco County,FL,12,2019-10-31,210518.09239841104
2063,Volusia County,FL,12,2019-10-31,211571.949836278
2538,Seminole County,FL,12,2019-10-31,262283.2276467812
2528,Sarasota County,FL,12,2019-10-31,273573.26739305275
1916,Manatee County,FL,12,2019-10-31,276639.4064959251
1957,Osceola County,FL,12,2019-10-31,241676.87419032608
219,Lake County,FL,12,2019-10-31,238537.98805290865
1638,Collier County,FL,12,2019-10-31,352841.3932005966
1161,Marion County,FL,12,2019-10-31,169236.1603120168
3131,Saint Lucie County,FL,12,2019-10-31,226684.8812417769
2259,Escambia County,FL,12,2019-10-31,177052.10039482047
232,Leon County,FL,12,2019-10-31,202738.7927645433
1509,Alachua County,FL,12,2019-10-31,202072.69794035645
3128,Saint Johns County,FL,12,2019-10-31,317050.04892831994
118,Clay County,FL,12,2019-10-31,220627.8366989192
2460,Okaloosa County,FL,12,2019-10-31,240973.54467769564
2341,Hernando County,FL,12,2019-10-31,178992.2152486831
2650,Charlotte County,FL,12,2019-10-31,220521.37191326308
3026,Santa Rosa County,FL,12,2019-10-31,219689.6857037013
67,Bay County,FL,12,2019-10-31,220728.7577775065
3168,Indian River County,FL,12,2019-10-31,239621.8072267639
1176,Martin County,FL,12,2019-10-31,283261.44479091075
938,Citrus County,FL,12,2019-10-31,164619.18013313142
1409,Sumter County,FL,12,2019-10-31,282043.3320911901
1707,Flagler County,FL,12,2019-10-31,244058.33183978885
2724,Highlands County,FL,12,2019-10-31,136835.39675458343
1251,Nassau County,FL,12,2019-10-31,299561.99952980963
1214,Monroe County,FL,12,2019-10-31,576100.4845262679
1468,Walton County,FL,12,2019-10-31,414637.8113364422
1338,Putnam County,FL,12,2019-10-31,130072.5136143298
2212,Columbia County,FL,12,2019-10-31,155750.23405672677
1794,Jackson County,FL,12,2019-10-31,113237.08231735574
1717,Gadsden County,FL,12,2019-10-31,120262.17171786418
2570,Suwannee County,FL,12,2019-10-31,157691.42466183915
234,Levy County,FL,12,2019-10-31,170998.42532022428
2990,Okeechobee County,FL,12,2019-10-31,158812.79196187077
1093,Hendry County,FL,12,2019-10-31,151580.4816598315
1659,De Soto County,FL,12,2019-10-31,155578.38790363382
2066,Wakulla County,FL,12,2019-10-31,177910.823644359
378,Baker County,FL,12,2019-10-31,199840.21365245627
2148,Bradford County,FL,12,2019-10-31,142478.05264893957
1076,Hardee County,FL,12,2019-10-31,125968.22646970196
3050,Washington County,FL,12,2019-10-31,130914.84007194126
1419,Taylor County,FL,12,2019-10-31,121503.30093054066
1094,Holmes County,FL,12,2019-10-31,126586.66285457266
1896,Madison County,FL,12,2019-10-31,121650.5879206033
2704,Gilchrist County,FL,12,2019-10-31,161496.527173036
480,Dixie County,FL,12,2019-10-31,121066.52648368364
762,Union County,FL,12,2019-10-31,149472.94751973893
169,Gulf County,FL,12,2019-10-31,246695.5863972712
2735,Jefferson County,FL,12,2019-10-31,168480.81127417853
2315,Hamilton County,FL,12,2019-10-31,107168.92307363736
1571,Calhoun County,FL,12,2019-10-31,115107.4773624308
2272,Franklin County,FL,12,2019-10-31,278748.2990747953
1042,Glades County,FL,12,2019-10-31,137473.1202165984
2769,Lafayette County,FL,12,2019-10-31,137365.00716583093
1858,Liberty County,FL,12,2019-10-31,118083.32678048854
2964,Miami-Dade County,FL,12,2019-11-30,313246.1307068618
1561,Broward County,FL,12,2019-11-30,276768.1329829107
2993,Palm Beach County,FL,12,2019-11-30,297487.1563514215
3165,Hillsborough County,FL,12,2019-11-30,236885.70422745807
1287,Orange County,FL,12,2019-11-30,263350.6703307222
489,Duval County,FL,12,2019-11-30,196967.14401170769
2480,Pinellas County,FL,12,2019-11-30,244875.08667915568
80,Lee County,FL,12,2019-11-30,236595.0777400397
285,Polk County,FL,12,2019-11-30,194834.1499799803
1556,Brevard County,FL,12,2019-11-30,223690.0493362521
669,Pasco County,FL,12,2019-11-30,211535.9538496284
2063,Volusia County,FL,12,2019-11-30,212932.10318044884
2538,Seminole County,FL,12,2019-11-30,263762.5357829791
2528,Sarasota County,FL,12,2019-11-30,274679.68207993294
1916,Manatee County,FL,12,2019-11-30,278017.0011867345
1957,Osceola County,FL,12,2019-11-30,242785.4139651745
219,Lake County,FL,12,2019-11-30,239726.17988518983
1638,Collier County,FL,12,2019-11-30,354030.5553600211
1161,Marion County,FL,12,2019-11-30,170271.84197344686
3131,Saint Lucie County,FL,12,2019-11-30,227589.77321269564
2259,Escambia County,FL,12,2019-11-30,178549.33346729737
232,Leon County,FL,12,2019-11-30,204041.32642666696
1509,Alachua County,FL,12,2019-11-30,203007.50286042283
3128,Saint Johns County,FL,12,2019-11-30,318510.7365713508
118,Clay County,FL,12,2019-11-30,221748.1549113157
2460,Okaloosa County,FL,12,2019-11-30,242493.3072411324
2341,Hernando County,FL,12,2019-11-30,180417.31303423183
2650,Charlotte County,FL,12,2019-11-30,221648.0354400089
3026,Santa Rosa County,FL,12,2019-11-30,221342.0860204517
67,Bay County,FL,12,2019-11-30,222845.31246015112
3168,Indian River County,FL,12,2019-11-30,240697.3031392012
1176,Martin County,FL,12,2019-11-30,284585.02095029707
938,Citrus County,FL,12,2019-11-30,166024.0333130165
1409,Sumter County,FL,12,2019-11-30,283289.7882875638
1707,Flagler County,FL,12,2019-11-30,244944.7913574761
2724,Highlands County,FL,12,2019-11-30,138092.2798818442
1251,Nassau County,FL,12,2019-11-30,301442.01747043297
1214,Monroe County,FL,12,2019-11-30,578642.0910991746
1468,Walton County,FL,12,2019-11-30,417618.2807235834
1338,Putnam County,FL,12,2019-11-30,131251.35477570753
2212,Columbia County,FL,12,2019-11-30,157059.4925940185
1794,Jackson County,FL,12,2019-11-30,113424.71729462146
1717,Gadsden County,FL,12,2019-11-30,120633.92018957256
2570,Suwannee County,FL,12,2019-11-30,158419.44393448954
234,Levy County,FL,12,2019-11-30,172087.93795518592
2990,Okeechobee County,FL,12,2019-11-30,159798.66799607826
1093,Hendry County,FL,12,2019-11-30,152898.9812844552
1659,De Soto County,FL,12,2019-11-30,155888.57748701828
2066,Wakulla County,FL,12,2019-11-30,178954.75294128162
378,Baker County,FL,12,2019-11-30,201433.7657216755
2148,Bradford County,FL,12,2019-11-30,143382.5465628016
1076,Hardee County,FL,12,2019-11-30,126496.64209450256
3050,Washington County,FL,12,2019-11-30,132319.83444051002
1419,Taylor County,FL,12,2019-11-30,121283.12994945724
1094,Holmes County,FL,12,2019-11-30,127266.70445983596
1896,Madison County,FL,12,2019-11-30,121415.57609934444
2704,Gilchrist County,FL,12,2019-11-30,162884.67347111343
480,Dixie County,FL,12,2019-11-30,121852.55827381094
762,Union County,FL,12,2019-11-30,150699.1965195708
169,Gulf County,FL,12,2019-11-30,248085.3480798272
2735,Jefferson County,FL,12,2019-11-30,170526.34449503635
2315,Hamilton County,FL,12,2019-11-30,107649.81756700414
1571,Calhoun County,FL,12,2019-11-30,114814.16620446712
2272,Franklin County,FL,12,2019-11-30,281157.8632617581
1042,Glades County,FL,12,2019-11-30,138499.0324675711
2769,Lafayette County,FL,12,2019-11-30,138502.41225448632
1858,Liberty County,FL,12,2019-11-30,118588.03275030262
2964,Miami-Dade County,FL,12,2019-12-31,315311.1178974272
1561,Broward County,FL,12,2019-12-31,279059.32064587175
2993,Palm Beach County,FL,12,2019-12-31,299174.65254239977
3165,Hillsborough County,FL,12,2019-12-31,238423.5168850522
1287,Orange County,FL,12,2019-12-31,264917.1396485741
489,Duval County,FL,12,2019-12-31,197995.4992319813
2480,Pinellas County,FL,12,2019-12-31,246665.9314408165
80,Lee County,FL,12,2019-12-31,237811.6841355696
285,Polk County,FL,12,2019-12-31,196282.08078543123
1556,Brevard County,FL,12,2019-12-31,225329.93168227168
669,Pasco County,FL,12,2019-12-31,212852.9571903212
2063,Volusia County,FL,12,2019-12-31,214470.90987275023
2538,Seminole County,FL,12,2019-12-31,265454.07916369167
2528,Sarasota County,FL,12,2019-12-31,276083.7283874129
1916,Manatee County,FL,12,2019-12-31,279489.0769790485
1957,Osceola County,FL,12,2019-12-31,244083.1237534897
219,Lake County,FL,12,2019-12-31,240979.8450673352
1638,Collier County,FL,12,2019-12-31,355827.2722087068
1161,Marion County,FL,12,2019-12-31,171405.79367447502
3131,Saint Lucie County,FL,12,2019-12-31,228824.382202888
2259,Escambia County,FL,12,2019-12-31,180105.65389379114
232,Leon County,FL,12,2019-12-31,205509.0350474159
1509,Alachua County,FL,12,2019-12-31,204283.26168206616
3128,Saint Johns County,FL,12,2019-12-31,320001.8899830392
118,Clay County,FL,12,2019-12-31,222919.57283415084
2460,Okaloosa County,FL,12,2019-12-31,244035.10864329044
2341,Hernando County,FL,12,2019-12-31,182074.71150212627
2650,Charlotte County,FL,12,2019-12-31,222893.4020005155
3026,Santa Rosa County,FL,12,2019-12-31,223000.6166921896
67,Bay County,FL,12,2019-12-31,225473.3611199012
3168,Indian River County,FL,12,2019-12-31,242122.1406871841
1176,Martin County,FL,12,2019-12-31,286085.4909284412
938,Citrus County,FL,12,2019-12-31,167535.82464460548
1409,Sumter County,FL,12,2019-12-31,284247.35875092883
1707,Flagler County,FL,12,2019-12-31,246283.7967728984
2724,Highlands County,FL,12,2019-12-31,139419.49819074894
1251,Nassau County,FL,12,2019-12-31,303410.721369209
1214,Monroe County,FL,12,2019-12-31,581918.0582805228
1468,Walton County,FL,12,2019-12-31,420425.4423957838
1338,Putnam County,FL,12,2019-12-31,132818.88038170966
2212,Columbia County,FL,12,2019-12-31,158466.15108605113
1794,Jackson County,FL,12,2019-12-31,114195.9068175796
1717,Gadsden County,FL,12,2019-12-31,121232.37973946267
2570,Suwannee County,FL,12,2019-12-31,159122.04229651578
234,Levy County,FL,12,2019-12-31,173517.84103013473
2990,Okeechobee County,FL,12,2019-12-31,161200.65989403616
1093,Hendry County,FL,12,2019-12-31,153996.8334774836
1659,De Soto County,FL,12,2019-12-31,156293.6228485096
2066,Wakulla County,FL,12,2019-12-31,180159.6016639108
378,Baker County,FL,12,2019-12-31,203348.5375201489
2148,Bradford County,FL,12,2019-12-31,144349.41405572422
1076,Hardee County,FL,12,2019-12-31,127040.0404376287
3050,Washington County,FL,12,2019-12-31,133857.6889654851
1419,Taylor County,FL,12,2019-12-31,121535.79471951506
1094,Holmes County,FL,12,2019-12-31,127933.98568338771
1896,Madison County,FL,12,2019-12-31,121466.22478475736
2704,Gilchrist County,FL,12,2019-12-31,164601.1337782935
480,Dixie County,FL,12,2019-12-31,122522.89354478451
762,Union County,FL,12,2019-12-31,151527.33735281133
169,Gulf County,FL,12,2019-12-31,250671.26056268447
2735,Jefferson County,FL,12,2019-12-31,173017.56289423796
2315,Hamilton County,FL,12,2019-12-31,108145.57545551768
1571,Calhoun County,FL,12,2019-12-31,114789.05101188314
2272,Franklin County,FL,12,2019-12-31,284141.3958864748
1042,Glades County,FL,12,2019-12-31,139819.73444937763
2769,Lafayette County,FL,12,2019-12-31,139823.09379887526
1858,Liberty County,FL,12,2019-12-31,119438.04193278
2964,Miami-Dade County,FL,12,2020-01-31,317885.48014351056
1561,Broward County,FL,12,2020-01-31,281591.9032755017
2993,Palm Beach County,FL,12,2020-01-31,301300.3424195358
3165,Hillsborough County,FL,12,2020-01-31,240481.7066777336
1287,Orange County,FL,12,2020-01-31,266880.9168725757
489,Duval County,FL,12,2020-01-31,199436.170040826
2480,Pinellas County,FL,12,2020-01-31,249556.2010604865
80,Lee County,FL,12,2020-01-31,239184.66135168704
285,Polk County,FL,12,2020-01-31,197815.5584752776
1556,Brevard County,FL,12,2020-01-31,227020.98204834343
669,Pasco County,FL,12,2020-01-31,214757.06761798044
2063,Volusia County,FL,12,2020-01-31,216128.13216673155
2538,Seminole County,FL,12,2020-01-31,267340.3891934375
2528,Sarasota County,FL,12,2020-01-31,277883.2561588515
1916,Manatee County,FL,12,2020-01-31,281065.9369882357
1957,Osceola County,FL,12,2020-01-31,245837.203948427
219,Lake County,FL,12,2020-01-31,242522.3507202365
1638,Collier County,FL,12,2020-01-31,357690.3684458716
1161,Marion County,FL,12,2020-01-31,172683.8115377729
3131,Saint Lucie County,FL,12,2020-01-31,230398.30343826595
2259,Escambia County,FL,12,2020-01-31,181577.4920730162
232,Leon County,FL,12,2020-01-31,207307.8553292972
1509,Alachua County,FL,12,2020-01-31,205945.2243532721
3128,Saint Johns County,FL,12,2020-01-31,321797.5685941934
118,Clay County,FL,12,2020-01-31,224327.47334777005
2460,Okaloosa County,FL,12,2020-01-31,245903.5688026968
2341,Hernando County,FL,12,2020-01-31,183477.83307899907
2650,Charlotte County,FL,12,2020-01-31,224193.7065078856
3026,Santa Rosa County,FL,12,2020-01-31,224977.5948334474
67,Bay County,FL,12,2020-01-31,229145.500248728
3168,Indian River County,FL,12,2020-01-31,243697.554522186
1176,Martin County,FL,12,2020-01-31,287880.74845543416
938,Citrus County,FL,12,2020-01-31,168826.58793300312
1409,Sumter County,FL,12,2020-01-31,285043.62526398135
1707,Flagler County,FL,12,2020-01-31,248000.8822818019
2724,Highlands County,FL,12,2020-01-31,140389.95349049204
1251,Nassau County,FL,12,2020-01-31,305494.1622623105
1214,Monroe County,FL,12,2020-01-31,587151.4119738209
1468,Walton County,FL,12,2020-01-31,423661.748984548
1338,Putnam County,FL,12,2020-01-31,134116.6848293807
2212,Columbia County,FL,12,2020-01-31,159994.20362882802
1794,Jackson County,FL,12,2020-01-31,115115.39027686956
1717,Gadsden County,FL,12,2020-01-31,121863.35362893842
2570,Suwannee County,FL,12,2020-01-31,159890.14885885429
234,Levy County,FL,12,2020-01-31,175273.77611802056
2990,Okeechobee County,FL,12,2020-01-31,162555.71481661976
1093,Hendry County,FL,12,2020-01-31,154370.16305017076
1659,De Soto County,FL,12,2020-01-31,157062.1311142365
2066,Wakulla County,FL,12,2020-01-31,181551.07673197583
378,Baker County,FL,12,2020-01-31,205848.6485282681
2148,Bradford County,FL,12,2020-01-31,145738.98011810193
1076,Hardee County,FL,12,2020-01-31,127391.43398648853
3050,Washington County,FL,12,2020-01-31,135355.47593799848
1419,Taylor County,FL,12,2020-01-31,121541.70766433825
1094,Holmes County,FL,12,2020-01-31,128388.43921895728
1896,Madison County,FL,12,2020-01-31,121847.12072416772
2704,Gilchrist County,FL,12,2020-01-31,166199.66442351678
480,Dixie County,FL,12,2020-01-31,122386.9535642736
762,Union County,FL,12,2020-01-31,151373.31613073865
169,Gulf County,FL,12,2020-01-31,254202.61498796684
2735,Jefferson County,FL,12,2020-01-31,176469.29603876112
2315,Hamilton County,FL,12,2020-01-31,108676.76069739548
1571,Calhoun County,FL,12,2020-01-31,114529.0409511156
2272,Franklin County,FL,12,2020-01-31,287767.21936451126
1042,Glades County,FL,12,2020-01-31,140940.80926796887
2769,Lafayette County,FL,12,2020-01-31,141311.2363754453
1858,Liberty County,FL,12,2020-01-31,119961.0029819574
2964,Miami-Dade County,FL,12,2020-02-29,320458.849684538
1561,Broward County,FL,12,2020-02-29,283554.5608323649
2993,Palm Beach County,FL,12,2020-02-29,303245.9169301063
3165,Hillsborough County,FL,12,2020-02-29,242482.3600203564
1287,Orange County,FL,12,2020-02-29,268847.7160107505
489,Duval County,FL,12,2020-02-29,201140.0441758296
2480,Pinellas County,FL,12,2020-02-29,252425.20460292263
80,Lee County,FL,12,2020-02-29,240259.04535391807
285,Polk County,FL,12,2020-02-29,199308.9448736864
1556,Brevard County,FL,12,2020-02-29,228661.2371892817
669,Pasco County,FL,12,2020-02-29,216314.1404824353
2063,Volusia County,FL,12,2020-02-29,217761.75024514875
2538,Seminole County,FL,12,2020-02-29,269262.0576056259
2528,Sarasota County,FL,12,2020-02-29,279692.2029347505
1916,Manatee County,FL,12,2020-02-29,282472.41991494293
1957,Osceola County,FL,12,2020-02-29,247572.30565283005
219,Lake County,FL,12,2020-02-29,243904.44544578984
1638,Collier County,FL,12,2020-02-29,358986.8425087133
1161,Marion County,FL,12,2020-02-29,173807.17450628054
3131,Saint Lucie County,FL,12,2020-02-29,232027.31304078983
2259,Escambia County,FL,12,2020-02-29,182917.8605419984
232,Leon County,FL,12,2020-02-29,208873.25201545385
1509,Alachua County,FL,12,2020-02-29,207639.3892777809
3128,Saint Johns County,FL,12,2020-02-29,323646.0144435216
118,Clay County,FL,12,2020-02-29,225696.6607273546
2460,Okaloosa County,FL,12,2020-02-29,247728.97117648748
2341,Hernando County,FL,12,2020-02-29,184815.0201954108
2650,Charlotte County,FL,12,2020-02-29,225280.50508928983
3026,Santa Rosa County,FL,12,2020-02-29,227057.9666715536
67,Bay County,FL,12,2020-02-29,233109.12388033044
3168,Indian River County,FL,12,2020-02-29,244920.95093093315
1176,Martin County,FL,12,2020-02-29,289476.245958185
938,Citrus County,FL,12,2020-02-29,170027.13573135738
1409,Sumter County,FL,12,2020-02-29,285747.8527239444
1707,Flagler County,FL,12,2020-02-29,249507.43532836705
2724,Highlands County,FL,12,2020-02-29,141109.27320518866
1251,Nassau County,FL,12,2020-02-29,307862.201911744
1214,Monroe County,FL,12,2020-02-29,592871.1230672746
1468,Walton County,FL,12,2020-02-29,426928.6780040812
1338,Putnam County,FL,12,2020-02-29,135625.87296666033
2212,Columbia County,FL,12,2020-02-29,161607.09893074198
1794,Jackson County,FL,12,2020-02-29,115867.01226858576
1717,Gadsden County,FL,12,2020-02-29,122916.293734962
2570,Suwannee County,FL,12,2020-02-29,160396.77847190856
234,Levy County,FL,12,2020-02-29,177188.075538852
2990,Okeechobee County,FL,12,2020-02-29,163700.36624136157
1093,Hendry County,FL,12,2020-02-29,155065.65088054506
1659,De Soto County,FL,12,2020-02-29,158298.2383665739
2066,Wakulla County,FL,12,2020-02-29,183122.77809324965
378,Baker County,FL,12,2020-02-29,208210.3933589896
2148,Bradford County,FL,12,2020-02-29,147498.0676926965
1076,Hardee County,FL,12,2020-02-29,128264.14828313985
3050,Washington County,FL,12,2020-02-29,137185.62450184723
1419,Taylor County,FL,12,2020-02-29,121872.11073476356
1094,Holmes County,FL,12,2020-02-29,129149.15100316991
1896,Madison County,FL,12,2020-02-29,123056.50308716328
2704,Gilchrist County,FL,12,2020-02-29,168033.5639883122
480,Dixie County,FL,12,2020-02-29,122530.49484248408
762,Union County,FL,12,2020-02-29,150853.0811179314
169,Gulf County,FL,12,2020-02-29,257110.6680169776
2735,Jefferson County,FL,12,2020-02-29,180037.10539947753
2315,Hamilton County,FL,12,2020-02-29,109412.96203246056
1571,Calhoun County,FL,12,2020-02-29,114893.86095347784
2272,Franklin County,FL,12,2020-02-29,290437.72307689185
1042,Glades County,FL,12,2020-02-29,142120.14780952007
2769,Lafayette County,FL,12,2020-02-29,142492.9303239117
1858,Liberty County,FL,12,2020-02-29,120570.37472656496
2964,Miami-Dade County,FL,12,2020-03-31,322880.67216473684
1561,Broward County,FL,12,2020-03-31,285017.2641349013
2993,Palm Beach County,FL,12,2020-03-31,304893.3658473364
3165,Hillsborough County,FL,12,2020-03-31,244217.79169246627
1287,Orange County,FL,12,2020-03-31,270667.99426209525
489,Duval County,FL,12,2020-03-31,202804.21424904664
2480,Pinellas County,FL,12,2020-03-31,255201.45746685533
80,Lee County,FL,12,2020-03-31,241030.1485728753
285,Polk County,FL,12,2020-03-31,200588.41095318296
1556,Brevard County,FL,12,2020-03-31,230132.05046665235
669,Pasco County,FL,12,2020-03-31,217581.1256548277
2063,Volusia County,FL,12,2020-03-31,219280.5575335197
2538,Seminole County,FL,12,2020-03-31,271146.9013939605
2528,Sarasota County,FL,12,2020-03-31,281372.0847914302
1916,Manatee County,FL,12,2020-03-31,283552.14528143965
1957,Osceola County,FL,12,2020-03-31,249220.15813642103
219,Lake County,FL,12,2020-03-31,245332.19839962185
1638,Collier County,FL,12,2020-03-31,359267.0577592235
1161,Marion County,FL,12,2020-03-31,174640.6879990897
3131,Saint Lucie County,FL,12,2020-03-31,233482.5238697826
2259,Escambia County,FL,12,2020-03-31,184197.60069187384
232,Leon County,FL,12,2020-03-31,210230.8870516861
1509,Alachua County,FL,12,2020-03-31,209186.2220492701
3128,Saint Johns County,FL,12,2020-03-31,325353.009895353
118,Clay County,FL,12,2020-03-31,226954.82896075607
2460,Okaloosa County,FL,12,2020-03-31,249505.64814147484
2341,Hernando County,FL,12,2020-03-31,186106.564056076
2650,Charlotte County,FL,12,2020-03-31,226073.50179116303
3026,Santa Rosa County,FL,12,2020-03-31,229151.8469012517
67,Bay County,FL,12,2020-03-31,236813.1288313968
3168,Indian River County,FL,12,2020-03-31,245770.5190772623
1176,Martin County,FL,12,2020-03-31,290661.2145371065
938,Citrus County,FL,12,2020-03-31,171006.53366850523
1409,Sumter County,FL,12,2020-03-31,286628.6590914139
1707,Flagler County,FL,12,2020-03-31,250537.51711597736
2724,Highlands County,FL,12,2020-03-31,141622.97502415333
1251,Nassau County,FL,12,2020-03-31,310010.29080125975
1214,Monroe County,FL,12,2020-03-31,598254.6445131269
1468,Walton County,FL,12,2020-03-31,429287.46835497365
1338,Putnam County,FL,12,2020-03-31,137113.38030316957
2212,Columbia County,FL,12,2020-03-31,163106.56831619013
1794,Jackson County,FL,12,2020-03-31,116741.86350416752
1717,Gadsden County,FL,12,2020-03-31,124099.07623430836
2570,Suwannee County,FL,12,2020-03-31,160709.48155688378
234,Levy County,FL,12,2020-03-31,179046.63753229333
2990,Okeechobee County,FL,12,2020-03-31,164420.8309874396
1093,Hendry County,FL,12,2020-03-31,155955.1906472386
1659,De Soto County,FL,12,2020-03-31,159217.923928846
2066,Wakulla County,FL,12,2020-03-31,184677.4131012956
378,Baker County,FL,12,2020-03-31,210333.75446214303
2148,Bradford County,FL,12,2020-03-31,149522.1330499741
1076,Hardee County,FL,12,2020-03-31,129030.69786225248
3050,Washington County,FL,12,2020-03-31,138919.1725465821
1419,Taylor County,FL,12,2020-03-31,122158.2675415813
1094,Holmes County,FL,12,2020-03-31,130197.81196559826
1896,Madison County,FL,12,2020-03-31,124383.293294525
2704,Gilchrist County,FL,12,2020-03-31,170016.15732923112
480,Dixie County,FL,12,2020-03-31,123331.32613682604
762,Union County,FL,12,2020-03-31,150836.5514469302
169,Gulf County,FL,12,2020-03-31,259534.9831758373
2735,Jefferson County,FL,12,2020-03-31,183257.0818990636
2315,Hamilton County,FL,12,2020-03-31,110096.3800950292
1571,Calhoun County,FL,12,2020-03-31,115662.45585206807
2272,Franklin County,FL,12,2020-03-31,292704.1507906898
1042,Glades County,FL,12,2020-03-31,143252.47616717577
2769,Lafayette County,FL,12,2020-03-31,143603.52711040888
1858,Liberty County,FL,12,2020-03-31,121220.84471278824
2964,Miami-Dade County,FL,12,2020-04-30,324388.8246836084
1561,Broward County,FL,12,2020-04-30,285615.8133590871
2993,Palm Beach County,FL,12,2020-04-30,305488.0374887916
3165,Hillsborough County,FL,12,2020-04-30,245266.8875708441
1287,Orange County,FL,12,2020-04-30,272016.0765941041
489,Duval County,FL,12,2020-04-30,203896.14294269425
2480,Pinellas County,FL,12,2020-04-30,256495.5305476128
80,Lee County,FL,12,2020-04-30,241277.82285887247
285,Polk County,FL,12,2020-04-30,201568.462365758
1556,Brevard County,FL,12,2020-04-30,231370.16588938623
669,Pasco County,FL,12,2020-04-30,218268.92304533228
2063,Volusia County,FL,12,2020-04-30,220299.8704536926
2538,Seminole County,FL,12,2020-04-30,272667.8443102094
2528,Sarasota County,FL,12,2020-04-30,282336.0217254604
1916,Manatee County,FL,12,2020-04-30,284055.5824834437
1957,Osceola County,FL,12,2020-04-30,250406.1376554498
219,Lake County,FL,12,2020-04-30,246518.9462688789
1638,Collier County,FL,12,2020-04-30,358880.63439540955
1161,Marion County,FL,12,2020-04-30,175087.56278464498
3131,Saint Lucie County,FL,12,2020-04-30,234247.03730827465
2259,Escambia County,FL,12,2020-04-30,185491.33639460013
232,Leon County,FL,12,2020-04-30,210899.0811908672
1509,Alachua County,FL,12,2020-04-30,210416.7813729985
3128,Saint Johns County,FL,12,2020-04-30,326431.9773402531
118,Clay County,FL,12,2020-04-30,227773.25972752584
2460,Okaloosa County,FL,12,2020-04-30,251139.70101356343
2341,Hernando County,FL,12,2020-04-30,187492.47113659585
2650,Charlotte County,FL,12,2020-04-30,226331.6804128464
3026,Santa Rosa County,FL,12,2020-04-30,230607.2047714335
67,Bay County,FL,12,2020-04-30,239089.82551557923
3168,Indian River County,FL,12,2020-04-30,246115.5528770883
1176,Martin County,FL,12,2020-04-30,291384.87648560206
938,Citrus County,FL,12,2020-04-30,171911.1162893493
1409,Sumter County,FL,12,2020-04-30,287457.7709208454
1707,Flagler County,FL,12,2020-04-30,250816.7969933436
2724,Highlands County,FL,12,2020-04-30,142092.85175357587
1251,Nassau County,FL,12,2020-04-30,311728.75168474927
1214,Monroe County,FL,12,2020-04-30,600465.4786876614
1468,Walton County,FL,12,2020-04-30,429929.9641515326
1338,Putnam County,FL,12,2020-04-30,138829.8619593629
2212,Columbia County,FL,12,2020-04-30,164382.71076903882
1794,Jackson County,FL,12,2020-04-30,117595.7709337029
1717,Gadsden County,FL,12,2020-04-30,124893.58199507093
2570,Suwannee County,FL,12,2020-04-30,160555.490225316
234,Levy County,FL,12,2020-04-30,180247.6293546964
2990,Okeechobee County,FL,12,2020-04-30,164992.5564531888
1093,Hendry County,FL,12,2020-04-30,157125.29270373448
1659,De Soto County,FL,12,2020-04-30,159687.78645134345
2066,Wakulla County,FL,12,2020-04-30,185949.32019328672
378,Baker County,FL,12,2020-04-30,211282.9684438743
2148,Bradford County,FL,12,2020-04-30,150833.54003670602
1076,Hardee County,FL,12,2020-04-30,129802.94554552516
3050,Washington County,FL,12,2020-04-30,140390.54689173916
1419,Taylor County,FL,12,2020-04-30,122939.42000109427
1094,Holmes County,FL,12,2020-04-30,130857.104118358
1896,Madison County,FL,12,2020-04-30,125084.60358970614
2704,Gilchrist County,FL,12,2020-04-30,171872.3498101053
480,Dixie County,FL,12,2020-04-30,124790.76561153088
762,Union County,FL,12,2020-04-30,151251.74279006026
169,Gulf County,FL,12,2020-04-30,260433.73765411903
2735,Jefferson County,FL,12,2020-04-30,184358.27336033483
2315,Hamilton County,FL,12,2020-04-30,110425.25511954117
1571,Calhoun County,FL,12,2020-04-30,116706.07436743286
2272,Franklin County,FL,12,2020-04-30,293498.2666220172
1042,Glades County,FL,12,2020-04-30,144167.09138377162
2769,Lafayette County,FL,12,2020-04-30,144043.6186993069
1858,Liberty County,FL,12,2020-04-30,121528.81653364224
2964,Miami-Dade County,FL,12,2020-05-31,324650.0562244391
1561,Broward County,FL,12,2020-05-31,285383.7936548989
2993,Palm Beach County,FL,12,2020-05-31,305018.0536798431
3165,Hillsborough County,FL,12,2020-05-31,245834.30155286583
1287,Orange County,FL,12,2020-05-31,272631.78178593685
489,Duval County,FL,12,2020-05-31,204277.49474459328
2480,Pinellas County,FL,12,2020-05-31,256707.4097021228
80,Lee County,FL,12,2020-05-31,240961.705449454
285,Polk County,FL,12,2020-05-31,202167.00506524672
1556,Brevard County,FL,12,2020-05-31,231937.4982156579
669,Pasco County,FL,12,2020-05-31,218720.0608320085
2063,Volusia County,FL,12,2020-05-31,220546.40315594515
2538,Seminole County,FL,12,2020-05-31,273330.78191431233
2528,Sarasota County,FL,12,2020-05-31,282388.8047807695
1916,Manatee County,FL,12,2020-05-31,283825.0052871625
1957,Osceola County,FL,12,2020-05-31,251079.4982331649
219,Lake County,FL,12,2020-05-31,247214.11104654885
1638,Collier County,FL,12,2020-05-31,357465.8632787077
1161,Marion County,FL,12,2020-05-31,175280.423045904
3131,Saint Lucie County,FL,12,2020-05-31,234305.31114220447
2259,Escambia County,FL,12,2020-05-31,186667.28087311285
232,Leon County,FL,12,2020-05-31,211268.03044551145
1509,Alachua County,FL,12,2020-05-31,211241.4414211865
3128,Saint Johns County,FL,12,2020-05-31,326833.2155029921
118,Clay County,FL,12,2020-05-31,227942.83261302896
2460,Okaloosa County,FL,12,2020-05-31,252332.95070688147
2341,Hernando County,FL,12,2020-05-31,188663.20628992224
2650,Charlotte County,FL,12,2020-05-31,226095.9288847172
3026,Santa Rosa County,FL,12,2020-05-31,231574.39132090515
67,Bay County,FL,12,2020-05-31,239865.300783976
3168,Indian River County,FL,12,2020-05-31,245882.18540010287
1176,Martin County,FL,12,2020-05-31,291303.0271615205
938,Citrus County,FL,12,2020-05-31,172318.9261208946
1409,Sumter County,FL,12,2020-05-31,287981.157409905
1707,Flagler County,FL,12,2020-05-31,250430.51545860447
2724,Highlands County,FL,12,2020-05-31,142509.73733756438
1251,Nassau County,FL,12,2020-05-31,312360.0017006061
1214,Monroe County,FL,12,2020-05-31,600629.727123661
1468,Walton County,FL,12,2020-05-31,429209.0248065244
1338,Putnam County,FL,12,2020-05-31,139999.72112246655
2212,Columbia County,FL,12,2020-05-31,165174.71486841506
1794,Jackson County,FL,12,2020-05-31,118519.30484818445
1717,Gadsden County,FL,12,2020-05-31,125393.43684855456
2570,Suwannee County,FL,12,2020-05-31,161185.8845959565
234,Levy County,FL,12,2020-05-31,180600.3413477952
2990,Okeechobee County,FL,12,2020-05-31,165070.78239826634
1093,Hendry County,FL,12,2020-05-31,157617.51505660333
1659,De Soto County,FL,12,2020-05-31,159269.75348226205
2066,Wakulla County,FL,12,2020-05-31,186703.21374318632
378,Baker County,FL,12,2020-05-31,211710.7341594796
2148,Bradford County,FL,12,2020-05-31,151411.89040082743
1076,Hardee County,FL,12,2020-05-31,129859.9048861744
3050,Washington County,FL,12,2020-05-31,141188.21352299003
1419,Taylor County,FL,12,2020-05-31,123733.75461845507
1094,Holmes County,FL,12,2020-05-31,131115.03127673626
1896,Madison County,FL,12,2020-05-31,125467.4738938337
2704,Gilchrist County,FL,12,2020-05-31,172998.86402030304
480,Dixie County,FL,12,2020-05-31,126210.98694661877
762,Union County,FL,12,2020-05-31,152510.9176182179
169,Gulf County,FL,12,2020-05-31,260680.9311898377
2735,Jefferson County,FL,12,2020-05-31,184958.6159270448
2315,Hamilton County,FL,12,2020-05-31,110637.59871320578
1571,Calhoun County,FL,12,2020-05-31,117459.19057598792
2272,Franklin County,FL,12,2020-05-31,293670.5017029446
1042,Glades County,FL,12,2020-05-31,144636.45058833004
2769,Lafayette County,FL,12,2020-05-31,144437.1290222711
1858,Liberty County,FL,12,2020-05-31,121556.34877343716
2964,Miami-Dade County,FL,12,2020-06-30,324306.96063106233
1561,Broward County,FL,12,2020-06-30,284941.471410686
2993,Palm Beach County,FL,12,2020-06-30,304295.2511285029
3165,Hillsborough County,FL,12,2020-06-30,246348.4620235552
1287,Orange County,FL,12,2020-06-30,272883.30830239464
489,Duval County,FL,12,2020-06-30,204404.0818325746
2480,Pinellas County,FL,12,2020-06-30,256684.3419944665
80,Lee County,FL,12,2020-06-30,240689.30090330145
285,Polk County,FL,12,2020-06-30,202861.6599652411
1556,Brevard County,FL,12,2020-06-30,232375.3683306476
669,Pasco County,FL,12,2020-06-30,219324.8270386296
2063,Volusia County,FL,12,2020-06-30,220658.715851854
2538,Seminole County,FL,12,2020-06-30,273753.9019049424
2528,Sarasota County,FL,12,2020-06-30,282344.3194509439
1916,Manatee County,FL,12,2020-06-30,283605.9794742245
1957,Osceola County,FL,12,2020-06-30,251529.70460918944
219,Lake County,FL,12,2020-06-30,247599.8931839913
1638,Collier County,FL,12,2020-06-30,356020.74763891374
1161,Marion County,FL,12,2020-06-30,175698.14918181757
3131,Saint Lucie County,FL,12,2020-06-30,234288.866282306
2259,Escambia County,FL,12,2020-06-30,188132.2023742624
232,Leon County,FL,12,2020-06-30,211694.9983361561
1509,Alachua County,FL,12,2020-06-30,211760.9639118049
3128,Saint Johns County,FL,12,2020-06-30,327066.4036495091
118,Clay County,FL,12,2020-06-30,228091.920479406
2460,Okaloosa County,FL,12,2020-06-30,253744.79110563063
2341,Hernando County,FL,12,2020-06-30,189872.55440401728
2650,Charlotte County,FL,12,2020-06-30,225957.73516711613
3026,Santa Rosa County,FL,12,2020-06-30,232639.76721515303
67,Bay County,FL,12,2020-06-30,240353.8154790284
3168,Indian River County,FL,12,2020-06-30,245848.75515137045
1176,Martin County,FL,12,2020-06-30,291309.64794255694
938,Citrus County,FL,12,2020-06-30,172699.59386062715
1409,Sumter County,FL,12,2020-06-30,288356.4308874831
1707,Flagler County,FL,12,2020-06-30,250260.5160489747
2724,Highlands County,FL,12,2020-06-30,142983.67833444593
1251,Nassau County,FL,12,2020-06-30,312723.118111502
1214,Monroe County,FL,12,2020-06-30,600383.0634868831
1468,Walton County,FL,12,2020-06-30,429129.8069670608
1338,Putnam County,FL,12,2020-06-30,140749.06521010908
2212,Columbia County,FL,12,2020-06-30,165916.77547888458
1794,Jackson County,FL,12,2020-06-30,119211.46747695666
1717,Gadsden County,FL,12,2020-06-30,125918.41930634646
2570,Suwannee County,FL,12,2020-06-30,162389.69092281532
234,Levy County,FL,12,2020-06-30,180328.25447491065
2990,Okeechobee County,FL,12,2020-06-30,165288.71390226064
1093,Hendry County,FL,12,2020-06-30,157802.09773245858
1659,De Soto County,FL,12,2020-06-30,158812.9348273944
2066,Wakulla County,FL,12,2020-06-30,187445.75202165984
378,Baker County,FL,12,2020-06-30,212207.3904650162
2148,Bradford County,FL,12,2020-06-30,151479.3185673555
1076,Hardee County,FL,12,2020-06-30,129801.74615199056
3050,Washington County,FL,12,2020-06-30,142323.60426202588
1419,Taylor County,FL,12,2020-06-30,124209.3521930274
1094,Holmes County,FL,12,2020-06-30,130773.07632288868
1896,Madison County,FL,12,2020-06-30,125782.08600741636
2704,Gilchrist County,FL,12,2020-06-30,173725.03526784934
480,Dixie County,FL,12,2020-06-30,127129.3401499517
762,Union County,FL,12,2020-06-30,153606.2776597028
169,Gulf County,FL,12,2020-06-30,260406.02778842268
2735,Jefferson County,FL,12,2020-06-30,185166.5635369576
2315,Hamilton County,FL,12,2020-06-30,111003.81269093664
1571,Calhoun County,FL,12,2020-06-30,118095.9192686492
2272,Franklin County,FL,12,2020-06-30,294102.44192214985
1042,Glades County,FL,12,2020-06-30,144723.9458673191
2769,Lafayette County,FL,12,2020-06-30,144784.6247991783
1858,Liberty County,FL,12,2020-06-30,121521.50399888556
2964,Miami-Dade County,FL,12,2020-07-31,324208.20573717897
1561,Broward County,FL,12,2020-07-31,285196.32208652137
2993,Palm Beach County,FL,12,2020-07-31,304315.7094344408
3165,Hillsborough County,FL,12,2020-07-31,247307.2839748204
1287,Orange County,FL,12,2020-07-31,273417.7388350006
489,Duval County,FL,12,2020-07-31,204787.87121287183
2480,Pinellas County,FL,12,2020-07-31,257223.0707692793
80,Lee County,FL,12,2020-07-31,241032.3000771159
285,Polk County,FL,12,2020-07-31,203939.26572878924
1556,Brevard County,FL,12,2020-07-31,233273.0832102393
669,Pasco County,FL,12,2020-07-31,220444.97510602413
2063,Volusia County,FL,12,2020-07-31,221221.23924884203
2538,Seminole County,FL,12,2020-07-31,274397.4631315239
2528,Sarasota County,FL,12,2020-07-31,282902.0313688901
1916,Manatee County,FL,12,2020-07-31,284028.12895173527
1957,Osceola County,FL,12,2020-07-31,252032.97125842576
219,Lake County,FL,12,2020-07-31,248247.55160657896
1638,Collier County,FL,12,2020-07-31,355520.61705327785
1161,Marion County,FL,12,2020-07-31,176586.98112315207
3131,Saint Lucie County,FL,12,2020-07-31,234783.96278738967
2259,Escambia County,FL,12,2020-07-31,189762.91870767903
232,Leon County,FL,12,2020-07-31,212183.7700976577
1509,Alachua County,FL,12,2020-07-31,212554.09186182125
3128,Saint Johns County,FL,12,2020-07-31,327688.9087396614
118,Clay County,FL,12,2020-07-31,228630.34557155112
2460,Okaloosa County,FL,12,2020-07-31,255221.05810422616
2341,Hernando County,FL,12,2020-07-31,191328.43345861463
2650,Charlotte County,FL,12,2020-07-31,226731.0088834268
3026,Santa Rosa County,FL,12,2020-07-31,234223.0720138695
67,Bay County,FL,12,2020-07-31,241117.72498488607
3168,Indian River County,FL,12,2020-07-31,246439.0935162072
1176,Martin County,FL,12,2020-07-31,291789.6531290679
938,Citrus County,FL,12,2020-07-31,173459.35778937832
1409,Sumter County,FL,12,2020-07-31,289042.808076801
1707,Flagler County,FL,12,2020-07-31,250724.64509055423
2724,Highlands County,FL,12,2020-07-31,143741.796694071
1251,Nassau County,FL,12,2020-07-31,313647.11544046324
1214,Monroe County,FL,12,2020-07-31,601320.1621347015
1468,Walton County,FL,12,2020-07-31,430345.7345312311
1338,Putnam County,FL,12,2020-07-31,141796.98557772237
2212,Columbia County,FL,12,2020-07-31,167176.9596460755
1794,Jackson County,FL,12,2020-07-31,120225.51867177444
1717,Gadsden County,FL,12,2020-07-31,127015.24513863584
2570,Suwannee County,FL,12,2020-07-31,164541.08054361417
234,Levy County,FL,12,2020-07-31,180212.9232787268
2990,Okeechobee County,FL,12,2020-07-31,165912.39104838014
1093,Hendry County,FL,12,2020-07-31,158418.34018703355
1659,De Soto County,FL,12,2020-07-31,159204.480471556
2066,Wakulla County,FL,12,2020-07-31,188623.30199011767
378,Baker County,FL,12,2020-07-31,213186.52663025525
2148,Bradford County,FL,12,2020-07-31,152270.74082928814
1076,Hardee County,FL,12,2020-07-31,130378.18530494998
3050,Washington County,FL,12,2020-07-31,143790.98342453127
1419,Taylor County,FL,12,2020-07-31,124797.22934758331
1094,Holmes County,FL,12,2020-07-31,131328.70440071556
1896,Madison County,FL,12,2020-07-31,126665.96915378713
2704,Gilchrist County,FL,12,2020-07-31,174729.5050517778
480,Dixie County,FL,12,2020-07-31,128641.28472462276
762,Union County,FL,12,2020-07-31,154833.89904662967
169,Gulf County,FL,12,2020-07-31,260699.82751391875
2735,Jefferson County,FL,12,2020-07-31,185814.0612690389
2315,Hamilton County,FL,12,2020-07-31,112076.0667308747
1571,Calhoun County,FL,12,2020-07-31,119442.35224888888
2272,Franklin County,FL,12,2020-07-31,296079.21551547915
1042,Glades County,FL,12,2020-07-31,145391.7064929007
2769,Lafayette County,FL,12,2020-07-31,145754.19706687712
1858,Liberty County,FL,12,2020-07-31,122405.41196579086
2964,Miami-Dade County,FL,12,2020-08-31,325435.7163080929
1561,Broward County,FL,12,2020-08-31,286589.55449791875
2993,Palm Beach County,FL,12,2020-08-31,305918.79206222435
3165,Hillsborough County,FL,12,2020-08-31,249108.2569036997
1287,Orange County,FL,12,2020-08-31,274885.1004696356
489,Duval County,FL,12,2020-08-31,205848.28672832888
2480,Pinellas County,FL,12,2020-08-31,258885.76402645945
80,Lee County,FL,12,2020-08-31,242735.40211876584
285,Polk County,FL,12,2020-08-31,205662.23551096977
1556,Brevard County,FL,12,2020-08-31,235009.1292378923
669,Pasco County,FL,12,2020-08-31,222467.0393093236
2063,Volusia County,FL,12,2020-08-31,222777.3941766976
2538,Seminole County,FL,12,2020-08-31,276103.93923220574
2528,Sarasota County,FL,12,2020-08-31,284689.04898330994
1916,Manatee County,FL,12,2020-08-31,285735.8580332832
1957,Osceola County,FL,12,2020-08-31,253283.79000446547
219,Lake County,FL,12,2020-08-31,249871.3943513762
1638,Collier County,FL,12,2020-08-31,356985.24501235754
1161,Marion County,FL,12,2020-08-31,178173.98031788363
3131,Saint Lucie County,FL,12,2020-08-31,236170.7256677216
2259,Escambia County,FL,12,2020-08-31,192022.22372201263
232,Leon County,FL,12,2020-08-31,213192.06218011363
1509,Alachua County,FL,12,2020-08-31,213932.80099783425
3128,Saint Johns County,FL,12,2020-08-31,329427.59198028746
118,Clay County,FL,12,2020-08-31,230223.9405625372
2460,Okaloosa County,FL,12,2020-08-31,257384.03180801857
2341,Hernando County,FL,12,2020-08-31,193290.2576981465
2650,Charlotte County,FL,12,2020-08-31,228784.83637149577
3026,Santa Rosa County,FL,12,2020-08-31,236597.8809760895
67,Bay County,FL,12,2020-08-31,242896.17920456905
3168,Indian River County,FL,12,2020-08-31,248058.5643350751
1176,Martin County,FL,12,2020-08-31,293723.68212175963
938,Citrus County,FL,12,2020-08-31,175190.03595160367
1409,Sumter County,FL,12,2020-08-31,290260.20665141364
1707,Flagler County,FL,12,2020-08-31,252545.55414773367
2724,Highlands County,FL,12,2020-08-31,144922.4066861154
1251,Nassau County,FL,12,2020-08-31,315911.7835447782
1214,Monroe County,FL,12,2020-08-31,604678.9574178235
1468,Walton County,FL,12,2020-08-31,433684.0963425861
1338,Putnam County,FL,12,2020-08-31,143952.93862828964
2212,Columbia County,FL,12,2020-08-31,169301.4827743188
1794,Jackson County,FL,12,2020-08-31,121685.77745290822
1717,Gadsden County,FL,12,2020-08-31,128457.95079748733
2570,Suwannee County,FL,12,2020-08-31,167279.96765040528
234,Levy County,FL,12,2020-08-31,181004.7486390283
2990,Okeechobee County,FL,12,2020-08-31,167436.00989507735
1093,Hendry County,FL,12,2020-08-31,160000.92855538873
1659,De Soto County,FL,12,2020-08-31,160735.85085752702
2066,Wakulla County,FL,12,2020-08-31,190434.38115910423
378,Baker County,FL,12,2020-08-31,214954.79943265955
2148,Bradford County,FL,12,2020-08-31,153986.43059231664
1076,Hardee County,FL,12,2020-08-31,131984.5143033462
3050,Washington County,FL,12,2020-08-31,145937.052105017
1419,Taylor County,FL,12,2020-08-31,125952.2368909995
1094,Holmes County,FL,12,2020-08-31,133272.26369214104
1896,Madison County,FL,12,2020-08-31,128403.00630365445
2704,Gilchrist County,FL,12,2020-08-31,176663.2087065177
480,Dixie County,FL,12,2020-08-31,130857.3300548563
762,Union County,FL,12,2020-08-31,156758.61003988987
169,Gulf County,FL,12,2020-08-31,262269.8389508233
2735,Jefferson County,FL,12,2020-08-31,187042.256371015
2315,Hamilton County,FL,12,2020-08-31,113898.1741398765
1571,Calhoun County,FL,12,2020-08-31,121624.60702157034
2272,Franklin County,FL,12,2020-08-31,300045.801793236
1042,Glades County,FL,12,2020-08-31,147029.67834288112
2769,Lafayette County,FL,12,2020-08-31,147632.0869111074
1858,Liberty County,FL,12,2020-08-31,124179.33024488052
2964,Miami-Dade County,FL,12,2020-09-30,327831.3208687385
1561,Broward County,FL,12,2020-09-30,289101.2444638578
2993,Palm Beach County,FL,12,2020-09-30,308881.0732228007
3165,Hillsborough County,FL,12,2020-09-30,251771.6488039254
1287,Orange County,FL,12,2020-09-30,277103.0333712792
489,Duval County,FL,12,2020-09-30,207748.2729464113
2480,Pinellas County,FL,12,2020-09-30,261636.6873898533
80,Lee County,FL,12,2020-09-30,245473.7422321972
285,Polk County,FL,12,2020-09-30,208035.09924517176
1556,Brevard County,FL,12,2020-09-30,237730.7350272544
669,Pasco County,FL,12,2020-09-30,225356.27512752323
2063,Volusia County,FL,12,2020-09-30,225271.8879379172
2538,Seminole County,FL,12,2020-09-30,278739.087689622
2528,Sarasota County,FL,12,2020-09-30,287707.1362668526
1916,Manatee County,FL,12,2020-09-30,288567.57625965495
1957,Osceola County,FL,12,2020-09-30,255248.01299857243
219,Lake County,FL,12,2020-09-30,252463.09819409208
1638,Collier County,FL,12,2020-09-30,360318.6818299349
1161,Marion County,FL,12,2020-09-30,180377.6388755245
3131,Saint Lucie County,FL,12,2020-09-30,238437.1382015593
2259,Escambia County,FL,12,2020-09-30,194831.3695508668
232,Leon County,FL,12,2020-09-30,215028.91245376365
1509,Alachua County,FL,12,2020-09-30,216291.69385044675
3128,Saint Johns County,FL,12,2020-09-30,332307.4956713726
118,Clay County,FL,12,2020-09-30,232737.3615963233
2460,Okaloosa County,FL,12,2020-09-30,260358.4109459184
2341,Hernando County,FL,12,2020-09-30,195768.7429380892
2650,Charlotte County,FL,12,2020-09-30,231770.56715967724
3026,Santa Rosa County,FL,12,2020-09-30,239719.2788402569
67,Bay County,FL,12,2020-09-30,245242.0006008998
3168,Indian River County,FL,12,2020-09-30,250395.30423623143
1176,Martin County,FL,12,2020-09-30,297038.987755508
938,Citrus County,FL,12,2020-09-30,177803.77481009383
1409,Sumter County,FL,12,2020-09-30,292094.7680225093
1707,Flagler County,FL,12,2020-09-30,255441.9304739149
2724,Highlands County,FL,12,2020-09-30,146649.94553513825
1251,Nassau County,FL,12,2020-09-30,319511.66626393795
1214,Monroe County,FL,12,2020-09-30,610523.037252235
1468,Walton County,FL,12,2020-09-30,438617.69000123086
1338,Putnam County,FL,12,2020-09-30,146855.0765642186
2212,Columbia County,FL,12,2020-09-30,172413.23406735182
1794,Jackson County,FL,12,2020-09-30,123630.1862245612
1717,Gadsden County,FL,12,2020-09-30,130578.8101384089
2570,Suwannee County,FL,12,2020-09-30,171153.74170782385
234,Levy County,FL,12,2020-09-30,182994.0217423481
2990,Okeechobee County,FL,12,2020-09-30,169543.63578739765
1093,Hendry County,FL,12,2020-09-30,162685.34135359875
1659,De Soto County,FL,12,2020-09-30,163487.61462824015
2066,Wakulla County,FL,12,2020-09-30,192856.94960900105
378,Baker County,FL,12,2020-09-30,217540.71758189777
2148,Bradford County,FL,12,2020-09-30,156294.76334681726
1076,Hardee County,FL,12,2020-09-30,134477.97560135016
3050,Washington County,FL,12,2020-09-30,148410.7843105196
1419,Taylor County,FL,12,2020-09-30,128415.75745836456
1094,Holmes County,FL,12,2020-09-30,136455.65183404376
1896,Madison County,FL,12,2020-09-30,131067.6754944907
2704,Gilchrist County,FL,12,2020-09-30,179487.14490650906
480,Dixie County,FL,12,2020-09-30,133838.88558530118
762,Union County,FL,12,2020-09-30,159292.85896756788
169,Gulf County,FL,12,2020-09-30,265491.7222671695
2735,Jefferson County,FL,12,2020-09-30,189914.34755543896
2315,Hamilton County,FL,12,2020-09-30,116465.96718961812
1571,Calhoun County,FL,12,2020-09-30,124770.58902831563
2272,Franklin County,FL,12,2020-09-30,304802.753882512
1042,Glades County,FL,12,2020-09-30,149638.57471535602
2769,Lafayette County,FL,12,2020-09-30,150296.4134314514
1858,Liberty County,FL,12,2020-09-30,126576.5588069954
2964,Miami-Dade County,FL,12,2020-10-31,331048.7233832725
1561,Broward County,FL,12,2020-10-31,292044.3889490889
2993,Palm Beach County,FL,12,2020-10-31,312392.50921942195
3165,Hillsborough County,FL,12,2020-10-31,254905.61953870687
1287,Orange County,FL,12,2020-10-31,279720.4604162169
489,Duval County,FL,12,2020-10-31,210112.50945950337
2480,Pinellas County,FL,12,2020-10-31,264766.6582133028
80,Lee County,FL,12,2020-10-31,248711.1415363713
285,Polk County,FL,12,2020-10-31,210665.39293720308
1556,Brevard County,FL,12,2020-10-31,240864.3642035589
669,Pasco County,FL,12,2020-10-31,228603.3230433948
2063,Volusia County,FL,12,2020-10-31,228160.5950595901
2538,Seminole County,FL,12,2020-10-31,281951.88664255675
2528,Sarasota County,FL,12,2020-10-31,291356.69046992995
1916,Manatee County,FL,12,2020-10-31,292147.3248135981
1957,Osceola County,FL,12,2020-10-31,257600.1812439581
219,Lake County,FL,12,2020-10-31,255344.79976455425
1638,Collier County,FL,12,2020-10-31,364643.7156360882
1161,Marion County,FL,12,2020-10-31,182930.537127574
3131,Saint Lucie County,FL,12,2020-10-31,241246.9792836489
2259,Escambia County,FL,12,2020-10-31,197796.7986407284
232,Leon County,FL,12,2020-10-31,217339.26310435127
1509,Alachua County,FL,12,2020-10-31,219191.02056036968
3128,Saint Johns County,FL,12,2020-10-31,335898.00886091846
118,Clay County,FL,12,2020-10-31,235601.75137904123
2460,Okaloosa County,FL,12,2020-10-31,263927.49034736486
2341,Hernando County,FL,12,2020-10-31,198704.72116014943
2650,Charlotte County,FL,12,2020-10-31,235071.9505863928
3026,Santa Rosa County,FL,12,2020-10-31,243302.4917004232
67,Bay County,FL,12,2020-10-31,248053.9144897313
3168,Indian River County,FL,12,2020-10-31,253180.72540004668
1176,Martin County,FL,12,2020-10-31,301202.7672600288
938,Citrus County,FL,12,2020-10-31,181016.01644552243
1409,Sumter County,FL,12,2020-10-31,293862.2202123276
1707,Flagler County,FL,12,2020-10-31,258874.83355362984
2724,Highlands County,FL,12,2020-10-31,148679.59700261548
1251,Nassau County,FL,12,2020-10-31,323292.3482180968
1214,Monroe County,FL,12,2020-10-31,618591.3452512007
1468,Walton County,FL,12,2020-10-31,445193.95397147565
1338,Putnam County,FL,12,2020-10-31,149542.08293312122
2212,Columbia County,FL,12,2020-10-31,175645.2149103248
1794,Jackson County,FL,12,2020-10-31,125680.4956198563
1717,Gadsden County,FL,12,2020-10-31,132904.10273956042
2570,Suwannee County,FL,12,2020-10-31,175030.72036633408
234,Levy County,FL,12,2020-10-31,185581.0555271725
2990,Okeechobee County,FL,12,2020-10-31,171904.14636157174
1093,Hendry County,FL,12,2020-10-31,165896.5275959207
1659,De Soto County,FL,12,2020-10-31,166456.69352569952
2066,Wakulla County,FL,12,2020-10-31,195559.3141072052
378,Baker County,FL,12,2020-10-31,220189.2882953305
2148,Bradford County,FL,12,2020-10-31,158779.83939598
1076,Hardee County,FL,12,2020-10-31,137303.10097192638
3050,Washington County,FL,12,2020-10-31,151194.24779494546
1419,Taylor County,FL,12,2020-10-31,131293.53662235106
1094,Holmes County,FL,12,2020-10-31,139524.81177121753
1896,Madison County,FL,12,2020-10-31,133720.0549682814
2704,Gilchrist County,FL,12,2020-10-31,182837.73225103613
480,Dixie County,FL,12,2020-10-31,136599.81377051616
762,Union County,FL,12,2020-10-31,162027.73147168066
169,Gulf County,FL,12,2020-10-31,268692.0857835169
2735,Jefferson County,FL,12,2020-10-31,194127.3957569353
2315,Hamilton County,FL,12,2020-10-31,119165.62661671489
1571,Calhoun County,FL,12,2020-10-31,128246.5261361322
2272,Franklin County,FL,12,2020-10-31,309794.0792870019
1042,Glades County,FL,12,2020-10-31,152500.925444837
2769,Lafayette County,FL,12,2020-10-31,153124.93220160474
1858,Liberty County,FL,12,2020-10-31,128551.14931378148
2964,Miami-Dade County,FL,12,2020-11-30,334959.8226423706
1561,Broward County,FL,12,2020-11-30,295876.6008807358
2993,Palm Beach County,FL,12,2020-11-30,316471.5560567529
3165,Hillsborough County,FL,12,2020-11-30,258542.9673090896
1287,Orange County,FL,12,2020-11-30,282812.0122539985
489,Duval County,FL,12,2020-11-30,212971.5170562965
2480,Pinellas County,FL,12,2020-11-30,268649.0094723157
80,Lee County,FL,12,2020-11-30,252316.4113965635
285,Polk County,FL,12,2020-11-30,213605.33098923689
1556,Brevard County,FL,12,2020-11-30,244666.429171656
669,Pasco County,FL,12,2020-11-30,232286.3999076616
2063,Volusia County,FL,12,2020-11-30,231623.3621648709
2538,Seminole County,FL,12,2020-11-30,285399.1788636784
2528,Sarasota County,FL,12,2020-11-30,295796.7553510579
1916,Manatee County,FL,12,2020-11-30,296375.64320444665
1957,Osceola County,FL,12,2020-11-30,260172.15259506783
219,Lake County,FL,12,2020-11-30,258450.1117116217
1638,Collier County,FL,12,2020-11-30,369840.1186940445
1161,Marion County,FL,12,2020-11-30,185880.2921167158
3131,Saint Lucie County,FL,12,2020-11-30,244766.98021559537
2259,Escambia County,FL,12,2020-11-30,200864.43387602747
232,Leon County,FL,12,2020-11-30,219770.83976476785
1509,Alachua County,FL,12,2020-11-30,222508.71629995163
3128,Saint Johns County,FL,12,2020-11-30,340232.2520261674
118,Clay County,FL,12,2020-11-30,238602.7686134623
2460,Okaloosa County,FL,12,2020-11-30,268060.3704270568
2341,Hernando County,FL,12,2020-11-30,202174.8664481289
2650,Charlotte County,FL,12,2020-11-30,238695.5006774407
3026,Santa Rosa County,FL,12,2020-11-30,247525.2012715721
67,Bay County,FL,12,2020-11-30,251162.18800682493
3168,Indian River County,FL,12,2020-11-30,256485.82846790607
1176,Martin County,FL,12,2020-11-30,305913.93615410983
938,Citrus County,FL,12,2020-11-30,184639.4122490266
1409,Sumter County,FL,12,2020-11-30,295881.6541696586
1707,Flagler County,FL,12,2020-11-30,262698.78403774847
2724,Highlands County,FL,12,2020-11-30,150989.84423288345
1251,Nassau County,FL,12,2020-11-30,327398.7030193775
1214,Monroe County,FL,12,2020-11-30,629587.7471704324
1468,Walton County,FL,12,2020-11-30,453689.2999732751
1338,Putnam County,FL,12,2020-11-30,151668.15316423934
2212,Columbia County,FL,12,2020-11-30,178875.09040000034
1794,Jackson County,FL,12,2020-11-30,127881.92356926193
1717,Gadsden County,FL,12,2020-11-30,135425.1078721913
2570,Suwannee County,FL,12,2020-11-30,178735.1214016015
234,Levy County,FL,12,2020-11-30,188435.3800397688
2990,Okeechobee County,FL,12,2020-11-30,174215.3608093816
1093,Hendry County,FL,12,2020-11-30,169429.7260244889
1659,De Soto County,FL,12,2020-11-30,169616.63364440762
2066,Wakulla County,FL,12,2020-11-30,198772.24523258168
378,Baker County,FL,12,2020-11-30,223233.13231004463
2148,Bradford County,FL,12,2020-11-30,161478.78367495374
1076,Hardee County,FL,12,2020-11-30,139900.85217158785
3050,Washington County,FL,12,2020-11-30,154024.4619531003
1419,Taylor County,FL,12,2020-11-30,134090.01794889537
1094,Holmes County,FL,12,2020-11-30,142238.86594829903
1896,Madison County,FL,12,2020-11-30,136128.5777957733
2704,Gilchrist County,FL,12,2020-11-30,186266.74899236576
480,Dixie County,FL,12,2020-11-30,138708.79538440265
762,Union County,FL,12,2020-11-30,163603.0466287757
169,Gulf County,FL,12,2020-11-30,271647.3382879279
2735,Jefferson County,FL,12,2020-11-30,198501.30337568893
2315,Hamilton County,FL,12,2020-11-30,121887.35400112212
1571,Calhoun County,FL,12,2020-11-30,132082.85813867327
2272,Franklin County,FL,12,2020-11-30,314933.69716981746
1042,Glades County,FL,12,2020-11-30,155373.17432966456
2769,Lafayette County,FL,12,2020-11-30,155610.81257860616
1858,Liberty County,FL,12,2020-11-30,130391.530101602
2964,Miami-Dade County,FL,12,2020-12-31,339061.2541145328
1561,Broward County,FL,12,2020-12-31,299838.0064039314
2993,Palm Beach County,FL,12,2020-12-31,320497.76130133093
3165,Hillsborough County,FL,12,2020-12-31,262361.64963355125
1287,Orange County,FL,12,2020-12-31,285899.473371967
489,Duval County,FL,12,2020-12-31,215759.8731667233
2480,Pinellas County,FL,12,2020-12-31,272322.0114236891
80,Lee County,FL,12,2020-12-31,255800.6278858933
285,Polk County,FL,12,2020-12-31,216318.13974522508
1556,Brevard County,FL,12,2020-12-31,248561.8878846829
669,Pasco County,FL,12,2020-12-31,235973.82540149213
2063,Volusia County,FL,12,2020-12-31,234944.73697178427
2538,Seminole County,FL,12,2020-12-31,288725.51566254493
2528,Sarasota County,FL,12,2020-12-31,300182.849320966
1916,Manatee County,FL,12,2020-12-31,300536.26067994
1957,Osceola County,FL,12,2020-12-31,262589.5960025864
219,Lake County,FL,12,2020-12-31,261235.83677593383
1638,Collier County,FL,12,2020-12-31,375153.6033310602
1161,Marion County,FL,12,2020-12-31,188749.6603840864
3131,Saint Lucie County,FL,12,2020-12-31,248643.9704098296
2259,Escambia County,FL,12,2020-12-31,203619.42791889643
232,Leon County,FL,12,2020-12-31,221670.0572407335
1509,Alachua County,FL,12,2020-12-31,225655.1464334138
3128,Saint Johns County,FL,12,2020-12-31,344862.0098529034
118,Clay County,FL,12,2020-12-31,241435.42501446084
2460,Okaloosa County,FL,12,2020-12-31,272093.4911516915
2341,Hernando County,FL,12,2020-12-31,205725.0800484316
2650,Charlotte County,FL,12,2020-12-31,242426.99646918965
3026,Santa Rosa County,FL,12,2020-12-31,251845.35030172105
67,Bay County,FL,12,2020-12-31,254220.1398127074
3168,Indian River County,FL,12,2020-12-31,260076.3057318605
1176,Martin County,FL,12,2020-12-31,310435.13688666973
938,Citrus County,FL,12,2020-12-31,188321.77829685705
1409,Sumter County,FL,12,2020-12-31,296973.67529531586
1707,Flagler County,FL,12,2020-12-31,266428.1724999459
2724,Highlands County,FL,12,2020-12-31,153160.82606068716
1251,Nassau County,FL,12,2020-12-31,331838.5120694497
1214,Monroe County,FL,12,2020-12-31,641146.6574369407
1468,Walton County,FL,12,2020-12-31,462621.3863238157
1338,Putnam County,FL,12,2020-12-31,153324.27048012606
2212,Columbia County,FL,12,2020-12-31,181516.70786858056
1794,Jackson County,FL,12,2020-12-31,130193.27660628397
1717,Gadsden County,FL,12,2020-12-31,137617.3723177436
2570,Suwannee County,FL,12,2020-12-31,181445.9578998125
234,Levy County,FL,12,2020-12-31,191200.47058395107
2990,Okeechobee County,FL,12,2020-12-31,176563.37791953536
1093,Hendry County,FL,12,2020-12-31,172741.0272269506
1659,De Soto County,FL,12,2020-12-31,172534.70050805478
2066,Wakulla County,FL,12,2020-12-31,201769.180951098
378,Baker County,FL,12,2020-12-31,226367.6265020806
2148,Bradford County,FL,12,2020-12-31,163844.9377311536
1076,Hardee County,FL,12,2020-12-31,142139.65333647988
3050,Washington County,FL,12,2020-12-31,156579.61544894302
1419,Taylor County,FL,12,2020-12-31,136094.39824789553
1094,Holmes County,FL,12,2020-12-31,144350.80907691832
1896,Madison County,FL,12,2020-12-31,137818.72404002704
2704,Gilchrist County,FL,12,2020-12-31,189667.3794091448
480,Dixie County,FL,12,2020-12-31,139840.66254577515
762,Union County,FL,12,2020-12-31,164220.35856209957
169,Gulf County,FL,12,2020-12-31,274381.7856695522
2735,Jefferson County,FL,12,2020-12-31,201610.99657097887
2315,Hamilton County,FL,12,2020-12-31,124360.12998608878
1571,Calhoun County,FL,12,2020-12-31,135549.44042282036
2272,Franklin County,FL,12,2020-12-31,319775.4957059013
1042,Glades County,FL,12,2020-12-31,158050.05584038922
2769,Lafayette County,FL,12,2020-12-31,157727.37170665295
1858,Liberty County,FL,12,2020-12-31,131719.70666259286
2964,Miami-Dade County,FL,12,2021-01-31,343191.99311263947
1561,Broward County,FL,12,2021-01-31,303880.88679362606
2993,Palm Beach County,FL,12,2021-01-31,324677.03351575456
3165,Hillsborough County,FL,12,2021-01-31,266551.5140738431
1287,Orange County,FL,12,2021-01-31,289102.22396758985
489,Duval County,FL,12,2021-01-31,218974.8122259073
2480,Pinellas County,FL,12,2021-01-31,276531.6537361325
80,Lee County,FL,12,2021-01-31,259206.88117277843
285,Polk County,FL,12,2021-01-31,219289.3526440432
1556,Brevard County,FL,12,2021-01-31,252648.189736196
669,Pasco County,FL,12,2021-01-31,239612.63334858025
2063,Volusia County,FL,12,2021-01-31,238239.22182973285
2538,Seminole County,FL,12,2021-01-31,292242.3470933028
2528,Sarasota County,FL,12,2021-01-31,304817.8862519479
1916,Manatee County,FL,12,2021-01-31,304543.3031531207
1957,Osceola County,FL,12,2021-01-31,265291.1672853006
219,Lake County,FL,12,2021-01-31,263970.04398997594
1638,Collier County,FL,12,2021-01-31,380265.5495568357
1161,Marion County,FL,12,2021-01-31,191486.67678924548
3131,Saint Lucie County,FL,12,2021-01-31,252923.73033900865
2259,Escambia County,FL,12,2021-01-31,206579.23166049545
232,Leon County,FL,12,2021-01-31,223281.1838918321
1509,Alachua County,FL,12,2021-01-31,228694.5095914661
3128,Saint Johns County,FL,12,2021-01-31,350137.8014242254
118,Clay County,FL,12,2021-01-31,244436.38308839523
2460,Okaloosa County,FL,12,2021-01-31,276027.2008226965
2341,Hernando County,FL,12,2021-01-31,209542.7445179606
2650,Charlotte County,FL,12,2021-01-31,245987.94901544365
3026,Santa Rosa County,FL,12,2021-01-31,256447.6347738932
67,Bay County,FL,12,2021-01-31,257781.0826941368
3168,Indian River County,FL,12,2021-01-31,263406.1843708648
1176,Martin County,FL,12,2021-01-31,314774.9793934725
938,Citrus County,FL,12,2021-01-31,191776.5643838244
1409,Sumter County,FL,12,2021-01-31,297631.2491508973
1707,Flagler County,FL,12,2021-01-31,270400.72970921145
2724,Highlands County,FL,12,2021-01-31,155123.80300363593
1251,Nassau County,FL,12,2021-01-31,337203.48962126137
1214,Monroe County,FL,12,2021-01-31,651822.1060801389
1468,Walton County,FL,12,2021-01-31,472145.3282509365
1338,Putnam County,FL,12,2021-01-31,155353.5150617895
2212,Columbia County,FL,12,2021-01-31,184003.7355827436
1794,Jackson County,FL,12,2021-01-31,132439.59581563575
1717,Gadsden County,FL,12,2021-01-31,139158.2606055129
2570,Suwannee County,FL,12,2021-01-31,183469.37097356576
234,Levy County,FL,12,2021-01-31,194382.66959990188
2990,Okeechobee County,FL,12,2021-01-31,178830.92093784394
1093,Hendry County,FL,12,2021-01-31,175923.49253779525
1659,De Soto County,FL,12,2021-01-31,175376.10421030477
2066,Wakulla County,FL,12,2021-01-31,204507.13113112023
378,Baker County,FL,12,2021-01-31,229826.32496762485
2148,Bradford County,FL,12,2021-01-31,165856.04298860556
1076,Hardee County,FL,12,2021-01-31,144098.06588479926
3050,Washington County,FL,12,2021-01-31,159226.89873427607
1419,Taylor County,FL,12,2021-01-31,137698.116867754
1094,Holmes County,FL,12,2021-01-31,146222.80880132524
1896,Madison County,FL,12,2021-01-31,139499.6002245778
2704,Gilchrist County,FL,12,2021-01-31,193179.0392818124
480,Dixie County,FL,12,2021-01-31,141199.3672303457
762,Union County,FL,12,2021-01-31,165010.35550380033
169,Gulf County,FL,12,2021-01-31,278256.6001125348
2735,Jefferson County,FL,12,2021-01-31,203127.18515342707
2315,Hamilton County,FL,12,2021-01-31,126758.11587836104
1571,Calhoun County,FL,12,2021-01-31,139156.2873487583
2272,Franklin County,FL,12,2021-01-31,324385.69245635084
1042,Glades County,FL,12,2021-01-31,160743.3210484978
2769,Lafayette County,FL,12,2021-01-31,160394.89172809754
1858,Liberty County,FL,12,2021-01-31,133557.5021592479
2964,Miami-Dade County,FL,12,2021-02-28,347299.6522258553
1561,Broward County,FL,12,2021-02-28,307498.9491532715
2993,Palm Beach County,FL,12,2021-02-28,328648.767578918
3165,Hillsborough County,FL,12,2021-02-28,271109.92194305727
1287,Orange County,FL,12,2021-02-28,292316.46601749834
489,Duval County,FL,12,2021-02-28,222551.5002944689
2480,Pinellas County,FL,12,2021-02-28,281112.71185108845
80,Lee County,FL,12,2021-02-28,262274.09376563854
285,Polk County,FL,12,2021-02-28,222304.06782075868
1556,Brevard County,FL,12,2021-02-28,256571.2491053882
669,Pasco County,FL,12,2021-02-28,243295.95259853665
2063,Volusia County,FL,12,2021-02-28,241494.7525163551
2538,Seminole County,FL,12,2021-02-28,296017.9854824212
2528,Sarasota County,FL,12,2021-02-28,309543.84780751914
1916,Manatee County,FL,12,2021-02-28,308430.94889578887
1957,Osceola County,FL,12,2021-02-28,268079.84502087167
219,Lake County,FL,12,2021-02-28,266668.97882684204
1638,Collier County,FL,12,2021-02-28,384767.7318135292
1161,Marion County,FL,12,2021-02-28,193968.0127289577
3131,Saint Lucie County,FL,12,2021-02-28,257157.65437386805
2259,Escambia County,FL,12,2021-02-28,209369.18913947025
232,Leon County,FL,12,2021-02-28,224921.4044105125
1509,Alachua County,FL,12,2021-02-28,231677.93599310904
3128,Saint Johns County,FL,12,2021-02-28,355625.39818498626
118,Clay County,FL,12,2021-02-28,247616.96621126155
2460,Okaloosa County,FL,12,2021-02-28,279914.8397652818
2341,Hernando County,FL,12,2021-02-28,213354.34222092424
2650,Charlotte County,FL,12,2021-02-28,249457.0483810158
3026,Santa Rosa County,FL,12,2021-02-28,260811.8388312035
67,Bay County,FL,12,2021-02-28,261662.4720073439
3168,Indian River County,FL,12,2021-02-28,266555.2001897843
1176,Martin County,FL,12,2021-02-28,318995.69032465026
938,Citrus County,FL,12,2021-02-28,194931.8400074139
1409,Sumter County,FL,12,2021-02-28,297442.3388562862
1707,Flagler County,FL,12,2021-02-28,274640.1181007013
2724,Highlands County,FL,12,2021-02-28,156996.56335443768
1251,Nassau County,FL,12,2021-02-28,343057.82666202326
1214,Monroe County,FL,12,2021-02-28,660476.770776912
1468,Walton County,FL,12,2021-02-28,481955.3437674945
1338,Putnam County,FL,12,2021-02-28,157976.78166724535
2212,Columbia County,FL,12,2021-02-28,186492.68647717056
1794,Jackson County,FL,12,2021-02-28,135153.60961905718
1717,Gadsden County,FL,12,2021-02-28,140863.6250918828
2570,Suwannee County,FL,12,2021-02-28,185549.71270920173
234,Levy County,FL,12,2021-02-28,197761.7338472077
2990,Okeechobee County,FL,12,2021-02-28,181069.52808992387
1093,Hendry County,FL,12,2021-02-28,178895.15903259546
1659,De Soto County,FL,12,2021-02-28,178249.6538245737
2066,Wakulla County,FL,12,2021-02-28,206923.4449583112
378,Baker County,FL,12,2021-02-28,233369.31599377035
2148,Bradford County,FL,12,2021-02-28,167806.85730993582
1076,Hardee County,FL,12,2021-02-28,146237.39833603817
3050,Washington County,FL,12,2021-02-28,162456.34742126273
1419,Taylor County,FL,12,2021-02-28,139178.8294886139
1094,Holmes County,FL,12,2021-02-28,147808.62703922344
1896,Madison County,FL,12,2021-02-28,141384.61847114644
2704,Gilchrist County,FL,12,2021-02-28,197459.53504821184
480,Dixie County,FL,12,2021-02-28,143441.6124732139
762,Union County,FL,12,2021-02-28,166591.02079893966
169,Gulf County,FL,12,2021-02-28,283293.37275829166
2735,Jefferson County,FL,12,2021-02-28,204502.9089000868
2315,Hamilton County,FL,12,2021-02-28,129523.44025027077
1571,Calhoun County,FL,12,2021-02-28,142758.27771652266
2272,Franklin County,FL,12,2021-02-28,328839.08421312313
1042,Glades County,FL,12,2021-02-28,163469.41913472125
2769,Lafayette County,FL,12,2021-02-28,164054.59094272865
1858,Liberty County,FL,12,2021-02-28,136058.14426925106
2964,Miami-Dade County,FL,12,2021-03-31,351580.8201499139
1561,Broward County,FL,12,2021-03-31,311003.1652592059
2993,Palm Beach County,FL,12,2021-03-31,332908.1166555221
3165,Hillsborough County,FL,12,2021-03-31,276167.47014404624
1287,Orange County,FL,12,2021-03-31,295852.55317619577
489,Duval County,FL,12,2021-03-31,226606.44299373
2480,Pinellas County,FL,12,2021-03-31,286278.0485242942
80,Lee County,FL,12,2021-03-31,265991.415359491
285,Polk County,FL,12,2021-03-31,225681.3688457288
1556,Brevard County,FL,12,2021-03-31,260643.8075027113
669,Pasco County,FL,12,2021-03-31,247276.0420992304
2063,Volusia County,FL,12,2021-03-31,245040.13863745192
2538,Seminole County,FL,12,2021-03-31,300064.23699379124
2528,Sarasota County,FL,12,2021-03-31,314810.1009212361
1916,Manatee County,FL,12,2021-03-31,312820.05349229724
1957,Osceola County,FL,12,2021-03-31,271237.4475578827
219,Lake County,FL,12,2021-03-31,269761.05554964923
1638,Collier County,FL,12,2021-03-31,389357.5570919368
1161,Marion County,FL,12,2021-03-31,196593.9644242055
3131,Saint Lucie County,FL,12,2021-03-31,261441.20868869603
2259,Escambia County,FL,12,2021-03-31,212005.97688840888
232,Leon County,FL,12,2021-03-31,226579.96578336423
1509,Alachua County,FL,12,2021-03-31,234483.73764201472
3128,Saint Johns County,FL,12,2021-03-31,361412.6937142629
118,Clay County,FL,12,2021-03-31,251071.7819752992
2460,Okaloosa County,FL,12,2021-03-31,283744.38131755235
2341,Hernando County,FL,12,2021-03-31,217421.75395804903
2650,Charlotte County,FL,12,2021-03-31,252982.14166612583
3026,Santa Rosa County,FL,12,2021-03-31,265090.9504811285
67,Bay County,FL,12,2021-03-31,265690.0883725683
3168,Indian River County,FL,12,2021-03-31,269559.4790429233
1176,Martin County,FL,12,2021-03-31,323574.40635586367
938,Citrus County,FL,12,2021-03-31,198265.52916742789
1409,Sumter County,FL,12,2021-03-31,297434.0784350796
1707,Flagler County,FL,12,2021-03-31,279432.8883544758
2724,Highlands County,FL,12,2021-03-31,159143.9230338741
1251,Nassau County,FL,12,2021-03-31,348420.2039539824
1214,Monroe County,FL,12,2021-03-31,669571.6412031269
1468,Walton County,FL,12,2021-03-31,492982.228806583
1338,Putnam County,FL,12,2021-03-31,161354.13834488287
2212,Columbia County,FL,12,2021-03-31,189155.0007330594
1794,Jackson County,FL,12,2021-03-31,138170.2122453932
1717,Gadsden County,FL,12,2021-03-31,142455.2940511017
2570,Suwannee County,FL,12,2021-03-31,188150.6194431874
234,Levy County,FL,12,2021-03-31,201152.37239152065
2990,Okeechobee County,FL,12,2021-03-31,183287.6923469908
1093,Hendry County,FL,12,2021-03-31,181695.42768319728
1659,De Soto County,FL,12,2021-03-31,181017.2954451789
2066,Wakulla County,FL,12,2021-03-31,209348.4229513852
378,Baker County,FL,12,2021-03-31,236625.1125261536
2148,Bradford County,FL,12,2021-03-31,170631.30182918653
1076,Hardee County,FL,12,2021-03-31,148422.10088491606
3050,Washington County,FL,12,2021-03-31,166127.88511665518
1419,Taylor County,FL,12,2021-03-31,140877.5784834964
1094,Holmes County,FL,12,2021-03-31,149567.2378507425
1896,Madison County,FL,12,2021-03-31,143729.93948363175
2704,Gilchrist County,FL,12,2021-03-31,201568.68838622893
480,Dixie County,FL,12,2021-03-31,146839.25379449187
762,Union County,FL,12,2021-03-31,168550.50772030244
169,Gulf County,FL,12,2021-03-31,289062.9212491145
2735,Jefferson County,FL,12,2021-03-31,206623.13201880525
2315,Hamilton County,FL,12,2021-03-31,132194.81488943254
1571,Calhoun County,FL,12,2021-03-31,146178.09802651883
2272,Franklin County,FL,12,2021-03-31,333504.08665802394
1042,Glades County,FL,12,2021-03-31,166417.45443218507
2769,Lafayette County,FL,12,2021-03-31,167919.33785243865
1858,Liberty County,FL,12,2021-03-31,139395.19654149082
2964,Miami-Dade County,FL,12,2021-04-30,356064.8955469413
1561,Broward County,FL,12,2021-04-30,314571.31467385724
2993,Palm Beach County,FL,12,2021-04-30,337817.4790805721
3165,Hillsborough County,FL,12,2021-04-30,281455.84194935736
1287,Orange County,FL,12,2021-04-30,299720.4580786555
489,Duval County,FL,12,2021-04-30,230607.37773513104
2480,Pinellas County,FL,12,2021-04-30,291558.5036640198
80,Lee County,FL,12,2021-04-30,270973.124780935
285,Polk County,FL,12,2021-04-30,229043.04753623848
1556,Brevard County,FL,12,2021-04-30,264826.43929373
669,Pasco County,FL,12,2021-04-30,251974.0924276889
2063,Volusia County,FL,12,2021-04-30,249155.2394136224
2538,Seminole County,FL,12,2021-04-30,304242.5021376682
2528,Sarasota County,FL,12,2021-04-30,320861.5180310618
1916,Manatee County,FL,12,2021-04-30,318261.9127363278
1957,Osceola County,FL,12,2021-04-30,274768.92999369587
219,Lake County,FL,12,2021-04-30,273390.990505226
1638,Collier County,FL,12,2021-04-30,395487.6272115664
1161,Marion County,FL,12,2021-04-30,199640.0408557588
3131,Saint Lucie County,FL,12,2021-04-30,266256.26979584346
2259,Escambia County,FL,12,2021-04-30,214646.70119011623
232,Leon County,FL,12,2021-04-30,228592.5555685144
1509,Alachua County,FL,12,2021-04-30,237343.5326649247
3128,Saint Johns County,FL,12,2021-04-30,367801.1590970767
118,Clay County,FL,12,2021-04-30,255089.28553066627
2460,Okaloosa County,FL,12,2021-04-30,287866.9195932072
2341,Hernando County,FL,12,2021-04-30,221857.1060341233
2650,Charlotte County,FL,12,2021-04-30,257572.5426732508
3026,Santa Rosa County,FL,12,2021-04-30,269437.17466538394
67,Bay County,FL,12,2021-04-30,269230.5652917289
3168,Indian River County,FL,12,2021-04-30,273146.76428822085
1176,Martin County,FL,12,2021-04-30,329232.06189994724
938,Citrus County,FL,12,2021-04-30,202353.09723751605
1409,Sumter County,FL,12,2021-04-30,298416.0629402336
1707,Flagler County,FL,12,2021-04-30,284748.6856208719
2724,Highlands County,FL,12,2021-04-30,161826.05285039506
1251,Nassau County,FL,12,2021-04-30,353980.93712633103
1214,Monroe County,FL,12,2021-04-30,681798.8052174208
1468,Walton County,FL,12,2021-04-30,505274.789206604
1338,Putnam County,FL,12,2021-04-30,164682.78893477525
2212,Columbia County,FL,12,2021-04-30,192029.41114480144
1794,Jackson County,FL,12,2021-04-30,141047.75064047033
1717,Gadsden County,FL,12,2021-04-30,144153.9244268463
2570,Suwannee County,FL,12,2021-04-30,191708.06467835847
234,Levy County,FL,12,2021-04-30,204829.81645097045
2990,Okeechobee County,FL,12,2021-04-30,186038.0858660921
1093,Hendry County,FL,12,2021-04-30,184260.7719103488
1659,De Soto County,FL,12,2021-04-30,183703.7740053477
2066,Wakulla County,FL,12,2021-04-30,212002.11809242025
378,Baker County,FL,12,2021-04-30,239966.81756529768
2148,Bradford County,FL,12,2021-04-30,173953.85849060692
1076,Hardee County,FL,12,2021-04-30,150656.4981612574
3050,Washington County,FL,12,2021-04-30,169722.988809598
1419,Taylor County,FL,12,2021-04-30,142855.39612604954
1094,Holmes County,FL,12,2021-04-30,151636.63712089954
1896,Madison County,FL,12,2021-04-30,146435.42346705197
2704,Gilchrist County,FL,12,2021-04-30,205869.2038533809
480,Dixie County,FL,12,2021-04-30,150809.55421457312
762,Union County,FL,12,2021-04-30,170876.1042942122
169,Gulf County,FL,12,2021-04-30,295420.5483626414
2735,Jefferson County,FL,12,2021-04-30,209876.31145748915
2315,Hamilton County,FL,12,2021-04-30,134926.87164025928
1571,Calhoun County,FL,12,2021-04-30,148457.1444245502
2272,Franklin County,FL,12,2021-04-30,338378.7645786297
1042,Glades County,FL,12,2021-04-30,169206.36665407955
2769,Lafayette County,FL,12,2021-04-30,171546.767740964
1858,Liberty County,FL,12,2021-04-30,142497.92554857055
2964,Miami-Dade County,FL,12,2021-05-31,361280.0406571655
1561,Broward County,FL,12,2021-05-31,318738.5373428199
2993,Palm Beach County,FL,12,2021-05-31,344069.87361221004
3165,Hillsborough County,FL,12,2021-05-31,287339.67997432634
1287,Orange County,FL,12,2021-05-31,304269.93436816864
489,Duval County,FL,12,2021-05-31,234815.22472029668
2480,Pinellas County,FL,12,2021-05-31,297244.0894726583
80,Lee County,FL,12,2021-05-31,278049.6314481742
285,Polk County,FL,12,2021-05-31,232780.94150206607
1556,Brevard County,FL,12,2021-05-31,269688.54482857883
669,Pasco County,FL,12,2021-05-31,257373.3742935588
2063,Volusia County,FL,12,2021-05-31,254048.719103032
2538,Seminole County,FL,12,2021-05-31,308916.31535741134
2528,Sarasota County,FL,12,2021-05-31,328784.59213830176
1916,Manatee County,FL,12,2021-05-31,325447.6601876008
1957,Osceola County,FL,12,2021-05-31,279169.47947902983
219,Lake County,FL,12,2021-05-31,277741.7628760733
1638,Collier County,FL,12,2021-05-31,404511.6245276946
1161,Marion County,FL,12,2021-05-31,203506.5762503882
3131,Saint Lucie County,FL,12,2021-05-31,272262.918352873
2259,Escambia County,FL,12,2021-05-31,217807.91274018548
232,Leon County,FL,12,2021-05-31,231001.5823588101
1509,Alachua County,FL,12,2021-05-31,240425.086462562
3128,Saint Johns County,FL,12,2021-05-31,375948.58631077904
118,Clay County,FL,12,2021-05-31,259729.1920171092
2460,Okaloosa County,FL,12,2021-05-31,292629.99399253464
2341,Hernando County,FL,12,2021-05-31,226943.0700655521
2650,Charlotte County,FL,12,2021-05-31,263553.42096282064
3026,Santa Rosa County,FL,12,2021-05-31,274706.6420946597
67,Bay County,FL,12,2021-05-31,273023.8471821149
3168,Indian River County,FL,12,2021-05-31,278129.6860079323
1176,Martin County,FL,12,2021-05-31,336782.58980037883
938,Citrus County,FL,12,2021-05-31,207296.7792524901
1409,Sumter County,FL,12,2021-05-31,301236.89585641865
1707,Flagler County,FL,12,2021-05-31,291423.5540905365
2724,Highlands County,FL,12,2021-05-31,165073.62446934
1251,Nassau County,FL,12,2021-05-31,360221.93323576776
1214,Monroe County,FL,12,2021-05-31,697815.2649398501
1468,Walton County,FL,12,2021-05-31,520063.3904571903
1338,Putnam County,FL,12,2021-05-31,168229.32942770977
2212,Columbia County,FL,12,2021-05-31,195184.0974085561
1794,Jackson County,FL,12,2021-05-31,143563.99928241892
1717,Gadsden County,FL,12,2021-05-31,145881.94452063376
2570,Suwannee County,FL,12,2021-05-31,196232.00060003865
234,Levy County,FL,12,2021-05-31,209077.3418013605
2990,Okeechobee County,FL,12,2021-05-31,189655.9546593734
1093,Hendry County,FL,12,2021-05-31,187021.28494582392
1659,De Soto County,FL,12,2021-05-31,186810.8991578562
2066,Wakulla County,FL,12,2021-05-31,215267.490750894
378,Baker County,FL,12,2021-05-31,243159.8538314237
2148,Bradford County,FL,12,2021-05-31,177646.84558320697
1076,Hardee County,FL,12,2021-05-31,153219.87432044247
3050,Washington County,FL,12,2021-05-31,172830.39045473747
1419,Taylor County,FL,12,2021-05-31,144952.35037056974
1094,Holmes County,FL,12,2021-05-31,154510.5572005694
1896,Madison County,FL,12,2021-05-31,149842.6880902322
2704,Gilchrist County,FL,12,2021-05-31,210027.32988189484
480,Dixie County,FL,12,2021-05-31,154787.3276276822
762,Union County,FL,12,2021-05-31,173674.83635962984
169,Gulf County,FL,12,2021-05-31,301836.84281289735
2735,Jefferson County,FL,12,2021-05-31,214092.38901109423
2315,Hamilton County,FL,12,2021-05-31,137728.91362280888
1571,Calhoun County,FL,12,2021-05-31,149805.76464064157
2272,Franklin County,FL,12,2021-05-31,344961.88801996474
1042,Glades County,FL,12,2021-05-31,172287.81728844292
2769,Lafayette County,FL,12,2021-05-31,174880.23533392686
1858,Liberty County,FL,12,2021-05-31,145438.14077069215
2964,Miami-Dade County,FL,12,2021-06-30,367249.398867822
1561,Broward County,FL,12,2021-06-30,323642.96954071656
2993,Palm Beach County,FL,12,2021-06-30,351742.70355696697
3165,Hillsborough County,FL,12,2021-06-30,293884.5292919499
1287,Orange County,FL,12,2021-06-30,309827.1284067611
489,Duval County,FL,12,2021-06-30,239528.02710696985
2480,Pinellas County,FL,12,2021-06-30,303753.40252686135
80,Lee County,FL,12,2021-06-30,287080.6983262469
285,Polk County,FL,12,2021-06-30,237402.4342787092
1556,Brevard County,FL,12,2021-06-30,275352.54365217173
669,Pasco County,FL,12,2021-06-30,263927.5604561535
2063,Volusia County,FL,12,2021-06-30,260018.87012007704
2538,Seminole County,FL,12,2021-06-30,314262.7740500874
2528,Sarasota County,FL,12,2021-06-30,339002.20504682045
1916,Manatee County,FL,12,2021-06-30,334688.3542290993
1957,Osceola County,FL,12,2021-06-30,284776.7724720274
219,Lake County,FL,12,2021-06-30,283007.3735718827
1638,Collier County,FL,12,2021-06-30,416876.5877467247
1161,Marion County,FL,12,2021-06-30,208442.2970370224
3131,Saint Lucie County,FL,12,2021-06-30,279978.28124744544
2259,Escambia County,FL,12,2021-06-30,222137.9359612191
232,Leon County,FL,12,2021-06-30,234401.63417393767
1509,Alachua County,FL,12,2021-06-30,243946.7186419176
3128,Saint Johns County,FL,12,2021-06-30,386164.0589789087
118,Clay County,FL,12,2021-06-30,265416.36922999774
2460,Okaloosa County,FL,12,2021-06-30,298363.1938971246
2341,Hernando County,FL,12,2021-06-30,233199.49825714505
2650,Charlotte County,FL,12,2021-06-30,271383.5740019669
3026,Santa Rosa County,FL,12,2021-06-30,280799.78138713614
67,Bay County,FL,12,2021-06-30,277598.3260862944
3168,Indian River County,FL,12,2021-06-30,285027.40379972383
1176,Martin County,FL,12,2021-06-30,346041.0553005356
938,Citrus County,FL,12,2021-06-30,213306.8343825045
1409,Sumter County,FL,12,2021-06-30,306136.8539354619
1707,Flagler County,FL,12,2021-06-30,299580.02189769835
2724,Highlands County,FL,12,2021-06-30,169042.8074882008
1251,Nassau County,FL,12,2021-06-30,368163.4717190683
1214,Monroe County,FL,12,2021-06-30,716450.2102292409
1468,Walton County,FL,12,2021-06-30,538084.0648845123
1338,Putnam County,FL,12,2021-06-30,172269.17953411155
2212,Columbia County,FL,12,2021-06-30,199257.4484157992
1794,Jackson County,FL,12,2021-06-30,146339.1937662936
1717,Gadsden County,FL,12,2021-06-30,148110.7088060679
2570,Suwannee County,FL,12,2021-06-30,202345.1177997771
234,Levy County,FL,12,2021-06-30,215028.5678551033
2990,Okeechobee County,FL,12,2021-06-30,194491.41720832224
1093,Hendry County,FL,12,2021-06-30,190610.5768726515
1659,De Soto County,FL,12,2021-06-30,190927.318770372
2066,Wakulla County,FL,12,2021-06-30,219521.0292264641
378,Baker County,FL,12,2021-06-30,247548.5082394016
2148,Bradford County,FL,12,2021-06-30,181735.4501059792
1076,Hardee County,FL,12,2021-06-30,156810.4798808498
3050,Washington County,FL,12,2021-06-30,176565.62760714884
1419,Taylor County,FL,12,2021-06-30,148332.494769974
1094,Holmes County,FL,12,2021-06-30,159147.6050993528
1896,Madison County,FL,12,2021-06-30,155379.49225462208
2704,Gilchrist County,FL,12,2021-06-30,215517.6690349634
480,Dixie County,FL,12,2021-06-30,159519.30707851113
762,Union County,FL,12,2021-06-30,177081.72867984837
169,Gulf County,FL,12,2021-06-30,308202.49833978986
2735,Jefferson County,FL,12,2021-06-30,219354.0493165575
2315,Hamilton County,FL,12,2021-06-30,141475.70331702646
1571,Calhoun County,FL,12,2021-06-30,151459.29547165285
2272,Franklin County,FL,12,2021-06-30,354545.74662398285
1042,Glades County,FL,12,2021-06-30,175850.10257645292
2769,Lafayette County,FL,12,2021-06-30,179321.098334396
1858,Liberty County,FL,12,2021-06-30,148780.0244830332
2964,Miami-Dade County,FL,12,2021-07-31,373044.3397406114
1561,Broward County,FL,12,2021-07-31,328856.96137216873
2993,Palm Beach County,FL,12,2021-07-31,359773.4662236867
3165,Hillsborough County,FL,12,2021-07-31,300501.4674878683
1287,Orange County,FL,12,2021-07-31,314952.2166094039
489,Duval County,FL,12,2021-07-31,243902.0270379966
2480,Pinellas County,FL,12,2021-07-31,310698.530104771
80,Lee County,FL,12,2021-07-31,296541.5247856493
285,Polk County,FL,12,2021-07-31,242326.15368745755
1556,Brevard County,FL,12,2021-07-31,281084.20328754577
669,Pasco County,FL,12,2021-07-31,270976.9626260781
2063,Volusia County,FL,12,2021-07-31,265940.4160411336
2538,Seminole County,FL,12,2021-07-31,318778.50198368187
2528,Sarasota County,FL,12,2021-07-31,349327.6955811563
1916,Manatee County,FL,12,2021-07-31,344274.9571010917
1957,Osceola County,FL,12,2021-07-31,290651.1294604838
219,Lake County,FL,12,2021-07-31,288450.5024667327
1638,Collier County,FL,12,2021-07-31,430687.578220477
1161,Marion County,FL,12,2021-07-31,213575.6824707641
3131,Saint Lucie County,FL,12,2021-07-31,287991.03214115906
2259,Escambia County,FL,12,2021-07-31,226654.64598950755
232,Leon County,FL,12,2021-07-31,238103.4205820579
1509,Alachua County,FL,12,2021-07-31,247309.18404564515
3128,Saint Johns County,FL,12,2021-07-31,397058.63835583365
118,Clay County,FL,12,2021-07-31,270986.26573207387
2460,Okaloosa County,FL,12,2021-07-31,303723.925810886
2341,Hernando County,FL,12,2021-07-31,239365.50665340028
2650,Charlotte County,FL,12,2021-07-31,280360.8806021832
3026,Santa Rosa County,FL,12,2021-07-31,286622.05865072145
67,Bay County,FL,12,2021-07-31,282656.24142523395
3168,Indian River County,FL,12,2021-07-31,292848.922179682
1176,Martin County,FL,12,2021-07-31,354638.7481053437
938,Citrus County,FL,12,2021-07-31,219073.1043780913
1409,Sumter County,FL,12,2021-07-31,312327.8734671038
1707,Flagler County,FL,12,2021-07-31,308741.2894499566
2724,Highlands County,FL,12,2021-07-31,173357.14628792112
1251,Nassau County,FL,12,2021-07-31,375981.8868680105
1214,Monroe County,FL,12,2021-07-31,732881.0678179469
1468,Walton County,FL,12,2021-07-31,557169.949135383
1338,Putnam County,FL,12,2021-07-31,176490.40275314078
2212,Columbia County,FL,12,2021-07-31,202815.93701088167
1794,Jackson County,FL,12,2021-07-31,148301.51741332305
1717,Gadsden County,FL,12,2021-07-31,149615.22565864158
2570,Suwannee County,FL,12,2021-07-31,208061.14246017588
234,Levy County,FL,12,2021-07-31,220895.3362576497
2990,Okeechobee County,FL,12,2021-07-31,199180.9362361593
1093,Hendry County,FL,12,2021-07-31,194387.93051297843
1659,De Soto County,FL,12,2021-07-31,194905.79022546543
2066,Wakulla County,FL,12,2021-07-31,223703.2717756355
378,Baker County,FL,12,2021-07-31,252507.05957407245
2148,Bradford County,FL,12,2021-07-31,184966.12680034773
1076,Hardee County,FL,12,2021-07-31,160658.6222663617
3050,Washington County,FL,12,2021-07-31,180412.9458522594
1419,Taylor County,FL,12,2021-07-31,152402.1999726184
1094,Holmes County,FL,12,2021-07-31,164514.48683989668
1896,Madison County,FL,12,2021-07-31,160688.239177317
2704,Gilchrist County,FL,12,2021-07-31,219994.90525607183
480,Dixie County,FL,12,2021-07-31,163610.05490700222
762,Union County,FL,12,2021-07-31,178450.67764990186
169,Gulf County,FL,12,2021-07-31,313819.0507077255
2735,Jefferson County,FL,12,2021-07-31,224400.07403821425
2315,Hamilton County,FL,12,2021-07-31,144089.26605957223
1571,Calhoun County,FL,12,2021-07-31,152630.65731502662
2272,Franklin County,FL,12,2021-07-31,365888.6206983232
1042,Glades County,FL,12,2021-07-31,179286.61098404822
2769,Lafayette County,FL,12,2021-07-31,183879.851678686
1858,Liberty County,FL,12,2021-07-31,151488.65423123608
2964,Miami-Dade County,FL,12,2021-08-31,377764.2195499272
1561,Broward County,FL,12,2021-08-31,333478.6427601124
2993,Palm Beach County,FL,12,2021-08-31,367164.0851703836
3165,Hillsborough County,FL,12,2021-08-31,306275.00050266506
1287,Orange County,FL,12,2021-08-31,319316.5990710033
489,Duval County,FL,12,2021-08-31,247428.15285712425
2480,Pinellas County,FL,12,2021-08-31,316634.8007682871
80,Lee County,FL,12,2021-08-31,305380.9283106939
285,Polk County,FL,12,2021-08-31,246953.25906173445
1556,Brevard County,FL,12,2021-08-31,285999.17127640743
669,Pasco County,FL,12,2021-08-31,277775.335060036
2063,Volusia County,FL,12,2021-08-31,270914.04072780657
2538,Seminole County,FL,12,2021-08-31,322031.6072710403
2528,Sarasota County,FL,12,2021-08-31,358203.1851240571
1916,Manatee County,FL,12,2021-08-31,353099.5531127132
1957,Osceola County,FL,12,2021-08-31,296419.5791854098
219,Lake County,FL,12,2021-08-31,293630.86087169225
1638,Collier County,FL,12,2021-08-31,444405.8702353129
1161,Marion County,FL,12,2021-08-31,218272.15705133983
3131,Saint Lucie County,FL,12,2021-08-31,295428.33820602973
2259,Escambia County,FL,12,2021-08-31,230580.7958690776
232,Leon County,FL,12,2021-08-31,241414.7728452752
1509,Alachua County,FL,12,2021-08-31,249978.8287363224
3128,Saint Johns County,FL,12,2021-08-31,406923.3063224947
118,Clay County,FL,12,2021-08-31,276164.06653263886
2460,Okaloosa County,FL,12,2021-08-31,308301.9707612026
2341,Hernando County,FL,12,2021-08-31,244854.41650890847
2650,Charlotte County,FL,12,2021-08-31,289032.72906416765
3026,Santa Rosa County,FL,12,2021-08-31,291055.4802942696
67,Bay County,FL,12,2021-08-31,287384.9412645609
3168,Indian River County,FL,12,2021-08-31,300149.53444236936
1176,Martin County,FL,12,2021-08-31,360870.327133824
938,Citrus County,FL,12,2021-08-31,224195.46768793487
1409,Sumter County,FL,12,2021-08-31,318828.4858655134
1707,Flagler County,FL,12,2021-08-31,317462.27463001054
2724,Highlands County,FL,12,2021-08-31,177706.65216084814
1251,Nassau County,FL,12,2021-08-31,382756.74867532327
1214,Monroe County,FL,12,2021-08-31,745067.262555671
1468,Walton County,FL,12,2021-08-31,574827.0890116765
1338,Putnam County,FL,12,2021-08-31,180155.0197191593
2212,Columbia County,FL,12,2021-08-31,205363.23197563543
1794,Jackson County,FL,12,2021-08-31,149409.17542623408
1717,Gadsden County,FL,12,2021-08-31,149890.0837163648
2570,Suwannee County,FL,12,2021-08-31,212403.06477231244
234,Levy County,FL,12,2021-08-31,225455.08455192044
2990,Okeechobee County,FL,12,2021-08-31,203341.21004584804
1093,Hendry County,FL,12,2021-08-31,197972.5254978166
1659,De Soto County,FL,12,2021-08-31,198372.08237690933
2066,Wakulla County,FL,12,2021-08-31,227220.5829769123
378,Baker County,FL,12,2021-08-31,256977.63686809383
2148,Bradford County,FL,12,2021-08-31,186732.323209023
1076,Hardee County,FL,12,2021-08-31,163955.1249867188
3050,Washington County,FL,12,2021-08-31,183454.6072656317
1419,Taylor County,FL,12,2021-08-31,156839.55622298282
1094,Holmes County,FL,12,2021-08-31,169094.6013336325
1896,Madison County,FL,12,2021-08-31,164525.6508180398
2704,Gilchrist County,FL,12,2021-08-31,222531.14216650728
480,Dixie County,FL,12,2021-08-31,167391.6933232781
762,Union County,FL,12,2021-08-31,178066.8553507772
169,Gulf County,FL,12,2021-08-31,318033.08989720704
2735,Jefferson County,FL,12,2021-08-31,228074.9823564935
2315,Hamilton County,FL,12,2021-08-31,145343.21299550278
1571,Calhoun County,FL,12,2021-08-31,152908.1363842946
2272,Franklin County,FL,12,2021-08-31,375562.2239054872
1042,Glades County,FL,12,2021-08-31,182168.3805280097
2769,Lafayette County,FL,12,2021-08-31,188215.01468890443
1858,Liberty County,FL,12,2021-08-31,153090.067692649
2964,Miami-Dade County,FL,12,2021-09-30,381321.1779365545
1561,Broward County,FL,12,2021-09-30,337265.2800048901
2993,Palm Beach County,FL,12,2021-09-30,373652.9855100413
3165,Hillsborough County,FL,12,2021-09-30,311039.351382037
1287,Orange County,FL,12,2021-09-30,322575.41742404463
489,Duval County,FL,12,2021-09-30,250021.84935331933
2480,Pinellas County,FL,12,2021-09-30,321415.6385273275
80,Lee County,FL,12,2021-09-30,312626.10791336885
285,Polk County,FL,12,2021-09-30,250804.9413588309
1556,Brevard County,FL,12,2021-09-30,289685.4451680831
669,Pasco County,FL,12,2021-09-30,283557.30940887745
2063,Volusia County,FL,12,2021-09-30,274500.87568115554
2538,Seminole County,FL,12,2021-09-30,323950.8292283243
2528,Sarasota County,FL,12,2021-09-30,364965.96261161286
1916,Manatee County,FL,12,2021-09-30,360483.00414344977
1957,Osceola County,FL,12,2021-09-30,301559.5639265275
219,Lake County,FL,12,2021-09-30,298408.6487017292
1638,Collier County,FL,12,2021-09-30,457093.0512240232
1161,Marion County,FL,12,2021-09-30,222156.9282097857
3131,Saint Lucie County,FL,12,2021-09-30,301395.1064423476
2259,Escambia County,FL,12,2021-09-30,233116.1367922788
232,Leon County,FL,12,2021-09-30,243435.765811094
1509,Alachua County,FL,12,2021-09-30,251814.484691672
3128,Saint Johns County,FL,12,2021-09-30,415134.1084516776
118,Clay County,FL,12,2021-09-30,280307.4753068941
2460,Okaloosa County,FL,12,2021-09-30,311494.383528111
2341,Hernando County,FL,12,2021-09-30,249304.0611976576
2650,Charlotte County,FL,12,2021-09-30,296738.8717642922
3026,Santa Rosa County,FL,12,2021-09-30,294217.2270672493
67,Bay County,FL,12,2021-09-30,291639.2394526041
3168,Indian River County,FL,12,2021-09-30,306129.6136903011
1176,Martin County,FL,12,2021-09-30,364594.7108118427
938,Citrus County,FL,12,2021-09-30,228049.15055187183
1409,Sumter County,FL,12,2021-09-30,325346.87497614097
1707,Flagler County,FL,12,2021-09-30,325076.78143332555
2724,Highlands County,FL,12,2021-09-30,181467.86441052344
1251,Nassau County,FL,12,2021-09-30,388227.8535366687
1214,Monroe County,FL,12,2021-09-30,754256.9974302845
1468,Walton County,FL,12,2021-09-30,589309.3107422967
1338,Putnam County,FL,12,2021-09-30,182055.7801352646
2212,Columbia County,FL,12,2021-09-30,207044.7924841029
1794,Jackson County,FL,12,2021-09-30,149166.6310573362
1717,Gadsden County,FL,12,2021-09-30,149226.81250703798
2570,Suwannee County,FL,12,2021-09-30,215203.1823463568
234,Levy County,FL,12,2021-09-30,227899.8375256417
2990,Okeechobee County,FL,12,2021-09-30,206441.2279743068
1093,Hendry County,FL,12,2021-09-30,200750.5494356368
1659,De Soto County,FL,12,2021-09-30,200665.5221328215
2066,Wakulla County,FL,12,2021-09-30,229713.3610950054
378,Baker County,FL,12,2021-09-30,260265.3142548928
2148,Bradford County,FL,12,2021-09-30,187162.6989049615
1076,Hardee County,FL,12,2021-09-30,165851.44755517607
3050,Washington County,FL,12,2021-09-30,184523.06100037985
1419,Taylor County,FL,12,2021-09-30,160061.2465980272
1094,Holmes County,FL,12,2021-09-30,171120.47013318128
1896,Madison County,FL,12,2021-09-30,165561.90960770284
2704,Gilchrist County,FL,12,2021-09-30,222941.55155939577
480,Dixie County,FL,12,2021-09-30,169905.62039642897
762,Union County,FL,12,2021-09-30,176834.06116820886
169,Gulf County,FL,12,2021-09-30,321464.40925341804
2735,Jefferson County,FL,12,2021-09-30,229907.17552136743
2315,Hamilton County,FL,12,2021-09-30,145394.60187928344
1571,Calhoun County,FL,12,2021-09-30,152463.24531201762
2272,Franklin County,FL,12,2021-09-30,382024.7736552761
1042,Glades County,FL,12,2021-09-30,184124.96680375247
2769,Lafayette County,FL,12,2021-09-30,191300.3326979088
1858,Liberty County,FL,12,2021-09-30,153236.45378727245
2964,Miami-Dade County,FL,12,2021-10-31,384823.8419129742
1561,Broward County,FL,12,2021-10-31,340900.903211904
2993,Palm Beach County,FL,12,2021-10-31,379837.7645737684
3165,Hillsborough County,FL,12,2021-10-31,315786.17290643614
1287,Orange County,FL,12,2021-10-31,326482.7069134335
489,Duval County,FL,12,2021-10-31,253061.39928654025
2480,Pinellas County,FL,12,2021-10-31,325358.3978685864
80,Lee County,FL,12,2021-10-31,319676.5844336114
285,Polk County,FL,12,2021-10-31,254767.8903189536
1556,Brevard County,FL,12,2021-10-31,293203.7597934391
669,Pasco County,FL,12,2021-10-31,288901.69020934124
2063,Volusia County,FL,12,2021-10-31,277659.58694805094
2538,Seminole County,FL,12,2021-10-31,326507.86303632805
2528,Sarasota County,FL,12,2021-10-31,371994.4539194328
1916,Manatee County,FL,12,2021-10-31,368079.3611459728
1957,Osceola County,FL,12,2021-10-31,306990.07660776214
219,Lake County,FL,12,2021-10-31,303394.2593158243
1638,Collier County,FL,12,2021-10-31,469973.64170750376
1161,Marion County,FL,12,2021-10-31,226115.62669502
3131,Saint Lucie County,FL,12,2021-10-31,307147.9439490905
2259,Escambia County,FL,12,2021-10-31,235379.1765506397
232,Leon County,FL,12,2021-10-31,244685.4375570308
1509,Alachua County,FL,12,2021-10-31,253329.17675796745
3128,Saint Johns County,FL,12,2021-10-31,423186.3163481439
118,Clay County,FL,12,2021-10-31,284604.93396857247
2460,Okaloosa County,FL,12,2021-10-31,314769.1932085327
2341,Hernando County,FL,12,2021-10-31,253491.4791591287
2650,Charlotte County,FL,12,2021-10-31,303578.65279381623
3026,Santa Rosa County,FL,12,2021-10-31,296947.7031219035
67,Bay County,FL,12,2021-10-31,295918.5500379179
3168,Indian River County,FL,12,2021-10-31,311732.30064061633
1176,Martin County,FL,12,2021-10-31,368286.99027973926
938,Citrus County,FL,12,2021-10-31,231684.8933360324
1409,Sumter County,FL,12,2021-10-31,332063.472014626
1707,Flagler County,FL,12,2021-10-31,331709.4025921377
2724,Highlands County,FL,12,2021-10-31,184665.0945041522
1251,Nassau County,FL,12,2021-10-31,393767.6426682489
1214,Monroe County,FL,12,2021-10-31,765143.2429996623
1468,Walton County,FL,12,2021-10-31,603416.8287406188
1338,Putnam County,FL,12,2021-10-31,183001.08040799235
2212,Columbia County,FL,12,2021-10-31,209198.66143684907
1794,Jackson County,FL,12,2021-10-31,149623.37904162816
1717,Gadsden County,FL,12,2021-10-31,149226.81001584223
2570,Suwannee County,FL,12,2021-10-31,218497.036803479
234,Levy County,FL,12,2021-10-31,230092.7948057333
2990,Okeechobee County,FL,12,2021-10-31,209538.0378983557
1093,Hendry County,FL,12,2021-10-31,203569.6202004897
1659,De Soto County,FL,12,2021-10-31,203463.68444843483
2066,Wakulla County,FL,12,2021-10-31,231791.925053297
378,Baker County,FL,12,2021-10-31,263168.2051070991
2148,Bradford County,FL,12,2021-10-31,188087.4102176024
1076,Hardee County,FL,12,2021-10-31,167402.67877164812
3050,Washington County,FL,12,2021-10-31,184737.8904892047
1419,Taylor County,FL,12,2021-10-31,162339.21700383752
1094,Holmes County,FL,12,2021-10-31,171859.40569138795
1896,Madison County,FL,12,2021-10-31,166424.82482461154
2704,Gilchrist County,FL,12,2021-10-31,223244.80363542552
480,Dixie County,FL,12,2021-10-31,172946.18170779236
762,Union County,FL,12,2021-10-31,177516.34115150382
169,Gulf County,FL,12,2021-10-31,325489.15806732886
2735,Jefferson County,FL,12,2021-10-31,231449.91674801707
2315,Hamilton County,FL,12,2021-10-31,146221.27026510253
1571,Calhoun County,FL,12,2021-10-31,152743.90264081044
2272,Franklin County,FL,12,2021-10-31,386576.7820108125
1042,Glades County,FL,12,2021-10-31,186678.7069686884
2769,Lafayette County,FL,12,2021-10-31,194453.9663159185
1858,Liberty County,FL,12,2021-10-31,153663.36895692826
2964,Miami-Dade County,FL,12,2021-11-30,389194.70644483314
1561,Broward County,FL,12,2021-11-30,345483.72909622407
2993,Palm Beach County,FL,12,2021-11-30,386337.35456188704
3165,Hillsborough County,FL,12,2021-11-30,321245.41181938327
1287,Orange County,FL,12,2021-11-30,331262.75485671003
489,Duval County,FL,12,2021-11-30,256905.40494247305
2480,Pinellas County,FL,12,2021-11-30,330086.80410148663
80,Lee County,FL,12,2021-11-30,326516.2750388028
285,Polk County,FL,12,2021-11-30,259431.3499978493
1556,Brevard County,FL,12,2021-11-30,297315.36457989825
669,Pasco County,FL,12,2021-11-30,294604.71480966767
2063,Volusia County,FL,12,2021-11-30,280998.05996147235
2538,Seminole County,FL,12,2021-11-30,330354.7560531488
2528,Sarasota County,FL,12,2021-11-30,379390.45290293806
1916,Manatee County,FL,12,2021-11-30,376053.5408624147
1957,Osceola County,FL,12,2021-11-30,312780.6305088136
219,Lake County,FL,12,2021-11-30,308968.19783322234
1638,Collier County,FL,12,2021-11-30,483064.9232496363
1161,Marion County,FL,12,2021-11-30,230413.6808566494
3131,Saint Lucie County,FL,12,2021-11-30,313321.5255462721
2259,Escambia County,FL,12,2021-11-30,237953.7414752919
232,Leon County,FL,12,2021-11-30,245909.07377281183
1509,Alachua County,FL,12,2021-11-30,255406.3357085122
3128,Saint Johns County,FL,12,2021-11-30,431822.1847004236
118,Clay County,FL,12,2021-11-30,289724.89523865125
2460,Okaloosa County,FL,12,2021-11-30,318303.6437861488
2341,Hernando County,FL,12,2021-11-30,258078.5713109853
2650,Charlotte County,FL,12,2021-11-30,310306.4186053585
3026,Santa Rosa County,FL,12,2021-11-30,300148.1884945511
67,Bay County,FL,12,2021-11-30,300917.6957323309
3168,Indian River County,FL,12,2021-11-30,317473.8701804836
1176,Martin County,FL,12,2021-11-30,373180.72353684297
938,Citrus County,FL,12,2021-11-30,235359.18804900217
1409,Sumter County,FL,12,2021-11-30,339817.42642948416
1707,Flagler County,FL,12,2021-11-30,337895.2373039348
2724,Highlands County,FL,12,2021-11-30,187538.37830097787
1251,Nassau County,FL,12,2021-11-30,399718.4010829875
1214,Monroe County,FL,12,2021-11-30,779156.4011532478
1468,Walton County,FL,12,2021-11-30,616517.0213980369
1338,Putnam County,FL,12,2021-11-30,183553.5831797164
2212,Columbia County,FL,12,2021-11-30,212308.36657561208
1794,Jackson County,FL,12,2021-11-30,150864.84728311363
1717,Gadsden County,FL,12,2021-11-30,150128.16450000592
2570,Suwannee County,FL,12,2021-11-30,222980.3712077818
234,Levy County,FL,12,2021-11-30,233450.90318997248
2990,Okeechobee County,FL,12,2021-11-30,212511.1832256881
1093,Hendry County,FL,12,2021-11-30,206892.885078185
1659,De Soto County,FL,12,2021-11-30,207156.32722460348
2066,Wakulla County,FL,12,2021-11-30,233625.0079600569
378,Baker County,FL,12,2021-11-30,266835.57581208035
2148,Bradford County,FL,12,2021-11-30,190230.26685587395
1076,Hardee County,FL,12,2021-11-30,168996.8176228322
3050,Washington County,FL,12,2021-11-30,184929.1691251064
1419,Taylor County,FL,12,2021-11-30,164024.64776631418
1094,Holmes County,FL,12,2021-11-30,172590.93985244897
1896,Madison County,FL,12,2021-11-30,168760.17416694746
2704,Gilchrist County,FL,12,2021-11-30,224994.0084979325
480,Dixie County,FL,12,2021-11-30,176259.42539489936
762,Union County,FL,12,2021-11-30,179485.6738382685
169,Gulf County,FL,12,2021-11-30,330798.86950462963
2735,Jefferson County,FL,12,2021-11-30,233274.0305550316
2315,Hamilton County,FL,12,2021-11-30,148119.3381148034
1571,Calhoun County,FL,12,2021-11-30,153797.18573325683
2272,Franklin County,FL,12,2021-11-30,391669.8200966688
1042,Glades County,FL,12,2021-11-30,189611.16100532896
2769,Lafayette County,FL,12,2021-11-30,197410.15330471765
1858,Liberty County,FL,12,2021-11-30,154475.78126448204
2964,Miami-Dade County,FL,12,2021-12-31,394423.500383961
1561,Broward County,FL,12,2021-12-31,350945.16601807525
2993,Palm Beach County,FL,12,2021-12-31,393193.3512687455
3165,Hillsborough County,FL,12,2021-12-31,327327.3044136423
1287,Orange County,FL,12,2021-12-31,336926.5461295104
489,Duval County,FL,12,2021-12-31,261165.49922192385
2480,Pinellas County,FL,12,2021-12-31,335075.7706545903
80,Lee County,FL,12,2021-12-31,333351.96170581173
285,Polk County,FL,12,2021-12-31,264541.4298859048
1556,Brevard County,FL,12,2021-12-31,302035.41553191846
669,Pasco County,FL,12,2021-12-31,300422.7413095762
2063,Volusia County,FL,12,2021-12-31,284688.0718125064
2538,Seminole County,FL,12,2021-12-31,335231.12596159923
2528,Sarasota County,FL,12,2021-12-31,387096.7161373669
1916,Manatee County,FL,12,2021-12-31,384190.37579087215
1957,Osceola County,FL,12,2021-12-31,318789.1637981537
219,Lake County,FL,12,2021-12-31,314890.7938597275
1638,Collier County,FL,12,2021-12-31,495778.4208488183
1161,Marion County,FL,12,2021-12-31,234887.31978438937
3131,Saint Lucie County,FL,12,2021-12-31,319717.2724887147
2259,Escambia County,FL,12,2021-12-31,241086.28042887128
232,Leon County,FL,12,2021-12-31,247476.28910799
1509,Alachua County,FL,12,2021-12-31,257959.6677026137
3128,Saint Johns County,FL,12,2021-12-31,441094.8563912439
118,Clay County,FL,12,2021-12-31,295148.9902334323
2460,Okaloosa County,FL,12,2021-12-31,322405.4493066173
2341,Hernando County,FL,12,2021-12-31,262851.4914041472
2650,Charlotte County,FL,12,2021-12-31,316912.74737333594
3026,Santa Rosa County,FL,12,2021-12-31,303681.11952926934
67,Bay County,FL,12,2021-12-31,305900.20341281226
3168,Indian River County,FL,12,2021-12-31,323410.48401502264
1176,Martin County,FL,12,2021-12-31,379539.9388014801
938,Citrus County,FL,12,2021-12-31,238888.88923375704
1409,Sumter County,FL,12,2021-12-31,348135.47923636227
1707,Flagler County,FL,12,2021-12-31,343411.35037799826
2724,Highlands County,FL,12,2021-12-31,190425.77920660184
1251,Nassau County,FL,12,2021-12-31,405768.00004767417
1214,Monroe County,FL,12,2021-12-31,796031.3412605101
1468,Walton County,FL,12,2021-12-31,629559.8188627675
1338,Putnam County,FL,12,2021-12-31,184617.2034780741
2212,Columbia County,FL,12,2021-12-31,215386.68807223145
1794,Jackson County,FL,12,2021-12-31,152011.40498761242
1717,Gadsden County,FL,12,2021-12-31,151466.46119817087
2570,Suwannee County,FL,12,2021-12-31,226665.55145769296
234,Levy County,FL,12,2021-12-31,237204.4448096693
2990,Okeechobee County,FL,12,2021-12-31,215228.1551230292
1093,Hendry County,FL,12,2021-12-31,210492.43433108603
1659,De Soto County,FL,12,2021-12-31,212062.22303502297
2066,Wakulla County,FL,12,2021-12-31,235083.82344278123
378,Baker County,FL,12,2021-12-31,270677.4814012418
2148,Bradford County,FL,12,2021-12-31,192817.94585416568
1076,Hardee County,FL,12,2021-12-31,170855.66081781092
3050,Washington County,FL,12,2021-12-31,185225.4793629091
1419,Taylor County,FL,12,2021-12-31,165230.85454473578
1094,Holmes County,FL,12,2021-12-31,173130.60977953207
1896,Madison County,FL,12,2021-12-31,171975.87542893284
2704,Gilchrist County,FL,12,2021-12-31,227081.71856656368
480,Dixie County,FL,12,2021-12-31,179324.40393927472
762,Union County,FL,12,2021-12-31,181838.81648987395
169,Gulf County,FL,12,2021-12-31,336255.82213298255
2735,Jefferson County,FL,12,2021-12-31,235848.8329972007
2315,Hamilton County,FL,12,2021-12-31,150017.67118745865
1571,Calhoun County,FL,12,2021-12-31,154419.9754385381
2272,Franklin County,FL,12,2021-12-31,396573.3888334843
1042,Glades County,FL,12,2021-12-31,192451.02414874468
2769,Lafayette County,FL,12,2021-12-31,200018.0337938635
1858,Liberty County,FL,12,2021-12-31,155093.98865445517
2964,Miami-Dade County,FL,12,2022-01-31,402311.04108253686
1561,Broward County,FL,12,2022-01-31,357605.6563299534
2993,Palm Beach County,FL,12,2022-01-31,401784.2329094177
3165,Hillsborough County,FL,12,2022-01-31,335060.12250511337
1287,Orange County,FL,12,2022-01-31,344137.59440860135
489,Duval County,FL,12,2022-01-31,267006.9375922625
2480,Pinellas County,FL,12,2022-01-31,341650.2871491842
80,Lee County,FL,12,2022-01-31,341401.51287774177
285,Polk County,FL,12,2022-01-31,270788.86997048813
1556,Brevard County,FL,12,2022-01-31,308251.7043202385
669,Pasco County,FL,12,2022-01-31,306901.34386700805
2063,Volusia County,FL,12,2022-01-31,289942.7706832515
2538,Seminole County,FL,12,2022-01-31,342112.4284974854
2528,Sarasota County,FL,12,2022-01-31,396658.19428288005
1916,Manatee County,FL,12,2022-01-31,393976.47602864
1957,Osceola County,FL,12,2022-01-31,326057.06076433416
219,Lake County,FL,12,2022-01-31,321861.2902520664
1638,Collier County,FL,12,2022-01-31,510036.6134391382
1161,Marion County,FL,12,2022-01-31,240391.7241481793
3131,Saint Lucie County,FL,12,2022-01-31,327458.84463882376
2259,Escambia County,FL,12,2022-01-31,244904.2164831076
232,Leon County,FL,12,2022-01-31,249750.71226892303
1509,Alachua County,FL,12,2022-01-31,261717.3771731228
3128,Saint Johns County,FL,12,2022-01-31,451220.3250148518
118,Clay County,FL,12,2022-01-31,301646.7700408171
2460,Okaloosa County,FL,12,2022-01-31,327748.3922119473
2341,Hernando County,FL,12,2022-01-31,269386.35051960405
2650,Charlotte County,FL,12,2022-01-31,324548.1351105894
3026,Santa Rosa County,FL,12,2022-01-31,308575.7161296596
67,Bay County,FL,12,2022-01-31,312336.24609178567
3168,Indian River County,FL,12,2022-01-31,330688.5908113956
1176,Martin County,FL,12,2022-01-31,388015.9754389531
938,Citrus County,FL,12,2022-01-31,243383.946338282
1409,Sumter County,FL,12,2022-01-31,356849.80690150894
1707,Flagler County,FL,12,2022-01-31,349807.4708038655
2724,Highlands County,FL,12,2022-01-31,193898.74698817823
1251,Nassau County,FL,12,2022-01-31,413740.54364657775
1214,Monroe County,FL,12,2022-01-31,818000.2678846527
1468,Walton County,FL,12,2022-01-31,642793.2691276453
1338,Putnam County,FL,12,2022-01-31,187163.1123714952
2212,Columbia County,FL,12,2022-01-31,219966.0339194545
1794,Jackson County,FL,12,2022-01-31,154178.80873210813
1717,Gadsden County,FL,12,2022-01-31,154100.3943385483
2570,Suwannee County,FL,12,2022-01-31,230393.89367899232
234,Levy County,FL,12,2022-01-31,242165.93648137865
2990,Okeechobee County,FL,12,2022-01-31,218417.1897777297
1093,Hendry County,FL,12,2022-01-31,215471.6514170127
1659,De Soto County,FL,12,2022-01-31,218692.46512794503
2066,Wakulla County,FL,12,2022-01-31,237690.7880526624
378,Baker County,FL,12,2022-01-31,274983.5598797836
2148,Bradford County,FL,12,2022-01-31,197047.2248590778
1076,Hardee County,FL,12,2022-01-31,174367.8645106996
3050,Washington County,FL,12,2022-01-31,186879.2385435188
1419,Taylor County,FL,12,2022-01-31,166781.38062312696
1094,Holmes County,FL,12,2022-01-31,175319.22775850352
1896,Madison County,FL,12,2022-01-31,176503.14509290282
2704,Gilchrist County,FL,12,2022-01-31,231323.1457014792
480,Dixie County,FL,12,2022-01-31,183016.66539969345
762,Union County,FL,12,2022-01-31,185556.8926459252
169,Gulf County,FL,12,2022-01-31,343549.4794812401
2735,Jefferson County,FL,12,2022-01-31,239764.5260621425
2315,Hamilton County,FL,12,2022-01-31,153251.3195610947
1571,Calhoun County,FL,12,2022-01-31,156368.7027344844
2272,Franklin County,FL,12,2022-01-31,402626.14943016175
1042,Glades County,FL,12,2022-01-31,196080.7749218674
2769,Lafayette County,FL,12,2022-01-31,203109.0960491048
1858,Liberty County,FL,12,2022-01-31,156954.93190934474
2964,Miami-Dade County,FL,12,2022-02-28,412115.57500606537
1561,Broward County,FL,12,2022-02-28,364868.25460568
2993,Palm Beach County,FL,12,2022-02-28,411720.2984257592
3165,Hillsborough County,FL,12,2022-02-28,344246.7960754345
1287,Orange County,FL,12,2022-02-28,352545.9733191672
489,Duval County,FL,12,2022-02-28,274254.6768350837
2480,Pinellas County,FL,12,2022-02-28,349056.9551453902
80,Lee County,FL,12,2022-02-28,350899.917575147
285,Polk County,FL,12,2022-02-28,278135.5569174243
1556,Brevard County,FL,12,2022-02-28,315433.4803681296
669,Pasco County,FL,12,2022-02-28,313736.80571117304
2063,Volusia County,FL,12,2022-02-28,296681.56870443415
2538,Seminole County,FL,12,2022-02-28,350436.90676424094
2528,Sarasota County,FL,12,2022-02-28,408520.76827084896
1916,Manatee County,FL,12,2022-02-28,405557.2693556342
1957,Osceola County,FL,12,2022-02-28,334388.02998230926
219,Lake County,FL,12,2022-02-28,329616.49324707827
1638,Collier County,FL,12,2022-02-28,525940.144666253
1161,Marion County,FL,12,2022-02-28,246924.6262950004
3131,Saint Lucie County,FL,12,2022-02-28,336256.70584802394
2259,Escambia County,FL,12,2022-02-28,249090.71144882985
232,Leon County,FL,12,2022-02-28,252485.41769104832
1509,Alachua County,FL,12,2022-02-28,266190.71743127215
3128,Saint Johns County,FL,12,2022-02-28,462334.037272419
118,Clay County,FL,12,2022-02-28,308625.4676512532
2460,Okaloosa County,FL,12,2022-02-28,333797.1982930211
2341,Hernando County,FL,12,2022-02-28,277222.6700939064
2650,Charlotte County,FL,12,2022-02-28,333002.35314505204
3026,Santa Rosa County,FL,12,2022-02-28,314456.38384313765
67,Bay County,FL,12,2022-02-28,320066.9259892442
3168,Indian River County,FL,12,2022-02-28,339108.0090416215
1176,Martin County,FL,12,2022-02-28,398348.112471594
938,Citrus County,FL,12,2022-02-28,248772.5371707953
1409,Sumter County,FL,12,2022-02-28,365705.25119290734
1707,Flagler County,FL,12,2022-02-28,356993.75552577415
2724,Highlands County,FL,12,2022-02-28,197778.7695899149
1251,Nassau County,FL,12,2022-02-28,423743.0866859686
1214,Monroe County,FL,12,2022-02-28,845556.3941039849
1468,Walton County,FL,12,2022-02-28,656767.7233713558
1338,Putnam County,FL,12,2022-02-28,190379.9274615011
2212,Columbia County,FL,12,2022-02-28,225228.10866145333
1794,Jackson County,FL,12,2022-02-28,156835.0268343639
1717,Gadsden County,FL,12,2022-02-28,157898.1494739627
2570,Suwannee County,FL,12,2022-02-28,233023.1825047334
234,Levy County,FL,12,2022-02-28,247295.4073846221
2990,Okeechobee County,FL,12,2022-02-28,222591.05401201392
1093,Hendry County,FL,12,2022-02-28,220933.1838058828
1659,De Soto County,FL,12,2022-02-28,226498.3875046853
2066,Wakulla County,FL,12,2022-02-28,241439.460314589
378,Baker County,FL,12,2022-02-28,279462.4010440684
2148,Bradford County,FL,12,2022-02-28,202233.64095193395
1076,Hardee County,FL,12,2022-02-28,178994.01759718006
3050,Washington County,FL,12,2022-02-28,189938.79818911315
1419,Taylor County,FL,12,2022-02-28,168722.6392798695
1094,Holmes County,FL,12,2022-02-28,178717.10072618176
1896,Madison County,FL,12,2022-02-28,180989.38981286564
2704,Gilchrist County,FL,12,2022-02-28,236462.26828685933
480,Dixie County,FL,12,2022-02-28,187039.3428518973
762,Union County,FL,12,2022-02-28,190466.4052366352
169,Gulf County,FL,12,2022-02-28,351941.1285540114
2735,Jefferson County,FL,12,2022-02-28,244485.41532617595
2315,Hamilton County,FL,12,2022-02-28,157171.7998738644
1571,Calhoun County,FL,12,2022-02-28,159369.00468539196
2272,Franklin County,FL,12,2022-02-28,409545.72654156905
1042,Glades County,FL,12,2022-02-28,201260.57327901231
2769,Lafayette County,FL,12,2022-02-28,206281.8943056475
1858,Liberty County,FL,12,2022-02-28,159953.65853479793
2964,Miami-Dade County,FL,12,2022-03-31,423927.99011004687
1561,Broward County,FL,12,2022-03-31,372917.0320679544
2993,Palm Beach County,FL,12,2022-03-31,423960.5315548149
3165,Hillsborough County,FL,12,2022-03-31,355290.3435173989
1287,Orange County,FL,12,2022-03-31,362234.96011710056
489,Duval County,FL,12,2022-03-31,282833.77877462684
2480,Pinellas County,FL,12,2022-03-31,357914.0130257384
80,Lee County,FL,12,2022-03-31,362457.2951128837
285,Polk County,FL,12,2022-03-31,286263.93183170934
1556,Brevard County,FL,12,2022-03-31,323820.3544723585
669,Pasco County,FL,12,2022-03-31,321648.3757573958
2063,Volusia County,FL,12,2022-03-31,304881.891005865
2538,Seminole County,FL,12,2022-03-31,360114.97454722
2528,Sarasota County,FL,12,2022-03-31,423576.3827758099
1916,Manatee County,FL,12,2022-03-31,420061.60016704886
1957,Osceola County,FL,12,2022-03-31,344284.06980383606
219,Lake County,FL,12,2022-03-31,338197.63885114423
1638,Collier County,FL,12,2022-03-31,545386.7247181805
1161,Marion County,FL,12,2022-03-31,254535.4938884188
3131,Saint Lucie County,FL,12,2022-03-31,346529.9076890289
2259,Escambia County,FL,12,2022-03-31,253780.9842864545
232,Leon County,FL,12,2022-03-31,255820.06392272448
1509,Alachua County,FL,12,2022-03-31,271351.7007863298
3128,Saint Johns County,FL,12,2022-03-31,474965.1575156518
118,Clay County,FL,12,2022-03-31,316669.3058799366
2460,Okaloosa County,FL,12,2022-03-31,340541.2059728094
2341,Hernando County,FL,12,2022-03-31,286255.1672995723
2650,Charlotte County,FL,12,2022-03-31,343091.0355068759
3026,Santa Rosa County,FL,12,2022-03-31,321716.54981200915
67,Bay County,FL,12,2022-03-31,329296.849646098
3168,Indian River County,FL,12,2022-03-31,348604.21710768546
1176,Martin County,FL,12,2022-03-31,411112.0361474804
938,Citrus County,FL,12,2022-03-31,255218.45929663265
1409,Sumter County,FL,12,2022-03-31,375377.9605247802
1707,Flagler County,FL,12,2022-03-31,365389.5831291828
2724,Highlands County,FL,12,2022-03-31,201981.67573201985
1251,Nassau County,FL,12,2022-03-31,436188.8251583204
1214,Monroe County,FL,12,2022-03-31,878333.818935146
1468,Walton County,FL,12,2022-03-31,672637.0662235729
1338,Putnam County,FL,12,2022-03-31,193763.3781703806
2212,Columbia County,FL,12,2022-03-31,231236.7405162108
1794,Jackson County,FL,12,2022-03-31,160442.07504470018
1717,Gadsden County,FL,12,2022-03-31,162459.91179188978
2570,Suwannee County,FL,12,2022-03-31,235694.03429755868
234,Levy County,FL,12,2022-03-31,252821.12445800283
2990,Okeechobee County,FL,12,2022-03-31,227474.8007883322
1093,Hendry County,FL,12,2022-03-31,227259.68677567143
1659,De Soto County,FL,12,2022-03-31,234998.92058568253
2066,Wakulla County,FL,12,2022-03-31,246422.918633554
378,Baker County,FL,12,2022-03-31,284481.84920700314
2148,Bradford County,FL,12,2022-03-31,208428.4440958948
1076,Hardee County,FL,12,2022-03-31,184082.6892095312
3050,Washington County,FL,12,2022-03-31,194028.96680348585
1419,Taylor County,FL,12,2022-03-31,171157.18959744417
1094,Holmes County,FL,12,2022-03-31,183182.67228004555
1896,Madison County,FL,12,2022-03-31,185309.333702329
2704,Gilchrist County,FL,12,2022-03-31,242689.9829111489
480,Dixie County,FL,12,2022-03-31,191345.06274252167
762,Union County,FL,12,2022-03-31,196155.6453520032
169,Gulf County,FL,12,2022-03-31,361337.84029148775
2735,Jefferson County,FL,12,2022-03-31,249552.99132888345
2315,Hamilton County,FL,12,2022-03-31,162406.5664201619
1571,Calhoun County,FL,12,2022-03-31,163193.85434266613
2272,Franklin County,FL,12,2022-03-31,417643.2854558164
1042,Glades County,FL,12,2022-03-31,208383.3034065909
2769,Lafayette County,FL,12,2022-03-31,209311.6095579263
1858,Liberty County,FL,12,2022-03-31,163731.19771516504
2964,Miami-Dade County,FL,12,2022-04-30,435419.92061494617
1561,Broward County,FL,12,2022-04-30,381734.3151178449
2993,Palm Beach County,FL,12,2022-04-30,437178.8572825724
3165,Hillsborough County,FL,12,2022-04-30,367004.01703843474
1287,Orange County,FL,12,2022-04-30,372231.3121461084
489,Duval County,FL,12,2022-04-30,291051.3429063492
2480,Pinellas County,FL,12,2022-04-30,367483.97291157953
80,Lee County,FL,12,2022-04-30,374900.1876077755
285,Polk County,FL,12,2022-04-30,294654.6628116257
1556,Brevard County,FL,12,2022-04-30,332704.19930047315
669,Pasco County,FL,12,2022-04-30,330714.94540124503
2063,Volusia County,FL,12,2022-04-30,313447.639634222
2538,Seminole County,FL,12,2022-04-30,369789.4958030665
2528,Sarasota County,FL,12,2022-04-30,439492.5050553759
1916,Manatee County,FL,12,2022-04-30,435814.01784315467
1957,Osceola County,FL,12,2022-04-30,354720.3969353
219,Lake County,FL,12,2022-04-30,347471.14810743945
1638,Collier County,FL,12,2022-04-30,566276.1851046013
1161,Marion County,FL,12,2022-04-30,262254.5635944332
3131,Saint Lucie County,FL,12,2022-04-30,356806.424502979
2259,Escambia County,FL,12,2022-04-30,258907.8712786924
232,Leon County,FL,12,2022-04-30,259775.1301324188
1509,Alachua County,FL,12,2022-04-30,276558.84524178115
3128,Saint Johns County,FL,12,2022-04-30,487966.3118824597
118,Clay County,FL,12,2022-04-30,325079.7186401645
2460,Okaloosa County,FL,12,2022-04-30,347422.61003465747
2341,Hernando County,FL,12,2022-04-30,295444.29489328264
2650,Charlotte County,FL,12,2022-04-30,353916.94401162706
3026,Santa Rosa County,FL,12,2022-04-30,329031.42554260144
67,Bay County,FL,12,2022-04-30,337998.792512973
3168,Indian River County,FL,12,2022-04-30,358464.19987729896
1176,Martin County,FL,12,2022-04-30,425220.4892993104
938,Citrus County,FL,12,2022-04-30,261953.3525050305
1409,Sumter County,FL,12,2022-04-30,386380.0683220413
1707,Flagler County,FL,12,2022-04-30,374452.1085708767
2724,Highlands County,FL,12,2022-04-30,206362.11617730896
1251,Nassau County,FL,12,2022-04-30,448804.9366398556
1214,Monroe County,FL,12,2022-04-30,911968.8224387058
1468,Walton County,FL,12,2022-04-30,690518.2913846634
1338,Putnam County,FL,12,2022-04-30,197325.5796494556
2212,Columbia County,FL,12,2022-04-30,236472.8179888908
1794,Jackson County,FL,12,2022-04-30,163829.4093008436
1717,Gadsden County,FL,12,2022-04-30,166852.3383362095
2570,Suwannee County,FL,12,2022-04-30,238928.5212704113
234,Levy County,FL,12,2022-04-30,258204.9173481368
2990,Okeechobee County,FL,12,2022-04-30,233317.7430728197
1093,Hendry County,FL,12,2022-04-30,232984.2494811105
1659,De Soto County,FL,12,2022-04-30,243244.17144712908
2066,Wakulla County,FL,12,2022-04-30,251986.0582697159
378,Baker County,FL,12,2022-04-30,290346.05713600694
2148,Bradford County,FL,12,2022-04-30,214022.9912001351
1076,Hardee County,FL,12,2022-04-30,188103.4290965359
3050,Washington County,FL,12,2022-04-30,197996.01548071552
1419,Taylor County,FL,12,2022-04-30,174601.92822604498
1094,Holmes County,FL,12,2022-04-30,187597.41936311856
1896,Madison County,FL,12,2022-04-30,189349.10217725232
2704,Gilchrist County,FL,12,2022-04-30,248468.1523424537
480,Dixie County,FL,12,2022-04-30,195481.51606643145
762,Union County,FL,12,2022-04-30,201387.07495149632
169,Gulf County,FL,12,2022-04-30,370016.92435888416
2735,Jefferson County,FL,12,2022-04-30,254705.44091785068
2315,Hamilton County,FL,12,2022-04-30,167534.75726570116
1571,Calhoun County,FL,12,2022-04-30,166509.30697892696
2272,Franklin County,FL,12,2022-04-30,426751.7764263575
1042,Glades County,FL,12,2022-04-30,215624.96610845032
2769,Lafayette County,FL,12,2022-04-30,212742.46525929347
1858,Liberty County,FL,12,2022-04-30,167637.58490028404
2964,Miami-Dade County,FL,12,2022-05-31,445696.4817106323
1561,Broward County,FL,12,2022-05-31,390318.0125752401
2993,Palm Beach County,FL,12,2022-05-31,450501.02664262353
3165,Hillsborough County,FL,12,2022-05-31,378179.6053056175
1287,Orange County,FL,12,2022-05-31,381554.445405877
489,Duval County,FL,12,2022-05-31,297762.7832586995
2480,Pinellas County,FL,12,2022-05-31,377035.1230093397
80,Lee County,FL,12,2022-05-31,387289.8914523909
285,Polk County,FL,12,2022-05-31,302290.351481034
1556,Brevard County,FL,12,2022-05-31,341435.1327239084
669,Pasco County,FL,12,2022-05-31,340087.15576497844
2063,Volusia County,FL,12,2022-05-31,321749.51393002924
2538,Seminole County,FL,12,2022-05-31,378534.6014705107
2528,Sarasota County,FL,12,2022-05-31,454763.0574589064
1916,Manatee County,FL,12,2022-05-31,451226.4822359842
1957,Osceola County,FL,12,2022-05-31,365183.22454677714
219,Lake County,FL,12,2022-05-31,356516.972706296
1638,Collier County,FL,12,2022-05-31,586102.5108762732
1161,Marion County,FL,12,2022-05-31,269489.4871005638
3131,Saint Lucie County,FL,12,2022-05-31,366461.6890443586
2259,Escambia County,FL,12,2022-05-31,263982.91760651296
232,Leon County,FL,12,2022-05-31,263891.2661425192
1509,Alachua County,FL,12,2022-05-31,281340.58341901016
3128,Saint Johns County,FL,12,2022-05-31,500700.8028993523
118,Clay County,FL,12,2022-05-31,332929.3164462455
2460,Okaloosa County,FL,12,2022-05-31,354239.04694069084
2341,Hernando County,FL,12,2022-05-31,304550.2870088537
2650,Charlotte County,FL,12,2022-05-31,365171.2474615868
3026,Santa Rosa County,FL,12,2022-05-31,335668.6066437984
67,Bay County,FL,12,2022-05-31,345391.1043547967
3168,Indian River County,FL,12,2022-05-31,367963.190864932
1176,Martin County,FL,12,2022-05-31,438967.731615144
938,Citrus County,FL,12,2022-05-31,268510.4024216042
1409,Sumter County,FL,12,2022-05-31,397412.1411771385
1707,Flagler County,FL,12,2022-05-31,383290.2436736432
2724,Highlands County,FL,12,2022-05-31,210751.73415106745
1251,Nassau County,FL,12,2022-05-31,461071.55277966586
1214,Monroe County,FL,12,2022-05-31,944440.3586969188
1468,Walton County,FL,12,2022-05-31,709779.9486958449
1338,Putnam County,FL,12,2022-05-31,201341.39711291864
2212,Columbia County,FL,12,2022-05-31,241000.0795431373
1794,Jackson County,FL,12,2022-05-31,166676.2664333525
1717,Gadsden County,FL,12,2022-05-31,170116.28466635288
2570,Suwannee County,FL,12,2022-05-31,242553.9002578949
234,Levy County,FL,12,2022-05-31,263550.4230068638
2990,Okeechobee County,FL,12,2022-05-31,239533.8890690685
1093,Hendry County,FL,12,2022-05-31,238529.5590928848
1659,De Soto County,FL,12,2022-05-31,250113.8786321171
2066,Wakulla County,FL,12,2022-05-31,256980.2197249415
378,Baker County,FL,12,2022-05-31,295862.61040696147
2148,Bradford County,FL,12,2022-05-31,219207.0791311508
1076,Hardee County,FL,12,2022-05-31,191026.55166573427
3050,Washington County,FL,12,2022-05-31,201387.4555053241
1419,Taylor County,FL,12,2022-05-31,178724.30718835944
1094,Holmes County,FL,12,2022-05-31,191469.2133686893
1896,Madison County,FL,12,2022-05-31,192837.5555399136
2704,Gilchrist County,FL,12,2022-05-31,253634.1807519748
480,Dixie County,FL,12,2022-05-31,199232.2733579596
762,Union County,FL,12,2022-05-31,206159.1954927052
169,Gulf County,FL,12,2022-05-31,378035.41260549234
2735,Jefferson County,FL,12,2022-05-31,259480.89677520943
2315,Hamilton County,FL,12,2022-05-31,172547.4310398982
1571,Calhoun County,FL,12,2022-05-31,169143.8980613723
2272,Franklin County,FL,12,2022-05-31,434827.2189126157
1042,Glades County,FL,12,2022-05-31,222207.75377358368
2769,Lafayette County,FL,12,2022-05-31,217206.78797454885
1858,Liberty County,FL,12,2022-05-31,170602.5246011742
2964,Miami-Dade County,FL,12,2022-06-30,454752.5324550378
1561,Broward County,FL,12,2022-06-30,398578.91300117504
2993,Palm Beach County,FL,12,2022-06-30,461958.6545641717
3165,Hillsborough County,FL,12,2022-06-30,387666.3048684849
1287,Orange County,FL,12,2022-06-30,389732.81453989545
489,Duval County,FL,12,2022-06-30,303313.433829022
2480,Pinellas County,FL,12,2022-06-30,385890.10402906407
80,Lee County,FL,12,2022-06-30,398221.39886820107
285,Polk County,FL,12,2022-06-30,309367.1551461266
1556,Brevard County,FL,12,2022-06-30,349325.2687074463
669,Pasco County,FL,12,2022-06-30,348877.9905988202
2063,Volusia County,FL,12,2022-06-30,329111.37132768746
2538,Seminole County,FL,12,2022-06-30,386219.9417695827
2528,Sarasota County,FL,12,2022-06-30,467348.9003487926
1916,Manatee County,FL,12,2022-06-30,464196.0247376959
1957,Osceola County,FL,12,2022-06-30,374707.149899289
219,Lake County,FL,12,2022-06-30,364955.6918608404
1638,Collier County,FL,12,2022-06-30,602513.8826477514
1161,Marion County,FL,12,2022-06-30,276201.68287632364
3131,Saint Lucie County,FL,12,2022-06-30,374905.81736999896
2259,Escambia County,FL,12,2022-06-30,268548.8943926843
232,Leon County,FL,12,2022-06-30,267814.9649387539
1509,Alachua County,FL,12,2022-06-30,285779.0529598421
3128,Saint Johns County,FL,12,2022-06-30,511577.2612464801
118,Clay County,FL,12,2022-06-30,339965.71502593503
2460,Okaloosa County,FL,12,2022-06-30,359973.5204520221
2341,Hernando County,FL,12,2022-06-30,313321.59798410005
2650,Charlotte County,FL,12,2022-06-30,375289.7168797876
3026,Santa Rosa County,FL,12,2022-06-30,341209.37130181934
67,Bay County,FL,12,2022-06-30,351686.1026576259
3168,Indian River County,FL,12,2022-06-30,376743.82161560486
1176,Martin County,FL,12,2022-06-30,450220.6052317839
938,Citrus County,FL,12,2022-06-30,274850.3447202326
1409,Sumter County,FL,12,2022-06-30,406950.7901851824
1707,Flagler County,FL,12,2022-06-30,391170.8051575565
2724,Highlands County,FL,12,2022-06-30,215326.39544817168
1251,Nassau County,FL,12,2022-06-30,471600.3348839485
1214,Monroe County,FL,12,2022-06-30,970845.5670766194
1468,Walton County,FL,12,2022-06-30,727067.0763751096
1338,Putnam County,FL,12,2022-06-30,206257.0863598397
2212,Columbia County,FL,12,2022-06-30,245298.7114560241
1794,Jackson County,FL,12,2022-06-30,170021.69173704495
1717,Gadsden County,FL,12,2022-06-30,173567.916669493
2570,Suwannee County,FL,12,2022-06-30,246385.49797256
234,Levy County,FL,12,2022-06-30,268929.72441854473
2990,Okeechobee County,FL,12,2022-06-30,246094.6391671979
1093,Hendry County,FL,12,2022-06-30,243670.5297122333
1659,De Soto County,FL,12,2022-06-30,256158.01838272205
2066,Wakulla County,FL,12,2022-06-30,261665.9190624437
378,Baker County,FL,12,2022-06-30,300823.8656904141
2148,Bradford County,FL,12,2022-06-30,224520.6444983409
1076,Hardee County,FL,12,2022-06-30,193961.4673061757
3050,Washington County,FL,12,2022-06-30,204586.13857009588
1419,Taylor County,FL,12,2022-06-30,183654.93381667908
1094,Holmes County,FL,12,2022-06-30,195653.6676779118
1896,Madison County,FL,12,2022-06-30,196900.45244557297
2704,Gilchrist County,FL,12,2022-06-30,259210.8005135836
480,Dixie County,FL,12,2022-06-30,203744.3555178095
762,Union County,FL,12,2022-06-30,211166.0289120406
169,Gulf County,FL,12,2022-06-30,385736.8583597479
2735,Jefferson County,FL,12,2022-06-30,264469.58816756355
2315,Hamilton County,FL,12,2022-06-30,177571.35788282263
1571,Calhoun County,FL,12,2022-06-30,172443.92649347134
2272,Franklin County,FL,12,2022-06-30,442931.4720125424
1042,Glades County,FL,12,2022-06-30,228235.440854268
2769,Lafayette County,FL,12,2022-06-30,222139.01554821056
1858,Liberty County,FL,12,2022-06-30,174022.86222363953
2964,Miami-Dade County,FL,12,2022-07-31,461876.41478988994
1561,Broward County,FL,12,2022-07-31,404607.6658687682
2993,Palm Beach County,FL,12,2022-07-31,469489.2986025488
3165,Hillsborough County,FL,12,2022-07-31,393974.9188704963
1287,Orange County,FL,12,2022-07-31,395285.3576556617
489,Duval County,FL,12,2022-07-31,306996.72622549225
2480,Pinellas County,FL,12,2022-07-31,391721.80354856845
80,Lee County,FL,12,2022-07-31,405257.5589791869
285,Polk County,FL,12,2022-07-31,314387.1968793183
1556,Brevard County,FL,12,2022-07-31,354482.0789003267
669,Pasco County,FL,12,2022-07-31,354786.99663332925
2063,Volusia County,FL,12,2022-07-31,334389.19850943185
2538,Seminole County,FL,12,2022-07-31,391562.8487495316
2528,Sarasota County,FL,12,2022-07-31,474865.8205645334
1916,Manatee County,FL,12,2022-07-31,472133.43537704
1957,Osceola County,FL,12,2022-07-31,381749.05815717374
219,Lake County,FL,12,2022-07-31,370613.47559889295
1638,Collier County,FL,12,2022-07-31,611381.6415239505
1161,Marion County,FL,12,2022-07-31,281324.07361948333
3131,Saint Lucie County,FL,12,2022-07-31,381102.0749078929
2259,Escambia County,FL,12,2022-07-31,271359.53125472524
232,Leon County,FL,12,2022-07-31,269987.48485120846
1509,Alachua County,FL,12,2022-07-31,288992.08987018274
3128,Saint Johns County,FL,12,2022-07-31,518497.1994264561
118,Clay County,FL,12,2022-07-31,344663.54808927723
2460,Okaloosa County,FL,12,2022-07-31,363249.4034307948
2341,Hernando County,FL,12,2022-07-31,320104.88700215524
2650,Charlotte County,FL,12,2022-07-31,382044.2783989939
3026,Santa Rosa County,FL,12,2022-07-31,344511.3625197461
67,Bay County,FL,12,2022-07-31,355849.4929422036
3168,Indian River County,FL,12,2022-07-31,382765.5310740164
1176,Martin County,FL,12,2022-07-31,456736.9400026752
938,Citrus County,FL,12,2022-07-31,279229.8975359723
1409,Sumter County,FL,12,2022-07-31,413003.1401708029
1707,Flagler County,FL,12,2022-07-31,396190.1408682336
2724,Highlands County,FL,12,2022-07-31,218968.94572864464
1251,Nassau County,FL,12,2022-07-31,478304.1937627184
1214,Monroe County,FL,12,2022-07-31,983955.1981705688
1468,Walton County,FL,12,2022-07-31,735507.1559549024
1338,Putnam County,FL,12,2022-07-31,209639.9717126625
2212,Columbia County,FL,12,2022-07-31,248639.2585846597
1794,Jackson County,FL,12,2022-07-31,172609.11238206492
1717,Gadsden County,FL,12,2022-07-31,176986.63373196998
2570,Suwannee County,FL,12,2022-07-31,248048.56217525623
234,Levy County,FL,12,2022-07-31,271662.24064616585
2990,Okeechobee County,FL,12,2022-07-31,250760.94309711145
1093,Hendry County,FL,12,2022-07-31,248125.79305426
1659,De Soto County,FL,12,2022-07-31,259818.9922697908
2066,Wakulla County,FL,12,2022-07-31,264619.33563342894
378,Baker County,FL,12,2022-07-31,302693.97441026085
2148,Bradford County,FL,12,2022-07-31,228640.34188905908
1076,Hardee County,FL,12,2022-07-31,196337.11059777645
3050,Washington County,FL,12,2022-07-31,206048.30987721487
1419,Taylor County,FL,12,2022-07-31,187118.172952089
1094,Holmes County,FL,12,2022-07-31,197470.02225843
1896,Madison County,FL,12,2022-07-31,199210.9277817416
2704,Gilchrist County,FL,12,2022-07-31,263179.13096683944
480,Dixie County,FL,12,2022-07-31,205898.56389864665
762,Union County,FL,12,2022-07-31,215825.65200742843
169,Gulf County,FL,12,2022-07-31,390617.9881679462
2735,Jefferson County,FL,12,2022-07-31,267668.8301181524
2315,Hamilton County,FL,12,2022-07-31,181582.32903703992
1571,Calhoun County,FL,12,2022-07-31,175181.75361824952
2272,Franklin County,FL,12,2022-07-31,447036.5650134336
1042,Glades County,FL,12,2022-07-31,232852.2866155304
2769,Lafayette County,FL,12,2022-07-31,224335.9972186675
1858,Liberty County,FL,12,2022-07-31,175782.78190510915
2964,Miami-Dade County,FL,12,2022-08-31,466863.7141039607
1561,Broward County,FL,12,2022-08-31,408277.1611954978
2993,Palm Beach County,FL,12,2022-08-31,472982.4458204997
3165,Hillsborough County,FL,12,2022-08-31,396840.6409710584
1287,Orange County,FL,12,2022-08-31,398358.35017129965
489,Duval County,FL,12,2022-08-31,309134.6019671804
2480,Pinellas County,FL,12,2022-08-31,394418.0012959587
80,Lee County,FL,12,2022-08-31,408015.90665241145
285,Polk County,FL,12,2022-08-31,317247.27953493927
1556,Brevard County,FL,12,2022-08-31,356898.4598269018
669,Pasco County,FL,12,2022-08-31,357586.2410740505
2063,Volusia County,FL,12,2022-08-31,337198.1404505924
2538,Seminole County,FL,12,2022-08-31,394330.2716873786
2528,Sarasota County,FL,12,2022-08-31,477020.3397374695
1916,Manatee County,FL,12,2022-08-31,475040.1882371887
1957,Osceola County,FL,12,2022-08-31,385536.6294244488
219,Lake County,FL,12,2022-08-31,373325.54862908577
1638,Collier County,FL,12,2022-08-31,613935.5940716219
1161,Marion County,FL,12,2022-08-31,284536.7128849753
3131,Saint Lucie County,FL,12,2022-08-31,384632.4343110427
2259,Escambia County,FL,12,2022-08-31,272365.23076741415
232,Leon County,FL,12,2022-08-31,270433.5088677448
1509,Alachua County,FL,12,2022-08-31,290742.4143797701
3128,Saint Johns County,FL,12,2022-08-31,520599.04625202063
118,Clay County,FL,12,2022-08-31,347249.5714730583
2460,Okaloosa County,FL,12,2022-08-31,363804.1372559992
2341,Hernando County,FL,12,2022-08-31,324064.6155321252
2650,Charlotte County,FL,12,2022-08-31,384636.0225213654
3026,Santa Rosa County,FL,12,2022-08-31,345826.2715627768
67,Bay County,FL,12,2022-08-31,357558.8874381012
3168,Indian River County,FL,12,2022-08-31,385765.8682635101
1176,Martin County,FL,12,2022-08-31,458838.2229902251
938,Citrus County,FL,12,2022-08-31,281566.1680379485
1409,Sumter County,FL,12,2022-08-31,415563.2734198933
1707,Flagler County,FL,12,2022-08-31,397896.3309679064
2724,Highlands County,FL,12,2022-08-31,221273.01320530288
1251,Nassau County,FL,12,2022-08-31,480504.26576637983
1214,Monroe County,FL,12,2022-08-31,984380.4274488392
1468,Walton County,FL,12,2022-08-31,735460.5747194048
1338,Putnam County,FL,12,2022-08-31,210735.20883124133
2212,Columbia County,FL,12,2022-08-31,250447.8371514805
1794,Jackson County,FL,12,2022-08-31,174474.5376283994
1717,Gadsden County,FL,12,2022-08-31,180374.0052674776
2570,Suwannee County,FL,12,2022-08-31,247591.43473309744
234,Levy County,FL,12,2022-08-31,271654.3604850667
2990,Okeechobee County,FL,12,2022-08-31,253036.67675012044
1093,Hendry County,FL,12,2022-08-31,250884.05462505305
1659,De Soto County,FL,12,2022-08-31,261748.74262306315
2066,Wakulla County,FL,12,2022-08-31,266334.4009130316
378,Baker County,FL,12,2022-08-31,302543.0055711001
2148,Bradford County,FL,12,2022-08-31,230436.07949575168
1076,Hardee County,FL,12,2022-08-31,198234.9398580424
3050,Washington County,FL,12,2022-08-31,206079.22784092123
1419,Taylor County,FL,12,2022-08-31,188502.37352993828
1094,Holmes County,FL,12,2022-08-31,197464.69362944947
1896,Madison County,FL,12,2022-08-31,199727.815643581
2704,Gilchrist County,FL,12,2022-08-31,265001.032759876
480,Dixie County,FL,12,2022-08-31,205452.7589001008
762,Union County,FL,12,2022-08-31,220076.5461647157
169,Gulf County,FL,12,2022-08-31,393488.4269673336
2735,Jefferson County,FL,12,2022-08-31,269381.4015875521
2315,Hamilton County,FL,12,2022-08-31,183828.76666920315
1571,Calhoun County,FL,12,2022-08-31,177092.57054409652
2272,Franklin County,FL,12,2022-08-31,446741.81397960376
1042,Glades County,FL,12,2022-08-31,235450.5069271088
2769,Lafayette County,FL,12,2022-08-31,223252.2181603344
1858,Liberty County,FL,12,2022-08-31,176344.2157473839
2964,Miami-Dade County,FL,12,2022-09-30,469448.0559988857
1561,Broward County,FL,12,2022-09-30,409600.59390673134
2993,Palm Beach County,FL,12,2022-09-30,473147.30619178526
3165,Hillsborough County,FL,12,2022-09-30,396582.2279985212
1287,Orange County,FL,12,2022-09-30,399114.8743880615
489,Duval County,FL,12,2022-09-30,309998.39515484584
2480,Pinellas County,FL,12,2022-09-30,394018.2457007624
80,Lee County,FL,12,2022-09-30,407207.1117087196
285,Polk County,FL,12,2022-09-30,317866.1043595583
1556,Brevard County,FL,12,2022-09-30,357091.34141393175
669,Pasco County,FL,12,2022-09-30,357416.4498040492
2063,Volusia County,FL,12,2022-09-30,337949.55919228547
2538,Seminole County,FL,12,2022-09-30,394837.98511797335
2528,Sarasota County,FL,12,2022-09-30,474923.85285629897
1916,Manatee County,FL,12,2022-09-30,473476.5455620789
1957,Osceola County,FL,12,2022-09-30,386485.0822430104
219,Lake County,FL,12,2022-09-30,373247.3299105687
1638,Collier County,FL,12,2022-09-30,611140.3295367147
1161,Marion County,FL,12,2022-09-30,285694.2429045216
3131,Saint Lucie County,FL,12,2022-09-30,385385.3356304877
2259,Escambia County,FL,12,2022-09-30,272226.82682794164
232,Leon County,FL,12,2022-09-30,269597.3080621033
1509,Alachua County,FL,12,2022-09-30,291130.3301633588
3128,Saint Johns County,FL,12,2022-09-30,518832.1474491717
118,Clay County,FL,12,2022-09-30,347690.4507662434
2460,Okaloosa County,FL,12,2022-09-30,362868.2410452992
2341,Hernando County,FL,12,2022-09-30,324975.9681389516
2650,Charlotte County,FL,12,2022-09-30,383655.699906586
3026,Santa Rosa County,FL,12,2022-09-30,345089.9675191884
67,Bay County,FL,12,2022-09-30,357304.9874042566
3168,Indian River County,FL,12,2022-09-30,386058.46764841216
1176,Martin County,FL,12,2022-09-30,457690.06983694393
938,Citrus County,FL,12,2022-09-30,281798.1357611488
1409,Sumter County,FL,12,2022-09-30,415329.9031791476
1707,Flagler County,FL,12,2022-09-30,396641.2869802507
2724,Highlands County,FL,12,2022-09-30,221970.54228211625
1251,Nassau County,FL,12,2022-09-30,479411.3127635063
1214,Monroe County,FL,12,2022-09-30,977300.5369042206
1468,Walton County,FL,12,2022-09-30,729373.3206794703
1338,Putnam County,FL,12,2022-09-30,209370.37912548528
2212,Columbia County,FL,12,2022-09-30,250832.71752477577
1794,Jackson County,FL,12,2022-09-30,174406.41340540836
1717,Gadsden County,FL,12,2022-09-30,182643.97140229505
2570,Suwannee County,FL,12,2022-09-30,244567.2997890525
234,Levy County,FL,12,2022-09-30,269233.9694648316
2990,Okeechobee County,FL,12,2022-09-30,253064.4922939474
1093,Hendry County,FL,12,2022-09-30,252261.70921860216
1659,De Soto County,FL,12,2022-09-30,261772.6655546056
2066,Wakulla County,FL,12,2022-09-30,266528.4377613606
378,Baker County,FL,12,2022-09-30,300720.9710927915
2148,Bradford County,FL,12,2022-09-30,229570.9157070885
1076,Hardee County,FL,12,2022-09-30,198809.6094816903
3050,Washington County,FL,12,2022-09-30,204758.9606027412
1419,Taylor County,FL,12,2022-09-30,187236.82965693413
1094,Holmes County,FL,12,2022-09-30,194640.70462133785
1896,Madison County,FL,12,2022-09-30,197329.0229633187
2704,Gilchrist County,FL,12,2022-09-30,264220.6882732156
480,Dixie County,FL,12,2022-09-30,201464.9182938792
762,Union County,FL,12,2022-09-30,223050.5042742868
169,Gulf County,FL,12,2022-09-30,394568.5401978533
2735,Jefferson County,FL,12,2022-09-30,269066.0285965398
2315,Hamilton County,FL,12,2022-09-30,184487.6218021276
1571,Calhoun County,FL,12,2022-09-30,177611.4909712849
2272,Franklin County,FL,12,2022-09-30,442180.7977907184
1042,Glades County,FL,12,2022-09-30,235831.02479059863
2769,Lafayette County,FL,12,2022-09-30,219868.75917676897
1858,Liberty County,FL,12,2022-09-30,175089.66414879248
2964,Miami-Dade County,FL,12,2022-10-31,471123.31468138105
1561,Broward County,FL,12,2022-10-31,410449.618958049
2993,Palm Beach County,FL,12,2022-10-31,472659.9795913312
3165,Hillsborough County,FL,12,2022-10-31,394817.2543699484
1287,Orange County,FL,12,2022-10-31,399008.0516100179
489,Duval County,FL,12,2022-10-31,310477.6392330217
2480,Pinellas County,FL,12,2022-10-31,392493.9855041906
80,Lee County,FL,12,2022-10-31,405121.8103550629
285,Polk County,FL,12,2022-10-31,317338.8263265151
1556,Brevard County,FL,12,2022-10-31,356737.00386020594
669,Pasco County,FL,12,2022-10-31,355950.2901123787
2063,Volusia County,FL,12,2022-10-31,337831.5102348577
2538,Seminole County,FL,12,2022-10-31,394588.7923341855
2528,Sarasota County,FL,12,2022-10-31,471945.2951304828
1916,Manatee County,FL,12,2022-10-31,470567.21908113855
1957,Osceola County,FL,12,2022-10-31,385808.7992840204
219,Lake County,FL,12,2022-10-31,372256.768611978
1638,Collier County,FL,12,2022-10-31,608335.3945944885
1161,Marion County,FL,12,2022-10-31,286032.0431657312
3131,Saint Lucie County,FL,12,2022-10-31,384553.5142139022
2259,Escambia County,FL,12,2022-10-31,271763.97232479905
232,Leon County,FL,12,2022-10-31,268839.51503399864
1509,Alachua County,FL,12,2022-10-31,291148.6867786444
3128,Saint Johns County,FL,12,2022-10-31,516520.42296048935
118,Clay County,FL,12,2022-10-31,347278.7358501727
2460,Okaloosa County,FL,12,2022-10-31,361968.5701208048
2341,Hernando County,FL,12,2022-10-31,323934.6075733271
2650,Charlotte County,FL,12,2022-10-31,381576.409267162
3026,Santa Rosa County,FL,12,2022-10-31,344313.5481076885
67,Bay County,FL,12,2022-10-31,357088.3251220749
3168,Indian River County,FL,12,2022-10-31,385340.5221582153
1176,Martin County,FL,12,2022-10-31,456556.9551824249
938,Citrus County,FL,12,2022-10-31,281604.6313782497
1409,Sumter County,FL,12,2022-10-31,413867.0619218585
1707,Flagler County,FL,12,2022-10-31,393977.31907038233
2724,Highlands County,FL,12,2022-10-31,222576.6053212152
1251,Nassau County,FL,12,2022-10-31,477920.9777727493
1214,Monroe County,FL,12,2022-10-31,972050.1679720478
1468,Walton County,FL,12,2022-10-31,724569.1258501931
1338,Putnam County,FL,12,2022-10-31,207623.5665896168
2212,Columbia County,FL,12,2022-10-31,250610.1843055494
1794,Jackson County,FL,12,2022-10-31,173708.41493436156
1717,Gadsden County,FL,12,2022-10-31,183502.8957409747
2570,Suwannee County,FL,12,2022-10-31,241206.94211483435
234,Levy County,FL,12,2022-10-31,267460.1718102303
2990,Okeechobee County,FL,12,2022-10-31,252495.25244061192
1093,Hendry County,FL,12,2022-10-31,253089.6539938337
1659,De Soto County,FL,12,2022-10-31,261493.2111211815
2066,Wakulla County,FL,12,2022-10-31,266518.8891409856
378,Baker County,FL,12,2022-10-31,299298.5403917425
2148,Bradford County,FL,12,2022-10-31,227963.1145353918
1076,Hardee County,FL,12,2022-10-31,198874.0107582239
3050,Washington County,FL,12,2022-10-31,203875.84334856828
1419,Taylor County,FL,12,2022-10-31,185714.8324125874
1094,Holmes County,FL,12,2022-10-31,191199.8971167993
1896,Madison County,FL,12,2022-10-31,194533.7379395808
2704,Gilchrist County,FL,12,2022-10-31,263004.03860412183
480,Dixie County,FL,12,2022-10-31,197113.23774889705
762,Union County,FL,12,2022-10-31,224957.30627192065
169,Gulf County,FL,12,2022-10-31,395690.50714325416
2735,Jefferson County,FL,12,2022-10-31,268656.7831154151
2315,Hamilton County,FL,12,2022-10-31,184408.09400836992
1571,Calhoun County,FL,12,2022-10-31,177602.993887529
2272,Franklin County,FL,12,2022-10-31,437044.11259740667
1042,Glades County,FL,12,2022-10-31,235536.65614061992
2769,Lafayette County,FL,12,2022-10-31,216565.24227254835
1858,Liberty County,FL,12,2022-10-31,173410.2611363571
2964,Miami-Dade County,FL,12,2022-11-30,472565.0594533016
1561,Broward County,FL,12,2022-11-30,411780.74848702975
2993,Palm Beach County,FL,12,2022-11-30,472046.9819860401
3165,Hillsborough County,FL,12,2022-11-30,392295.9822437504
1287,Orange County,FL,12,2022-11-30,398489.5967437492
489,Duval County,FL,12,2022-11-30,310651.73212342133
2480,Pinellas County,FL,12,2022-11-30,390116.67498716
80,Lee County,FL,12,2022-11-30,402876.5553277863
285,Polk County,FL,12,2022-11-30,316293.60166872764
1556,Brevard County,FL,12,2022-11-30,356074.3115530871
669,Pasco County,FL,12,2022-11-30,354069.7623861288
2063,Volusia County,FL,12,2022-11-30,337339.958984479
2538,Seminole County,FL,12,2022-11-30,394211.7476499461
2528,Sarasota County,FL,12,2022-11-30,469610.0366017323
1916,Manatee County,FL,12,2022-11-30,467708.44433126855
1957,Osceola County,FL,12,2022-11-30,384765.2969975897
219,Lake County,FL,12,2022-11-30,371214.66669509903
1638,Collier County,FL,12,2022-11-30,606430.8617790401
1161,Marion County,FL,12,2022-11-30,285961.71683989704
3131,Saint Lucie County,FL,12,2022-11-30,382953.2976857693
2259,Escambia County,FL,12,2022-11-30,271445.16007413104
232,Leon County,FL,12,2022-11-30,268211.6209222423
1509,Alachua County,FL,12,2022-11-30,291034.0239836092
3128,Saint Johns County,FL,12,2022-11-30,514145.48924129736
118,Clay County,FL,12,2022-11-30,346403.6484715381
2460,Okaloosa County,FL,12,2022-11-30,361382.2073262524
2341,Hernando County,FL,12,2022-11-30,321982.04923803714
2650,Charlotte County,FL,12,2022-11-30,379396.392709976
3026,Santa Rosa County,FL,12,2022-11-30,343442.65400736337
67,Bay County,FL,12,2022-11-30,357229.49149292614
3168,Indian River County,FL,12,2022-11-30,384530.3934538695
1176,Martin County,FL,12,2022-11-30,456217.0452885232
938,Citrus County,FL,12,2022-11-30,281259.0651794447
1409,Sumter County,FL,12,2022-11-30,412163.56567504624
1707,Flagler County,FL,12,2022-11-30,391046.65827623295
2724,Highlands County,FL,12,2022-11-30,223193.010858553
1251,Nassau County,FL,12,2022-11-30,476622.1035438071
1214,Monroe County,FL,12,2022-11-30,968951.4957876272
1468,Walton County,FL,12,2022-11-30,721680.3044906049
1338,Putnam County,FL,12,2022-11-30,205845.76370515456
2212,Columbia County,FL,12,2022-11-30,250296.09394935565
1794,Jackson County,FL,12,2022-11-30,172603.43368596872
1717,Gadsden County,FL,12,2022-11-30,183413.82183642665
2570,Suwannee County,FL,12,2022-11-30,237915.90416035373
234,Levy County,FL,12,2022-11-30,266126.94426625455
2990,Okeechobee County,FL,12,2022-11-30,252212.0151545367
1093,Hendry County,FL,12,2022-11-30,253203.81125202973
1659,De Soto County,FL,12,2022-11-30,261065.95220457425
2066,Wakulla County,FL,12,2022-11-30,266166.60802381666
378,Baker County,FL,12,2022-11-30,298251.42878429225
2148,Bradford County,FL,12,2022-11-30,226488.9527020603
1076,Hardee County,FL,12,2022-11-30,198494.629922395
3050,Washington County,FL,12,2022-11-30,202950.8224390873
1419,Taylor County,FL,12,2022-11-30,183917.81218740027
1094,Holmes County,FL,12,2022-11-30,186887.27605776608
1896,Madison County,FL,12,2022-11-30,191917.25289118185
2704,Gilchrist County,FL,12,2022-11-30,262036.64907146644
480,Dixie County,FL,12,2022-11-30,193584.219315958
762,Union County,FL,12,2022-11-30,225258.78181467715
169,Gulf County,FL,12,2022-11-30,396574.1189665038
2735,Jefferson County,FL,12,2022-11-30,268123.64541234
2315,Hamilton County,FL,12,2022-11-30,183983.12544786287
1571,Calhoun County,FL,12,2022-11-30,177264.86287730027
2272,Franklin County,FL,12,2022-11-30,433502.97528166097
1042,Glades County,FL,12,2022-11-30,235094.64687074543
2769,Lafayette County,FL,12,2022-11-30,213242.1255209628
1858,Liberty County,FL,12,2022-11-30,171914.76737060884
2964,Miami-Dade County,FL,12,2022-12-31,474289.2673175053
1561,Broward County,FL,12,2022-12-31,413458.27934996784
2993,Palm Beach County,FL,12,2022-12-31,471600.2569685348
3165,Hillsborough County,FL,12,2022-12-31,389426.5339055048
1287,Orange County,FL,12,2022-12-31,397411.3675894775
489,Duval County,FL,12,2022-12-31,309512.6201253691
2480,Pinellas County,FL,12,2022-12-31,387342.5262012659
80,Lee County,FL,12,2022-12-31,401006.9873267165
285,Polk County,FL,12,2022-12-31,314719.75232797884
1556,Brevard County,FL,12,2022-12-31,354715.4157701284
669,Pasco County,FL,12,2022-12-31,351996.2559098724
2063,Volusia County,FL,12,2022-12-31,336328.4497893296
2538,Seminole County,FL,12,2022-12-31,393893.15246041
2528,Sarasota County,FL,12,2022-12-31,467849.5388378633
1916,Manatee County,FL,12,2022-12-31,465546.668941766
1957,Osceola County,FL,12,2022-12-31,383350.1233994836
219,Lake County,FL,12,2022-12-31,369988.2204072109
1638,Collier County,FL,12,2022-12-31,605986.0240078206
1161,Marion County,FL,12,2022-12-31,285693.79535659804
3131,Saint Lucie County,FL,12,2022-12-31,381340.4106133622
2259,Escambia County,FL,12,2022-12-31,271002.3004045224
232,Leon County,FL,12,2022-12-31,267843.2106613159
1509,Alachua County,FL,12,2022-12-31,290801.68967443565
3128,Saint Johns County,FL,12,2022-12-31,511940.100213461
118,Clay County,FL,12,2022-12-31,344921.86423819425
2460,Okaloosa County,FL,12,2022-12-31,360689.22588693415
2341,Hernando County,FL,12,2022-12-31,319603.60860765417
2650,Charlotte County,FL,12,2022-12-31,377196.4316791484
3026,Santa Rosa County,FL,12,2022-12-31,342809.0911130726
67,Bay County,FL,12,2022-12-31,357405.57251033204
3168,Indian River County,FL,12,2022-12-31,383429.4422918302
1176,Martin County,FL,12,2022-12-31,456749.37395524577
938,Citrus County,FL,12,2022-12-31,280593.92399374413
1409,Sumter County,FL,12,2022-12-31,410187.8746684662
1707,Flagler County,FL,12,2022-12-31,387934.3191662983
2724,Highlands County,FL,12,2022-12-31,223349.81828521905
1251,Nassau County,FL,12,2022-12-31,475034.8577690396
1214,Monroe County,FL,12,2022-12-31,966177.2496302668
1468,Walton County,FL,12,2022-12-31,719863.6506686512
1338,Putnam County,FL,12,2022-12-31,203870.05239512247
2212,Columbia County,FL,12,2022-12-31,249402.49400654284
1794,Jackson County,FL,12,2022-12-31,171008.1494281476
1717,Gadsden County,FL,12,2022-12-31,182786.5194664939
2570,Suwannee County,FL,12,2022-12-31,236386.5844564961
234,Levy County,FL,12,2022-12-31,265408.8481540242
2990,Okeechobee County,FL,12,2022-12-31,251740.20796870548
1093,Hendry County,FL,12,2022-12-31,252568.2967166465
1659,De Soto County,FL,12,2022-12-31,260120.30719456763
2066,Wakulla County,FL,12,2022-12-31,265768.32066717464
378,Baker County,FL,12,2022-12-31,296865.38237252645
2148,Bradford County,FL,12,2022-12-31,225236.3820640153
1076,Hardee County,FL,12,2022-12-31,197858.2998798424
3050,Washington County,FL,12,2022-12-31,202229.3684252963
1419,Taylor County,FL,12,2022-12-31,182604.040895528
1094,Holmes County,FL,12,2022-12-31,183080.6444644993
1896,Madison County,FL,12,2022-12-31,191225.1223990885
2704,Gilchrist County,FL,12,2022-12-31,261419.5118174596
480,Dixie County,FL,12,2022-12-31,190983.2872705305
762,Union County,FL,12,2022-12-31,224753.67253342585
169,Gulf County,FL,12,2022-12-31,397166.9092950981
2735,Jefferson County,FL,12,2022-12-31,268098.84288314683
2315,Hamilton County,FL,12,2022-12-31,183328.13050379825
1571,Calhoun County,FL,12,2022-12-31,176365.00446115524
2272,Franklin County,FL,12,2022-12-31,430443.1368541198
1042,Glades County,FL,12,2022-12-31,234129.25134733555
2769,Lafayette County,FL,12,2022-12-31,210323.1915450732
1858,Liberty County,FL,12,2022-12-31,171531.09709151753
2964,Miami-Dade County,FL,12,2023-01-31,475210.8261969701
1561,Broward County,FL,12,2023-01-31,414698.7493602282
2993,Palm Beach County,FL,12,2023-01-31,470666.94745659176
3165,Hillsborough County,FL,12,2023-01-31,386121.3895364572
1287,Orange County,FL,12,2023-01-31,395938.174497652
489,Duval County,FL,12,2023-01-31,307033.41328069574
2480,Pinellas County,FL,12,2023-01-31,384962.38500129455
80,Lee County,FL,12,2023-01-31,398425.3219996052
285,Polk County,FL,12,2023-01-31,312587.31608290755
1556,Brevard County,FL,12,2023-01-31,352551.5040298025
669,Pasco County,FL,12,2023-01-31,349635.6055767655
2063,Volusia County,FL,12,2023-01-31,334394.327666448
2538,Seminole County,FL,12,2023-01-31,393505.7987785799
2528,Sarasota County,FL,12,2023-01-31,466063.2126952266
1916,Manatee County,FL,12,2023-01-31,463537.077168769
1957,Osceola County,FL,12,2023-01-31,381477.26206184266
219,Lake County,FL,12,2023-01-31,368198.8471683925
1638,Collier County,FL,12,2023-01-31,604862.8311615806
1161,Marion County,FL,12,2023-01-31,284549.4214552611
3131,Saint Lucie County,FL,12,2023-01-31,379211.1728699484
2259,Escambia County,FL,12,2023-01-31,270715.0613361157
232,Leon County,FL,12,2023-01-31,267868.2261889076
1509,Alachua County,FL,12,2023-01-31,290215.9816383589
3128,Saint Johns County,FL,12,2023-01-31,508986.3116111052
118,Clay County,FL,12,2023-01-31,342597.17676395486
2460,Okaloosa County,FL,12,2023-01-31,359340.96236804203
2341,Hernando County,FL,12,2023-01-31,316943.9721456718
2650,Charlotte County,FL,12,2023-01-31,374097.0772393315
3026,Santa Rosa County,FL,12,2023-01-31,341666.18184056465
67,Bay County,FL,12,2023-01-31,357327.9305026343
3168,Indian River County,FL,12,2023-01-31,381871.301534974
1176,Martin County,FL,12,2023-01-31,456573.71611266816
938,Citrus County,FL,12,2023-01-31,278905.3806891962
1409,Sumter County,FL,12,2023-01-31,407820.942336248
1707,Flagler County,FL,12,2023-01-31,384581.261104217
2724,Highlands County,FL,12,2023-01-31,222647.1499863853
1251,Nassau County,FL,12,2023-01-31,472440.49819047545
1214,Monroe County,FL,12,2023-01-31,959478.4418677224
1468,Walton County,FL,12,2023-01-31,716947.5069359358
1338,Putnam County,FL,12,2023-01-31,202292.37758777544
2212,Columbia County,FL,12,2023-01-31,247414.23520574253
1794,Jackson County,FL,12,2023-01-31,168816.37947639552
1717,Gadsden County,FL,12,2023-01-31,181889.6948491428
2570,Suwannee County,FL,12,2023-01-31,234781.11365229703
234,Levy County,FL,12,2023-01-31,264321.2270220416
2990,Okeechobee County,FL,12,2023-01-31,251270.36974742645
1093,Hendry County,FL,12,2023-01-31,250691.1839765521
1659,De Soto County,FL,12,2023-01-31,257925.08132292912
2066,Wakulla County,FL,12,2023-01-31,265107.9368048508
378,Baker County,FL,12,2023-01-31,294970.83418740274
2148,Bradford County,FL,12,2023-01-31,224142.41240018167
1076,Hardee County,FL,12,2023-01-31,196790.42221134444
3050,Washington County,FL,12,2023-01-31,201055.2579058434
1419,Taylor County,FL,12,2023-01-31,180858.6009106004
1094,Holmes County,FL,12,2023-01-31,180037.09528719913
1896,Madison County,FL,12,2023-01-31,190502.01219294727
2704,Gilchrist County,FL,12,2023-01-31,261379.7355974282
480,Dixie County,FL,12,2023-01-31,188436.15795090888
762,Union County,FL,12,2023-01-31,223585.30925746207
169,Gulf County,FL,12,2023-01-31,397709.9661578585
2735,Jefferson County,FL,12,2023-01-31,267652.09255025274
2315,Hamilton County,FL,12,2023-01-31,181966.71227668427
1571,Calhoun County,FL,12,2023-01-31,174768.37354110807
2272,Franklin County,FL,12,2023-01-31,426309.5366869004
1042,Glades County,FL,12,2023-01-31,232609.4675936659
2769,Lafayette County,FL,12,2023-01-31,207241.07598468664
1858,Liberty County,FL,12,2023-01-31,171322.283282835
2964,Miami-Dade County,FL,12,2023-02-28,475972.3121302082
1561,Broward County,FL,12,2023-02-28,415170.8450100434
2993,Palm Beach County,FL,12,2023-02-28,469802.4230624056
3165,Hillsborough County,FL,12,2023-02-28,383253.53768098727
1287,Orange County,FL,12,2023-02-28,394703.10325685405
489,Duval County,FL,12,2023-02-28,304388.63880888507
2480,Pinellas County,FL,12,2023-02-28,383833.6810723454
80,Lee County,FL,12,2023-02-28,396338.576793985
285,Polk County,FL,12,2023-02-28,310765.12151011825
1556,Brevard County,FL,12,2023-02-28,350544.5218901926
669,Pasco County,FL,12,2023-02-28,347558.785053796
2063,Volusia County,FL,12,2023-02-28,332501.54710845486
2538,Seminole County,FL,12,2023-02-28,393414.03491154267
2528,Sarasota County,FL,12,2023-02-28,464725.6157521689
1916,Manatee County,FL,12,2023-02-28,462067.3812762555
1957,Osceola County,FL,12,2023-02-28,379689.8771729769
219,Lake County,FL,12,2023-02-28,366475.7283262673
1638,Collier County,FL,12,2023-02-28,604009.3356664289
1161,Marion County,FL,12,2023-02-28,283547.55846327567
3131,Saint Lucie County,FL,12,2023-02-28,377043.025966872
2259,Escambia County,FL,12,2023-02-28,271086.1927894215
232,Leon County,FL,12,2023-02-28,268788.6361923813
1509,Alachua County,FL,12,2023-02-28,289882.2799452245
3128,Saint Johns County,FL,12,2023-02-28,506506.9986412469
118,Clay County,FL,12,2023-02-28,339947.6329011928
2460,Okaloosa County,FL,12,2023-02-28,358006.85878190305
2341,Hernando County,FL,12,2023-02-28,314661.5339412881
2650,Charlotte County,FL,12,2023-02-28,371776.9217633082
3026,Santa Rosa County,FL,12,2023-02-28,341265.4593330364
67,Bay County,FL,12,2023-02-28,358010.88667407323
3168,Indian River County,FL,12,2023-02-28,380367.9919238112
1176,Martin County,FL,12,2023-02-28,456197.70738991554
938,Citrus County,FL,12,2023-02-28,277294.4219497382
1409,Sumter County,FL,12,2023-02-28,405731.06629696296
1707,Flagler County,FL,12,2023-02-28,381867.02266132255
2724,Highlands County,FL,12,2023-02-28,221780.53856531685
1251,Nassau County,FL,12,2023-02-28,470590.5704373945
1214,Monroe County,FL,12,2023-02-28,953491.913272438
1468,Walton County,FL,12,2023-02-28,713118.4397876667
1338,Putnam County,FL,12,2023-02-28,201780.2341824219
2212,Columbia County,FL,12,2023-02-28,245648.31463125232
1794,Jackson County,FL,12,2023-02-28,167008.2406230941
1717,Gadsden County,FL,12,2023-02-28,181734.0760159631
2570,Suwannee County,FL,12,2023-02-28,234609.26239892724
234,Levy County,FL,12,2023-02-28,265204.8682612732
2990,Okeechobee County,FL,12,2023-02-28,251009.8298770748
1093,Hendry County,FL,12,2023-02-28,250112.41601610603
1659,De Soto County,FL,12,2023-02-28,255419.6823257593
2066,Wakulla County,FL,12,2023-02-28,265271.5659826129
378,Baker County,FL,12,2023-02-28,293299.21349062474
2148,Bradford County,FL,12,2023-02-28,224113.4564183881
1076,Hardee County,FL,12,2023-02-28,195864.6865901769
3050,Washington County,FL,12,2023-02-28,201070.28132580649
1419,Taylor County,FL,12,2023-02-28,179959.80672615152
1094,Holmes County,FL,12,2023-02-28,178841.75974502103
1896,Madison County,FL,12,2023-02-28,190543.15151623232
2704,Gilchrist County,FL,12,2023-02-28,262491.61068354273
480,Dixie County,FL,12,2023-02-28,186989.06765495715
762,Union County,FL,12,2023-02-28,224121.4092695121
169,Gulf County,FL,12,2023-02-28,398658.1704269371
2735,Jefferson County,FL,12,2023-02-28,268078.3466329942
2315,Hamilton County,FL,12,2023-02-28,181203.27445451464
1571,Calhoun County,FL,12,2023-02-28,173914.2761726214
2272,Franklin County,FL,12,2023-02-28,422993.6512451405
1042,Glades County,FL,12,2023-02-28,231794.25863121788
2769,Lafayette County,FL,12,2023-02-28,206219.9282871181
1858,Liberty County,FL,12,2023-02-28,172177.28397058233
2964,Miami-Dade County,FL,12,2023-03-31,477234.1848346114
1561,Broward County,FL,12,2023-03-31,415619.5775152692
2993,Palm Beach County,FL,12,2023-03-31,469539.5638121173
3165,Hillsborough County,FL,12,2023-03-31,381501.4387483392
1287,Orange County,FL,12,2023-03-31,394637.2334380995
489,Duval County,FL,12,2023-03-31,302495.81686378183
2480,Pinellas County,FL,12,2023-03-31,384387.0883583591
80,Lee County,FL,12,2023-03-31,395266.4200789344
285,Polk County,FL,12,2023-03-31,309616.0316984159
1556,Brevard County,FL,12,2023-03-31,349374.5578901441
669,Pasco County,FL,12,2023-03-31,346093.8389368213
2063,Volusia County,FL,12,2023-03-31,331191.74937811185
2538,Seminole County,FL,12,2023-03-31,393883.2407523661
2528,Sarasota County,FL,12,2023-03-31,464370.1695069515
1916,Manatee County,FL,12,2023-03-31,461069.3728947775
1957,Osceola County,FL,12,2023-03-31,378657.1638798006
219,Lake County,FL,12,2023-03-31,365390.1860543805
1638,Collier County,FL,12,2023-03-31,603394.0550264695
1161,Marion County,FL,12,2023-03-31,282597.9686783501
3131,Saint Lucie County,FL,12,2023-03-31,375260.7601090469
2259,Escambia County,FL,12,2023-03-31,272299.5767064712
232,Leon County,FL,12,2023-03-31,270248.46591571026
1509,Alachua County,FL,12,2023-03-31,290439.1989136688
3128,Saint Johns County,FL,12,2023-03-31,504697.6924589852
118,Clay County,FL,12,2023-03-31,338078.68116541713
2460,Okaloosa County,FL,12,2023-03-31,357394.7586366091
2341,Hernando County,FL,12,2023-03-31,312918.7417805711
2650,Charlotte County,FL,12,2023-03-31,370460.4123222389
3026,Santa Rosa County,FL,12,2023-03-31,341353.6992836491
67,Bay County,FL,12,2023-03-31,359001.62870743003
3168,Indian River County,FL,12,2023-03-31,379866.5428939818
1176,Martin County,FL,12,2023-03-31,456404.0881714881
938,Citrus County,FL,12,2023-03-31,276437.72155117994
1409,Sumter County,FL,12,2023-03-31,404553.2313892672
1707,Flagler County,FL,12,2023-03-31,380382.930749109
2724,Highlands County,FL,12,2023-03-31,221775.0143369011
1251,Nassau County,FL,12,2023-03-31,470075.76833925536
1214,Monroe County,FL,12,2023-03-31,949630.9031435582
1468,Walton County,FL,12,2023-03-31,708754.0534472301
1338,Putnam County,FL,12,2023-03-31,202641.8662337939
2212,Columbia County,FL,12,2023-03-31,244907.5404261273
1794,Jackson County,FL,12,2023-03-31,166594.3105188543
1717,Gadsden County,FL,12,2023-03-31,182172.0088566781
2570,Suwannee County,FL,12,2023-03-31,235078.1101117128
234,Levy County,FL,12,2023-03-31,267251.9771511192
2990,Okeechobee County,FL,12,2023-03-31,252096.4290502008
1093,Hendry County,FL,12,2023-03-31,251815.9710369053
1659,De Soto County,FL,12,2023-03-31,253390.12404657563
2066,Wakulla County,FL,12,2023-03-31,265877.3859191696
378,Baker County,FL,12,2023-03-31,292357.8512909355
2148,Bradford County,FL,12,2023-03-31,225433.88317552416
1076,Hardee County,FL,12,2023-03-31,195669.71238066943
3050,Washington County,FL,12,2023-03-31,202037.0608961864
1419,Taylor County,FL,12,2023-03-31,179836.23772717235
1094,Holmes County,FL,12,2023-03-31,179341.22956633987
1896,Madison County,FL,12,2023-03-31,190775.1271372471
2704,Gilchrist County,FL,12,2023-03-31,264484.3624942412
480,Dixie County,FL,12,2023-03-31,187420.10719553565
762,Union County,FL,12,2023-03-31,226536.5551181516
169,Gulf County,FL,12,2023-03-31,399943.92608785536
2735,Jefferson County,FL,12,2023-03-31,268952.2617096897
2315,Hamilton County,FL,12,2023-03-31,180686.5953516937
1571,Calhoun County,FL,12,2023-03-31,173735.46528555828
2272,Franklin County,FL,12,2023-03-31,421101.8413950356
1042,Glades County,FL,12,2023-03-31,232712.10210328657
2769,Lafayette County,FL,12,2023-03-31,207363.57808358804
1858,Liberty County,FL,12,2023-03-31,172878.56790340922
2964,Miami-Dade County,FL,12,2023-04-30,479809.17904984485
1561,Broward County,FL,12,2023-04-30,416699.8669323723
2993,Palm Beach County,FL,12,2023-04-30,470062.0516075405
3165,Hillsborough County,FL,12,2023-04-30,381009.4351991327
1287,Orange County,FL,12,2023-04-30,395418.2310768122
489,Duval County,FL,12,2023-04-30,301591.6017907719
2480,Pinellas County,FL,12,2023-04-30,385536.5467053321
80,Lee County,FL,12,2023-04-30,396121.16531547584
285,Polk County,FL,12,2023-04-30,309174.3532448103
1556,Brevard County,FL,12,2023-04-30,349269.37349259807
669,Pasco County,FL,12,2023-04-30,345480.4122797633
2063,Volusia County,FL,12,2023-04-30,330730.52432929416
2538,Seminole County,FL,12,2023-04-30,394607.473608607
2528,Sarasota County,FL,12,2023-04-30,464650.8268500344
1916,Manatee County,FL,12,2023-04-30,460620.140294556
1957,Osceola County,FL,12,2023-04-30,378494.7932171428
219,Lake County,FL,12,2023-04-30,365381.2418476996
1638,Collier County,FL,12,2023-04-30,603956.295572133
1161,Marion County,FL,12,2023-04-30,282363.0366026348
3131,Saint Lucie County,FL,12,2023-04-30,374331.479565154
2259,Escambia County,FL,12,2023-04-30,273672.6292995697
232,Leon County,FL,12,2023-04-30,271954.23248028505
1509,Alachua County,FL,12,2023-04-30,291988.25433060614
3128,Saint Johns County,FL,12,2023-04-30,504227.8702988772
118,Clay County,FL,12,2023-04-30,336806.32260083006
2460,Okaloosa County,FL,12,2023-04-30,357853.9678151055
2341,Hernando County,FL,12,2023-04-30,312032.62886450737
2650,Charlotte County,FL,12,2023-04-30,370270.8887868659
3026,Santa Rosa County,FL,12,2023-04-30,342144.85506480566
67,Bay County,FL,12,2023-04-30,360175.963223212
3168,Indian River County,FL,12,2023-04-30,380345.34608410456
1176,Martin County,FL,12,2023-04-30,457331.3622997198
938,Citrus County,FL,12,2023-04-30,276854.8270691078
1409,Sumter County,FL,12,2023-04-30,404436.003620908
1707,Flagler County,FL,12,2023-04-30,379732.8212272296
2724,Highlands County,FL,12,2023-04-30,222650.87313187603
1251,Nassau County,FL,12,2023-04-30,471454.6670575259
1214,Monroe County,FL,12,2023-04-30,954210.77100681
1468,Walton County,FL,12,2023-04-30,705855.1907068618
1338,Putnam County,FL,12,2023-04-30,203075.2027176315
2212,Columbia County,FL,12,2023-04-30,246075.58944748613
1794,Jackson County,FL,12,2023-04-30,167427.4650552075
1717,Gadsden County,FL,12,2023-04-30,183808.9228786855
2570,Suwannee County,FL,12,2023-04-30,237169.06423570056
234,Levy County,FL,12,2023-04-30,270284.804349571
2990,Okeechobee County,FL,12,2023-04-30,254001.9652022824
1093,Hendry County,FL,12,2023-04-30,256053.7141234985
1659,De Soto County,FL,12,2023-04-30,253110.5147735497
2066,Wakulla County,FL,12,2023-04-30,267037.8336217769
378,Baker County,FL,12,2023-04-30,291862.9716907236
2148,Bradford County,FL,12,2023-04-30,227569.4057029236
1076,Hardee County,FL,12,2023-04-30,196724.8282823477
3050,Washington County,FL,12,2023-04-30,203940.666308756
1419,Taylor County,FL,12,2023-04-30,180768.06424684965
1094,Holmes County,FL,12,2023-04-30,181861.7147029389
1896,Madison County,FL,12,2023-04-30,192572.0834061997
2704,Gilchrist County,FL,12,2023-04-30,267445.62683013285
480,Dixie County,FL,12,2023-04-30,189549.9363787353
762,Union County,FL,12,2023-04-30,230489.8202786669
169,Gulf County,FL,12,2023-04-30,402300.9950675879
2735,Jefferson County,FL,12,2023-04-30,271327.96718759945
2315,Hamilton County,FL,12,2023-04-30,181528.40721195948
1571,Calhoun County,FL,12,2023-04-30,174912.16137193996
2272,Franklin County,FL,12,2023-04-30,421627.2527208983
1042,Glades County,FL,12,2023-04-30,235356.17896093617
2769,Lafayette County,FL,12,2023-04-30,210345.38995032271
1858,Liberty County,FL,12,2023-04-30,174376.70829064972
2964,Miami-Dade County,FL,12,2023-05-31,483163.5730784657
1561,Broward County,FL,12,2023-05-31,418794.3206111121
2993,Palm Beach County,FL,12,2023-05-31,471922.90981998807
3165,Hillsborough County,FL,12,2023-05-31,381747.34608734894
1287,Orange County,FL,12,2023-05-31,396861.0052829804
489,Duval County,FL,12,2023-05-31,301072.4071643367
2480,Pinellas County,FL,12,2023-05-31,387268.37718871
80,Lee County,FL,12,2023-05-31,397746.1960740349
285,Polk County,FL,12,2023-05-31,309013.36963067786
1556,Brevard County,FL,12,2023-05-31,349759.56814246933
669,Pasco County,FL,12,2023-05-31,345435.1448538001
2063,Volusia County,FL,12,2023-05-31,330841.5953455725
2538,Seminole County,FL,12,2023-05-31,396186.17257286335
2528,Sarasota County,FL,12,2023-05-31,465032.1938671274
1916,Manatee County,FL,12,2023-05-31,460472.08181452
1957,Osceola County,FL,12,2023-05-31,378952.61899894
219,Lake County,FL,12,2023-05-31,366102.10783162975
1638,Collier County,FL,12,2023-05-31,605240.1927793456
1161,Marion County,FL,12,2023-05-31,282050.2582022753
3131,Saint Lucie County,FL,12,2023-05-31,374350.1042462671
2259,Escambia County,FL,12,2023-05-31,274627.1362378622
232,Leon County,FL,12,2023-05-31,273600.84890977485
1509,Alachua County,FL,12,2023-05-31,294131.4006941956
3128,Saint Johns County,FL,12,2023-05-31,504675.3856253783
118,Clay County,FL,12,2023-05-31,336259.80053536454
2460,Okaloosa County,FL,12,2023-05-31,358876.7504507013
2341,Hernando County,FL,12,2023-05-31,311688.736301529
2650,Charlotte County,FL,12,2023-05-31,369766.6441187624
3026,Santa Rosa County,FL,12,2023-05-31,343003.05948577553
67,Bay County,FL,12,2023-05-31,360745.78065854014
3168,Indian River County,FL,12,2023-05-31,381361.435827699
1176,Martin County,FL,12,2023-05-31,459189.2497760335
938,Citrus County,FL,12,2023-05-31,277572.3494333035
1409,Sumter County,FL,12,2023-05-31,404333.7835439006
1707,Flagler County,FL,12,2023-05-31,379268.116903847
2724,Highlands County,FL,12,2023-05-31,224218.94324472125
1251,Nassau County,FL,12,2023-05-31,473063.2385795263
1214,Monroe County,FL,12,2023-05-31,963339.9566947892
1468,Walton County,FL,12,2023-05-31,703846.4526426508
1338,Putnam County,FL,12,2023-05-31,203293.4155478103
2212,Columbia County,FL,12,2023-05-31,247534.94638833305
1794,Jackson County,FL,12,2023-05-31,168569.36785924336
1717,Gadsden County,FL,12,2023-05-31,185291.7524803113
2570,Suwannee County,FL,12,2023-05-31,239476.90054780524
234,Levy County,FL,12,2023-05-31,272387.6031420189
2990,Okeechobee County,FL,12,2023-05-31,256477.31575878343
1093,Hendry County,FL,12,2023-05-31,260698.3508596077
1659,De Soto County,FL,12,2023-05-31,253891.5190559665
2066,Wakulla County,FL,12,2023-05-31,268301.09852968104
378,Baker County,FL,12,2023-05-31,291231.5264696813
2148,Bradford County,FL,12,2023-05-31,229583.73811990712
1076,Hardee County,FL,12,2023-05-31,198207.1385448012
3050,Washington County,FL,12,2023-05-31,205360.02736087565
1419,Taylor County,FL,12,2023-05-31,182411.0945802445
1094,Holmes County,FL,12,2023-05-31,184275.3542768452
1896,Madison County,FL,12,2023-05-31,194560.0538373381
2704,Gilchrist County,FL,12,2023-05-31,270183.0444201415
480,Dixie County,FL,12,2023-05-31,191866.0466858228
762,Union County,FL,12,2023-05-31,234399.19312675737
169,Gulf County,FL,12,2023-05-31,404811.2113850985
2735,Jefferson County,FL,12,2023-05-31,273671.3936201088
2315,Hamilton County,FL,12,2023-05-31,183101.66173184616
1571,Calhoun County,FL,12,2023-05-31,176418.80382053577
2272,Franklin County,FL,12,2023-05-31,422123.2415454425
1042,Glades County,FL,12,2023-05-31,238090.1497266928
2769,Lafayette County,FL,12,2023-05-31,213020.691746192
1858,Liberty County,FL,12,2023-05-31,175744.4472832704
2964,Miami-Dade County,FL,12,2023-06-30,487444.0927680771
1561,Broward County,FL,12,2023-06-30,422032.0074264105
2993,Palm Beach County,FL,12,2023-06-30,474745.8278128976
3165,Hillsborough County,FL,12,2023-06-30,383448.75462238136
1287,Orange County,FL,12,2023-06-30,398485.0673581494
489,Duval County,FL,12,2023-06-30,301116.78564603307
2480,Pinellas County,FL,12,2023-06-30,389714.6619852816
80,Lee County,FL,12,2023-06-30,399522.07131504215
285,Polk County,FL,12,2023-06-30,309492.86999335
1556,Brevard County,FL,12,2023-06-30,350921.71277152846
669,Pasco County,FL,12,2023-06-30,346171.705110782
2063,Volusia County,FL,12,2023-06-30,331803.3398578708
2538,Seminole County,FL,12,2023-06-30,398438.107846526
2528,Sarasota County,FL,12,2023-06-30,465742.9797202597
1916,Manatee County,FL,12,2023-06-30,461116.6626406816
1957,Osceola County,FL,12,2023-06-30,380024.9648175536
219,Lake County,FL,12,2023-06-30,367506.0484862419
1638,Collier County,FL,12,2023-06-30,607213.141360839
1161,Marion County,FL,12,2023-06-30,282260.49679709395
3131,Saint Lucie County,FL,12,2023-06-30,375148.1591505517
2259,Escambia County,FL,12,2023-06-30,274971.5040858493
232,Leon County,FL,12,2023-06-30,275513.3215316056
1509,Alachua County,FL,12,2023-06-30,296214.20517547947
3128,Saint Johns County,FL,12,2023-06-30,506329.9926573523
118,Clay County,FL,12,2023-06-30,335883.8087017652
2460,Okaloosa County,FL,12,2023-06-30,360187.27613034565
2341,Hernando County,FL,12,2023-06-30,312183.4269212579
2650,Charlotte County,FL,12,2023-06-30,369830.5148472712
3026,Santa Rosa County,FL,12,2023-06-30,344044.13874554954
67,Bay County,FL,12,2023-06-30,361466.86127571977
3168,Indian River County,FL,12,2023-06-30,382342.75306093664
1176,Martin County,FL,12,2023-06-30,461399.8663354936
938,Citrus County,FL,12,2023-06-30,278867.0073588398
1409,Sumter County,FL,12,2023-06-30,403974.5562349646
1707,Flagler County,FL,12,2023-06-30,378942.2476993888
2724,Highlands County,FL,12,2023-06-30,226220.403981864
1251,Nassau County,FL,12,2023-06-30,474560.5189674576
1214,Monroe County,FL,12,2023-06-30,974335.8849731814
1468,Walton County,FL,12,2023-06-30,704316.00879061
1338,Putnam County,FL,12,2023-06-30,203551.9858215497
2212,Columbia County,FL,12,2023-06-30,249281.6694153635
1794,Jackson County,FL,12,2023-06-30,169842.43825240078
1717,Gadsden County,FL,12,2023-06-30,187111.8309269909
2570,Suwannee County,FL,12,2023-06-30,242090.73901167625
234,Levy County,FL,12,2023-06-30,274807.7436027329
2990,Okeechobee County,FL,12,2023-06-30,259355.29527306143
1093,Hendry County,FL,12,2023-06-30,264895.2901813936
1659,De Soto County,FL,12,2023-06-30,255423.90221383524
2066,Wakulla County,FL,12,2023-06-30,269836.4342902593
378,Baker County,FL,12,2023-06-30,291144.8108449021
2148,Bradford County,FL,12,2023-06-30,232350.65587464115
1076,Hardee County,FL,12,2023-06-30,200329.41848293625
3050,Washington County,FL,12,2023-06-30,206341.8668686071
1419,Taylor County,FL,12,2023-06-30,184223.92769709416
1094,Holmes County,FL,12,2023-06-30,186176.44612357265
1896,Madison County,FL,12,2023-06-30,196078.2469949865
2704,Gilchrist County,FL,12,2023-06-30,272893.00410340965
480,Dixie County,FL,12,2023-06-30,194075.3786874623
762,Union County,FL,12,2023-06-30,238233.2101776701
169,Gulf County,FL,12,2023-06-30,407476.9518615207
2735,Jefferson County,FL,12,2023-06-30,276299.5669523371
2315,Hamilton County,FL,12,2023-06-30,185256.14669597545
1571,Calhoun County,FL,12,2023-06-30,177402.79031596042
2272,Franklin County,FL,12,2023-06-30,423327.38581287855
1042,Glades County,FL,12,2023-06-30,241515.10612440924
2769,Lafayette County,FL,12,2023-06-30,214812.53044295945
1858,Liberty County,FL,12,2023-06-30,177153.6562232
2964,Miami-Dade County,FL,12,2023-07-31,491828.3349518669
1561,Broward County,FL,12,2023-07-31,425479.6983061839
2993,Palm Beach County,FL,12,2023-07-31,477652.2873782467
3165,Hillsborough County,FL,12,2023-07-31,385335.87148571416
1287,Orange County,FL,12,2023-07-31,400395.1314250563
489,Duval County,FL,12,2023-07-31,301201.0503499375
2480,Pinellas County,FL,12,2023-07-31,392186.56550001766
80,Lee County,FL,12,2023-07-31,400684.8662027436
285,Polk County,FL,12,2023-07-31,310390.759854485
1556,Brevard County,FL,12,2023-07-31,352177.20785198634
669,Pasco County,FL,12,2023-07-31,347255.2746859079
2063,Volusia County,FL,12,2023-07-31,333175.6074073355
2538,Seminole County,FL,12,2023-07-31,401295.61140783207
2528,Sarasota County,FL,12,2023-07-31,466034.433089748
1916,Manatee County,FL,12,2023-07-31,461842.75057506113
1957,Osceola County,FL,12,2023-07-31,381238.7794600021
219,Lake County,FL,12,2023-07-31,368738.8177264619
1638,Collier County,FL,12,2023-07-31,608738.1837690179
1161,Marion County,FL,12,2023-07-31,282484.89711903135
3131,Saint Lucie County,FL,12,2023-07-31,376307.2394726506
2259,Escambia County,FL,12,2023-07-31,275159.81344689964
232,Leon County,FL,12,2023-07-31,277108.1531905315
1509,Alachua County,FL,12,2023-07-31,297580.388944092
3128,Saint Johns County,FL,12,2023-07-31,507626.9323626424
118,Clay County,FL,12,2023-07-31,335916.48882626806
2460,Okaloosa County,FL,12,2023-07-31,361348.6141070465
2341,Hernando County,FL,12,2023-07-31,312995.9943035113
2650,Charlotte County,FL,12,2023-07-31,369971.9499928823
3026,Santa Rosa County,FL,12,2023-07-31,344905.9958270428
67,Bay County,FL,12,2023-07-31,361811.4604929322
3168,Indian River County,FL,12,2023-07-31,382908.1622685245
1176,Martin County,FL,12,2023-07-31,463810.3380504607
938,Citrus County,FL,12,2023-07-31,279851.2940046944
1409,Sumter County,FL,12,2023-07-31,402750.2339601496
1707,Flagler County,FL,12,2023-07-31,378503.6958869608
2724,Highlands County,FL,12,2023-07-31,227877.6252977393
1251,Nassau County,FL,12,2023-07-31,474947.0720846421
1214,Monroe County,FL,12,2023-07-31,982836.3090864796
1468,Walton County,FL,12,2023-07-31,704261.5824488681
1338,Putnam County,FL,12,2023-07-31,204310.595197292
2212,Columbia County,FL,12,2023-07-31,250360.55734297284
1794,Jackson County,FL,12,2023-07-31,170894.86574819905
1717,Gadsden County,FL,12,2023-07-31,188628.54896092587
2570,Suwannee County,FL,12,2023-07-31,244123.97050033903
234,Levy County,FL,12,2023-07-31,276960.4301444424
2990,Okeechobee County,FL,12,2023-07-31,261965.08810171843
1093,Hendry County,FL,12,2023-07-31,268343.2846370171
1659,De Soto County,FL,12,2023-07-31,256849.1114082311
2066,Wakulla County,FL,12,2023-07-31,271235.28251672286
378,Baker County,FL,12,2023-07-31,291343.122807149
2148,Bradford County,FL,12,2023-07-31,234715.21990943863
1076,Hardee County,FL,12,2023-07-31,202039.4463614696
3050,Washington County,FL,12,2023-07-31,206958.32390092328
1419,Taylor County,FL,12,2023-07-31,185635.60044194848
1094,Holmes County,FL,12,2023-07-31,186542.0164043371
1896,Madison County,FL,12,2023-07-31,196458.90777113417
2704,Gilchrist County,FL,12,2023-07-31,274230.3037832759
480,Dixie County,FL,12,2023-07-31,195681.6035885188
762,Union County,FL,12,2023-07-31,241346.07615909167
169,Gulf County,FL,12,2023-07-31,409490.19358788105
2735,Jefferson County,FL,12,2023-07-31,278058.27860229363
2315,Hamilton County,FL,12,2023-07-31,187232.9327865333
1571,Calhoun County,FL,12,2023-07-31,177605.7924499697
2272,Franklin County,FL,12,2023-07-31,424338.5178838309
1042,Glades County,FL,12,2023-07-31,244159.19693506687
2769,Lafayette County,FL,12,2023-07-31,215760.9508730253
1858,Liberty County,FL,12,2023-07-31,179041.18249908905
2964,Miami-Dade County,FL,12,2023-08-31,496408.8983018698
1561,Broward County,FL,12,2023-08-31,428960.541266993
2993,Palm Beach County,FL,12,2023-08-31,480138.7884612109
3165,Hillsborough County,FL,12,2023-08-31,387172.32536023576
1287,Orange County,FL,12,2023-08-31,402442.62686966703
489,Duval County,FL,12,2023-08-31,301750.935336062
2480,Pinellas County,FL,12,2023-08-31,394369.0568159308
80,Lee County,FL,12,2023-08-31,401167.7670071441
285,Polk County,FL,12,2023-08-31,311383.7617927469
1556,Brevard County,FL,12,2023-08-31,353568.8208404216
669,Pasco County,FL,12,2023-08-31,348647.97896022367
2063,Volusia County,FL,12,2023-08-31,334671.13661327737
2538,Seminole County,FL,12,2023-08-31,403932.5423817667
2528,Sarasota County,FL,12,2023-08-31,466115.566272172
1916,Manatee County,FL,12,2023-08-31,462632.4822118144
1957,Osceola County,FL,12,2023-08-31,382466.4927650719
219,Lake County,FL,12,2023-08-31,369585.6586371036
1638,Collier County,FL,12,2023-08-31,610344.87759076
1161,Marion County,FL,12,2023-08-31,283179.3430488841
3131,Saint Lucie County,FL,12,2023-08-31,377608.605672717
2259,Escambia County,FL,12,2023-08-31,275973.0805016909
232,Leon County,FL,12,2023-08-31,278714.30586125085
1509,Alachua County,FL,12,2023-08-31,298505.94409719034
3128,Saint Johns County,FL,12,2023-08-31,508738.1666285975
118,Clay County,FL,12,2023-08-31,336181.58581692853
2460,Okaloosa County,FL,12,2023-08-31,362509.4912591118
2341,Hernando County,FL,12,2023-08-31,314133.90746715124
2650,Charlotte County,FL,12,2023-08-31,370107.8086680002
3026,Santa Rosa County,FL,12,2023-08-31,345560.43197278824
67,Bay County,FL,12,2023-08-31,362174.9236716989
3168,Indian River County,FL,12,2023-08-31,383287.0541943928
1176,Martin County,FL,12,2023-08-31,465955.1491251504
938,Citrus County,FL,12,2023-08-31,280630.29911848163
1409,Sumter County,FL,12,2023-08-31,401071.0637146052
1707,Flagler County,FL,12,2023-08-31,377703.2783144021
2724,Highlands County,FL,12,2023-08-31,229200.9607061417
1251,Nassau County,FL,12,2023-08-31,474997.66052088497
1214,Monroe County,FL,12,2023-08-31,986629.9737623548
1468,Walton County,FL,12,2023-08-31,705146.2988566522
1338,Putnam County,FL,12,2023-08-31,204846.2767470243
2212,Columbia County,FL,12,2023-08-31,251435.6259169404
1794,Jackson County,FL,12,2023-08-31,171554.8786434146
1717,Gadsden County,FL,12,2023-08-31,190249.6767850333
2570,Suwannee County,FL,12,2023-08-31,245610.24937788743
234,Levy County,FL,12,2023-08-31,279120.2514377045
2990,Okeechobee County,FL,12,2023-08-31,264018.2405714157
1093,Hendry County,FL,12,2023-08-31,271546.1546094722
1659,De Soto County,FL,12,2023-08-31,257731.57216368185
2066,Wakulla County,FL,12,2023-08-31,272654.0988970901
378,Baker County,FL,12,2023-08-31,292040.92025929765
2148,Bradford County,FL,12,2023-08-31,235953.8105394683
1076,Hardee County,FL,12,2023-08-31,203908.95323481737
3050,Washington County,FL,12,2023-08-31,206657.2923732954
1419,Taylor County,FL,12,2023-08-31,185806.06528750327
1094,Holmes County,FL,12,2023-08-31,186078.3908178589
1896,Madison County,FL,12,2023-08-31,195676.83018673773
2704,Gilchrist County,FL,12,2023-08-31,274880.0213886401
480,Dixie County,FL,12,2023-08-31,196329.508385653
762,Union County,FL,12,2023-08-31,243126.6792061847
169,Gulf County,FL,12,2023-08-31,411027.7786735939
2735,Jefferson County,FL,12,2023-08-31,279561.659913261
2315,Hamilton County,FL,12,2023-08-31,188241.34832467767
1571,Calhoun County,FL,12,2023-08-31,176575.15499919513
2272,Franklin County,FL,12,2023-08-31,425496.07232044864
1042,Glades County,FL,12,2023-08-31,246362.84905579177
2769,Lafayette County,FL,12,2023-08-31,216012.4690662584
1858,Liberty County,FL,12,2023-08-31,180664.1670900782
2964,Miami-Dade County,FL,12,2023-09-30,500238.8594174771
1561,Broward County,FL,12,2023-09-30,431576.0120930952
2993,Palm Beach County,FL,12,2023-09-30,482033.860233366
3165,Hillsborough County,FL,12,2023-09-30,388530.8397256935
1287,Orange County,FL,12,2023-09-30,404444.2404389456
489,Duval County,FL,12,2023-09-30,302043.5403317457
2480,Pinellas County,FL,12,2023-09-30,395258.6153272626
80,Lee County,FL,12,2023-09-30,400902.44347896025
285,Polk County,FL,12,2023-09-30,311876.12365091214
1556,Brevard County,FL,12,2023-09-30,354614.55343230424
669,Pasco County,FL,12,2023-09-30,349847.80137495446
2063,Volusia County,FL,12,2023-09-30,335699.1011059628
2538,Seminole County,FL,12,2023-09-30,405960.35575384734
2528,Sarasota County,FL,12,2023-09-30,465641.75276245456
1916,Manatee County,FL,12,2023-09-30,463401.1340185331
1957,Osceola County,FL,12,2023-09-30,382920.6850143576
219,Lake County,FL,12,2023-09-30,369909.13139069936
1638,Collier County,FL,12,2023-09-30,611681.9337063079
1161,Marion County,FL,12,2023-09-30,283681.7089338488
3131,Saint Lucie County,FL,12,2023-09-30,378985.4110437115
2259,Escambia County,FL,12,2023-09-30,276822.8532062009
232,Leon County,FL,12,2023-09-30,280038.0001292689
1509,Alachua County,FL,12,2023-09-30,298954.53433257755
3128,Saint Johns County,FL,12,2023-09-30,509322.1600469247
118,Clay County,FL,12,2023-09-30,336464.2086741514
2460,Okaloosa County,FL,12,2023-09-30,362985.9157966701
2341,Hernando County,FL,12,2023-09-30,315239.5478649904
2650,Charlotte County,FL,12,2023-09-30,369422.5377655371
3026,Santa Rosa County,FL,12,2023-09-30,345747.5368694646
67,Bay County,FL,12,2023-09-30,361857.252927156
3168,Indian River County,FL,12,2023-09-30,383517.5217690032
1176,Martin County,FL,12,2023-09-30,467530.38952057966
938,Citrus County,FL,12,2023-09-30,280465.1252062586
1409,Sumter County,FL,12,2023-09-30,399303.5840833027
1707,Flagler County,FL,12,2023-09-30,376436.5030237183
2724,Highlands County,FL,12,2023-09-30,229995.0259256766
1251,Nassau County,FL,12,2023-09-30,474956.2009572759
1214,Monroe County,FL,12,2023-09-30,988316.6342864796
1468,Walton County,FL,12,2023-09-30,704943.6418808177
1338,Putnam County,FL,12,2023-09-30,204980.65203616567
2212,Columbia County,FL,12,2023-09-30,251879.95392107184
1794,Jackson County,FL,12,2023-09-30,171976.23204505944
1717,Gadsden County,FL,12,2023-09-30,191556.9379865995
2570,Suwannee County,FL,12,2023-09-30,246264.85566851767
234,Levy County,FL,12,2023-09-30,280698.8669463603
2990,Okeechobee County,FL,12,2023-09-30,265391.2070769989
1093,Hendry County,FL,12,2023-09-30,274339.34828182164
1659,De Soto County,FL,12,2023-09-30,258300.16173703087
2066,Wakulla County,FL,12,2023-09-30,273994.7750998223
378,Baker County,FL,12,2023-09-30,292096.5510277783
2148,Bradford County,FL,12,2023-09-30,235653.77031192472
1076,Hardee County,FL,12,2023-09-30,205319.15484259525
3050,Washington County,FL,12,2023-09-30,206167.9034061677
1419,Taylor County,FL,12,2023-09-30,185827.4409061372
1094,Holmes County,FL,12,2023-09-30,185687.85692074944
1896,Madison County,FL,12,2023-09-30,194563.93600934
2704,Gilchrist County,FL,12,2023-09-30,275159.6240406647
480,Dixie County,FL,12,2023-09-30,196608.60525896787
762,Union County,FL,12,2023-09-30,244232.16169852013
169,Gulf County,FL,12,2023-09-30,412268.4857418909
2735,Jefferson County,FL,12,2023-09-30,280594.8194285185
2315,Hamilton County,FL,12,2023-09-30,189343.4886937785
1571,Calhoun County,FL,12,2023-09-30,176345.51454591507
2272,Franklin County,FL,12,2023-09-30,427118.9181287315
1042,Glades County,FL,12,2023-09-30,247316.1259990449
2769,Lafayette County,FL,12,2023-09-30,216094.3669535383
1858,Liberty County,FL,12,2023-09-30,182618.70843045475
2964,Miami-Dade County,FL,12,2023-10-31,503894.8285789476
1561,Broward County,FL,12,2023-10-31,433914.39272211934
2993,Palm Beach County,FL,12,2023-10-31,484280.4730670445
3165,Hillsborough County,FL,12,2023-10-31,389774.26127700735
1287,Orange County,FL,12,2023-10-31,406409.4172571205
489,Duval County,FL,12,2023-10-31,302262.87466601346
2480,Pinellas County,FL,12,2023-10-31,396154.44700511807
80,Lee County,FL,12,2023-10-31,400275.1276784655
285,Polk County,FL,12,2023-10-31,312086.7632836969
1556,Brevard County,FL,12,2023-10-31,355584.2008959802
669,Pasco County,FL,12,2023-10-31,350927.8895065533
2063,Volusia County,FL,12,2023-10-31,336673.6596889387
2538,Seminole County,FL,12,2023-10-31,407380.0063914837
2528,Sarasota County,FL,12,2023-10-31,465469.2056071596
1916,Manatee County,FL,12,2023-10-31,464225.0868554397
1957,Osceola County,FL,12,2023-10-31,383078.8727021637
219,Lake County,FL,12,2023-10-31,370044.5486355422
1638,Collier County,FL,12,2023-10-31,613644.7978212171
1161,Marion County,FL,12,2023-10-31,284046.4526194668
3131,Saint Lucie County,FL,12,2023-10-31,380558.2369916965
2259,Escambia County,FL,12,2023-10-31,277548.75589353737
232,Leon County,FL,12,2023-10-31,281210.2934197303
1509,Alachua County,FL,12,2023-10-31,299456.6429084896
3128,Saint Johns County,FL,12,2023-10-31,510284.01623664127
118,Clay County,FL,12,2023-10-31,336758.8606421338
2460,Okaloosa County,FL,12,2023-10-31,362656.0517416142
2341,Hernando County,FL,12,2023-10-31,316533.72302736406
2650,Charlotte County,FL,12,2023-10-31,368333.0846083054
3026,Santa Rosa County,FL,12,2023-10-31,345772.63525370444
67,Bay County,FL,12,2023-10-31,361568.5667235945
3168,Indian River County,FL,12,2023-10-31,384166.6619635403
1176,Martin County,FL,12,2023-10-31,468805.4801870975
938,Citrus County,FL,12,2023-10-31,280291.08082413767
1409,Sumter County,FL,12,2023-10-31,397653.5381810614
1707,Flagler County,FL,12,2023-10-31,375124.011383842
2724,Highlands County,FL,12,2023-10-31,230721.55419057145
1251,Nassau County,FL,12,2023-10-31,475202.8498978819
1214,Monroe County,FL,12,2023-10-31,989178.2539814916
1468,Walton County,FL,12,2023-10-31,704879.5400457503
1338,Putnam County,FL,12,2023-10-31,204885.2783868896
2212,Columbia County,FL,12,2023-10-31,251992.16961903928
1794,Jackson County,FL,12,2023-10-31,171774.62359869407
1717,Gadsden County,FL,12,2023-10-31,192572.32626780643
2570,Suwannee County,FL,12,2023-10-31,247126.25326043376
234,Levy County,FL,12,2023-10-31,281962.0030443837
2990,Okeechobee County,FL,12,2023-10-31,266621.8298684442
1093,Hendry County,FL,12,2023-10-31,276925.48382663896
1659,De Soto County,FL,12,2023-10-31,258263.3876257811
2066,Wakulla County,FL,12,2023-10-31,275450.67189366114
378,Baker County,FL,12,2023-10-31,292304.9345411729
2148,Bradford County,FL,12,2023-10-31,234356.8162606925
1076,Hardee County,FL,12,2023-10-31,206834.7191056408
3050,Washington County,FL,12,2023-10-31,205427.7667540745
1419,Taylor County,FL,12,2023-10-31,185717.1832014693
1094,Holmes County,FL,12,2023-10-31,184992.3946518706
1896,Madison County,FL,12,2023-10-31,193649.07173610467
2704,Gilchrist County,FL,12,2023-10-31,275656.44714401057
480,Dixie County,FL,12,2023-10-31,196852.5443218909
762,Union County,FL,12,2023-10-31,244994.63731540795
169,Gulf County,FL,12,2023-10-31,414146.0508117348
2735,Jefferson County,FL,12,2023-10-31,281858.0542505411
2315,Hamilton County,FL,12,2023-10-31,190148.8818247936
1571,Calhoun County,FL,12,2023-10-31,176224.82066689528
2272,Franklin County,FL,12,2023-10-31,430301.2909283668
1042,Glades County,FL,12,2023-10-31,248399.759829286
2769,Lafayette County,FL,12,2023-10-31,216984.69168928493
1858,Liberty County,FL,12,2023-10-31,183641.1588659841
2964,Miami-Dade County,FL,12,2023-11-30,507572.0847357561
1561,Broward County,FL,12,2023-11-30,436449.5184574933
2993,Palm Beach County,FL,12,2023-11-30,486439.2415785458
3165,Hillsborough County,FL,12,2023-11-30,390637.2670776455
1287,Orange County,FL,12,2023-11-30,408185.440688733
489,Duval County,FL,12,2023-11-30,302240.70355124795
2480,Pinellas County,FL,12,2023-11-30,396858.1186356276
80,Lee County,FL,12,2023-11-30,399518.7454101243
285,Polk County,FL,12,2023-11-30,312158.3355153957
1556,Brevard County,FL,12,2023-11-30,356326.213593468
669,Pasco County,FL,12,2023-11-30,351790.21553733206
2063,Volusia County,FL,12,2023-11-30,337486.3598705981
2538,Seminole County,FL,12,2023-11-30,408691.3114868474
2528,Sarasota County,FL,12,2023-11-30,465005.2770086948
1916,Manatee County,FL,12,2023-11-30,464560.7220401445
1957,Osceola County,FL,12,2023-11-30,382944.862827349
219,Lake County,FL,12,2023-11-30,370166.249273953
1638,Collier County,FL,12,2023-11-30,615476.2223335234
1161,Marion County,FL,12,2023-11-30,284076.6935058684
3131,Saint Lucie County,FL,12,2023-11-30,382325.7551443218
2259,Escambia County,FL,12,2023-11-30,277832.0032535249
232,Leon County,FL,12,2023-11-30,282164.9791543795
1509,Alachua County,FL,12,2023-11-30,300006.1561997872
3128,Saint Johns County,FL,12,2023-11-30,510983.39083270775
118,Clay County,FL,12,2023-11-30,337081.69580538385
2460,Okaloosa County,FL,12,2023-11-30,362088.90348405583
2341,Hernando County,FL,12,2023-11-30,317621.5356342764
2650,Charlotte County,FL,12,2023-11-30,367346.1733269854
3026,Santa Rosa County,FL,12,2023-11-30,345784.342527487
67,Bay County,FL,12,2023-11-30,360892.3268265389
3168,Indian River County,FL,12,2023-11-30,384987.224976393
1176,Martin County,FL,12,2023-11-30,469669.2073903926
938,Citrus County,FL,12,2023-11-30,280185.38136239216
1409,Sumter County,FL,12,2023-11-30,396392.72087091446
1707,Flagler County,FL,12,2023-11-30,374027.4189140748
2724,Highlands County,FL,12,2023-11-30,231493.333182285
1251,Nassau County,FL,12,2023-11-30,475534.6333530314
1214,Monroe County,FL,12,2023-11-30,991081.2258542684
1468,Walton County,FL,12,2023-11-30,703268.2506013586
1338,Putnam County,FL,12,2023-11-30,205094.0881375704
2212,Columbia County,FL,12,2023-11-30,252249.46387856329
1794,Jackson County,FL,12,2023-11-30,172033.88588003383
1717,Gadsden County,FL,12,2023-11-30,193469.99671773307
2570,Suwannee County,FL,12,2023-11-30,248201.78851187057
234,Levy County,FL,12,2023-11-30,283330.07047256216
2990,Okeechobee County,FL,12,2023-11-30,267826.13389223954
1093,Hendry County,FL,12,2023-11-30,279086.94557235646
1659,De Soto County,FL,12,2023-11-30,258181.76824929137
2066,Wakulla County,FL,12,2023-11-30,276770.5104262494
378,Baker County,FL,12,2023-11-30,292909.73955284915
2148,Bradford County,FL,12,2023-11-30,233787.63328617843
1076,Hardee County,FL,12,2023-11-30,208494.2630681244
3050,Washington County,FL,12,2023-11-30,205666.82840500167
1419,Taylor County,FL,12,2023-11-30,186301.08780315684
1094,Holmes County,FL,12,2023-11-30,185173.2369677808
1896,Madison County,FL,12,2023-11-30,193730.49886612213
2704,Gilchrist County,FL,12,2023-11-30,276638.73734317016
480,Dixie County,FL,12,2023-11-30,197527.9433996357
762,Union County,FL,12,2023-11-30,246283.23885471065
169,Gulf County,FL,12,2023-11-30,416256.9497688038
2735,Jefferson County,FL,12,2023-11-30,282910.89220776205
2315,Hamilton County,FL,12,2023-11-30,191067.58934092123
1571,Calhoun County,FL,12,2023-11-30,177526.03470553938
2272,Franklin County,FL,12,2023-11-30,435159.120366914
1042,Glades County,FL,12,2023-11-30,249963.41758676816
2769,Lafayette County,FL,12,2023-11-30,219958.5627855141
1858,Liberty County,FL,12,2023-11-30,184993.8350333078
2964,Miami-Dade County,FL,12,2023-12-31,510807.9450448352
1561,Broward County,FL,12,2023-12-31,439059.0696805653
2993,Palm Beach County,FL,12,2023-12-31,488336.2549715084
3165,Hillsborough County,FL,12,2023-12-31,391477.5443129102
1287,Orange County,FL,12,2023-12-31,409747.6317325391
489,Duval County,FL,12,2023-12-31,302405.3976329963
2480,Pinellas County,FL,12,2023-12-31,397805.0391784312
80,Lee County,FL,12,2023-12-31,398632.9203807281
285,Polk County,FL,12,2023-12-31,312299.9054692109
1556,Brevard County,FL,12,2023-12-31,356966.3904161072
669,Pasco County,FL,12,2023-12-31,352529.3708455606
2063,Volusia County,FL,12,2023-12-31,338144.23158788966
2538,Seminole County,FL,12,2023-12-31,409988.1572529024
2528,Sarasota County,FL,12,2023-12-31,464068.8272643751
1916,Manatee County,FL,12,2023-12-31,463965.7121014484
1957,Osceola County,FL,12,2023-12-31,383060.0642396247
219,Lake County,FL,12,2023-12-31,370216.5861958269
1638,Collier County,FL,12,2023-12-31,617127.0107087406
1161,Marion County,FL,12,2023-12-31,283983.9667422967
3131,Saint Lucie County,FL,12,2023-12-31,384162.7881306301
2259,Escambia County,FL,12,2023-12-31,278023.57521325763
232,Leon County,FL,12,2023-12-31,282867.6382127107
1509,Alachua County,FL,12,2023-12-31,300760.3917033604
3128,Saint Johns County,FL,12,2023-12-31,511537.7262910471
118,Clay County,FL,12,2023-12-31,337496.5532831398
2460,Okaloosa County,FL,12,2023-12-31,361613.1946910087
2341,Hernando County,FL,12,2023-12-31,318513.7916966695
2650,Charlotte County,FL,12,2023-12-31,366224.9752397602
3026,Santa Rosa County,FL,12,2023-12-31,345789.9998196421
67,Bay County,FL,12,2023-12-31,360557.9604987758
3168,Indian River County,FL,12,2023-12-31,385779.6135310717
1176,Martin County,FL,12,2023-12-31,470028.9744412952
938,Citrus County,FL,12,2023-12-31,280226.4355182772
1409,Sumter County,FL,12,2023-12-31,395391.70080916985
1707,Flagler County,FL,12,2023-12-31,373062.8245198075
2724,Highlands County,FL,12,2023-12-31,232259.4361848861
1251,Nassau County,FL,12,2023-12-31,476125.3327743096
1214,Monroe County,FL,12,2023-12-31,994546.5885551168
1468,Walton County,FL,12,2023-12-31,700582.4890165637
1338,Putnam County,FL,12,2023-12-31,205511.44750624063
2212,Columbia County,FL,12,2023-12-31,252574.4425702394
1794,Jackson County,FL,12,2023-12-31,172363.54752456502
1717,Gadsden County,FL,12,2023-12-31,193743.5320561349
2570,Suwannee County,FL,12,2023-12-31,249103.36166049103
234,Levy County,FL,12,2023-12-31,284302.66775582527
2990,Okeechobee County,FL,12,2023-12-31,268769.59220765467
1093,Hendry County,FL,12,2023-12-31,280719.1100048393
1659,De Soto County,FL,12,2023-12-31,257947.9992869785
2066,Wakulla County,FL,12,2023-12-31,277758.93458880304
378,Baker County,FL,12,2023-12-31,294104.7052074428
2148,Bradford County,FL,12,2023-12-31,232958.92427622908
1076,Hardee County,FL,12,2023-12-31,210268.2027990193
3050,Washington County,FL,12,2023-12-31,206568.89329298804
1419,Taylor County,FL,12,2023-12-31,186906.98340833272
1094,Holmes County,FL,12,2023-12-31,185584.23502009225
1896,Madison County,FL,12,2023-12-31,194210.1572139641
2704,Gilchrist County,FL,12,2023-12-31,278139.8893295757
480,Dixie County,FL,12,2023-12-31,197610.5145016556
762,Union County,FL,12,2023-12-31,247024.63174309573
169,Gulf County,FL,12,2023-12-31,418626.7411598863
2735,Jefferson County,FL,12,2023-12-31,283851.9724765303
2315,Hamilton County,FL,12,2023-12-31,191369.5569815249
1571,Calhoun County,FL,12,2023-12-31,178421.23127757618
2272,Franklin County,FL,12,2023-12-31,439672.632791673
1042,Glades County,FL,12,2023-12-31,251707.75628105536
2769,Lafayette County,FL,12,2023-12-31,223927.04185807784
1858,Liberty County,FL,12,2023-12-31,185764.5044174213
2964,Miami-Dade County,FL,12,2024-01-31,513792.58264770586
1561,Broward County,FL,12,2024-01-31,441524.29237110895
2993,Palm Beach County,FL,12,2024-01-31,489669.25623148144
3165,Hillsborough County,FL,12,2024-01-31,392183.76453331904
1287,Orange County,FL,12,2024-01-31,411012.4378346139
489,Duval County,FL,12,2024-01-31,302903.2693505057
2480,Pinellas County,FL,12,2024-01-31,398598.0123492626
80,Lee County,FL,12,2024-01-31,397785.8872087106
285,Polk County,FL,12,2024-01-31,312753.86379936856
1556,Brevard County,FL,12,2024-01-31,357121.358214345
669,Pasco County,FL,12,2024-01-31,352989.763655208
2063,Volusia County,FL,12,2024-01-31,338380.03261157364
2538,Seminole County,FL,12,2024-01-31,411155.76387668046
2528,Sarasota County,FL,12,2024-01-31,462663.9696250463
1916,Manatee County,FL,12,2024-01-31,462809.1345607052
1957,Osceola County,FL,12,2024-01-31,383489.9455623849
219,Lake County,FL,12,2024-01-31,370472.3611253106
1638,Collier County,FL,12,2024-01-31,618858.0719208302
1161,Marion County,FL,12,2024-01-31,283901.5469431695
3131,Saint Lucie County,FL,12,2024-01-31,385734.4321029946
2259,Escambia County,FL,12,2024-01-31,278081.0481457429
232,Leon County,FL,12,2024-01-31,283668.6578261196
1509,Alachua County,FL,12,2024-01-31,301840.5356467823
3128,Saint Johns County,FL,12,2024-01-31,511675.2884894367
118,Clay County,FL,12,2024-01-31,338003.0417427852
2460,Okaloosa County,FL,12,2024-01-31,361394.2292460752
2341,Hernando County,FL,12,2024-01-31,319259.86970403424
2650,Charlotte County,FL,12,2024-01-31,364989.00540349766
3026,Santa Rosa County,FL,12,2024-01-31,345990.7701096027
67,Bay County,FL,12,2024-01-31,361152.7380088453
3168,Indian River County,FL,12,2024-01-31,386109.7331774331
1176,Martin County,FL,12,2024-01-31,469577.36373548815
938,Citrus County,FL,12,2024-01-31,280299.9558647009
1409,Sumter County,FL,12,2024-01-31,394539.5663897794
1707,Flagler County,FL,12,2024-01-31,372156.5663142335
2724,Highlands County,FL,12,2024-01-31,233055.0523271084
1251,Nassau County,FL,12,2024-01-31,476691.3597380856
1214,Monroe County,FL,12,2024-01-31,996669.9202915868
1468,Walton County,FL,12,2024-01-31,698058.6326469075
1338,Putnam County,FL,12,2024-01-31,206323.2296125689
2212,Columbia County,FL,12,2024-01-31,253832.15519244087
1794,Jackson County,FL,12,2024-01-31,172476.6780523841
1717,Gadsden County,FL,12,2024-01-31,193738.193642793
2570,Suwannee County,FL,12,2024-01-31,248784.2446756957
234,Levy County,FL,12,2024-01-31,285314.7306393466
2990,Okeechobee County,FL,12,2024-01-31,269596.8542314008
1093,Hendry County,FL,12,2024-01-31,281810.9693680438
1659,De Soto County,FL,12,2024-01-31,257973.4022217928
2066,Wakulla County,FL,12,2024-01-31,278509.0205554311
378,Baker County,FL,12,2024-01-31,295544.90451328777
2148,Bradford County,FL,12,2024-01-31,232661.7131966256
1076,Hardee County,FL,12,2024-01-31,211926.8511078948
3050,Washington County,FL,12,2024-01-31,207947.74142553643
1419,Taylor County,FL,12,2024-01-31,187614.83759023203
1094,Holmes County,FL,12,2024-01-31,185947.91683383496
1896,Madison County,FL,12,2024-01-31,194319.0867033272
2704,Gilchrist County,FL,12,2024-01-31,279800.61107279063
480,Dixie County,FL,12,2024-01-31,197637.494763356
762,Union County,FL,12,2024-01-31,247203.99517759777
169,Gulf County,FL,12,2024-01-31,419937.0738818645
2735,Jefferson County,FL,12,2024-01-31,283132.010334704
2315,Hamilton County,FL,12,2024-01-31,191298.43502778065
1571,Calhoun County,FL,12,2024-01-31,178587.56607241745
2272,Franklin County,FL,12,2024-01-31,441856.81349421473
1042,Glades County,FL,12,2024-01-31,252982.09276198587
2769,Lafayette County,FL,12,2024-01-31,226797.6821701544
1858,Liberty County,FL,12,2024-01-31,186333.42889461853
2964,Miami-Dade County,FL,12,2024-02-29,516303.3697426608
1561,Broward County,FL,12,2024-02-29,443321.9451916848
2993,Palm Beach County,FL,12,2024-02-29,490850.002513042
3165,Hillsborough County,FL,12,2024-02-29,393212.2245948706
1287,Orange County,FL,12,2024-02-29,412395.8625605659
489,Duval County,FL,12,2024-02-29,303774.2318174913
2480,Pinellas County,FL,12,2024-02-29,399930.3515343507
80,Lee County,FL,12,2024-02-29,396922.3310442463
285,Polk County,FL,12,2024-02-29,313481.1453825136
1556,Brevard County,FL,12,2024-02-29,357327.9495540973
669,Pasco County,FL,12,2024-02-29,353381.077326336
2063,Volusia County,FL,12,2024-02-29,338638.1011403934
2538,Seminole County,FL,12,2024-02-29,412440.9347404788
2528,Sarasota County,FL,12,2024-02-29,461758.9568319068
1916,Manatee County,FL,12,2024-02-29,461733.5485988001
1957,Osceola County,FL,12,2024-02-29,384337.7866988667
219,Lake County,FL,12,2024-02-29,371198.1159171928
1638,Collier County,FL,12,2024-02-29,620316.9482828365
1161,Marion County,FL,12,2024-02-29,283808.754979522
3131,Saint Lucie County,FL,12,2024-02-29,386919.1058057821
2259,Escambia County,FL,12,2024-02-29,278047.7494906133
232,Leon County,FL,12,2024-02-29,284799.50348811684
1509,Alachua County,FL,12,2024-02-29,303171.0450153578
3128,Saint Johns County,FL,12,2024-02-29,512113.7720751364
118,Clay County,FL,12,2024-02-29,338624.1301728459
2460,Okaloosa County,FL,12,2024-02-29,361385.7956095855
2341,Hernando County,FL,12,2024-02-29,320190.5907640984
2650,Charlotte County,FL,12,2024-02-29,363820.89004284766
3026,Santa Rosa County,FL,12,2024-02-29,346454.5538005989
67,Bay County,FL,12,2024-02-29,362577.6927643432
3168,Indian River County,FL,12,2024-02-29,386253.7799605616
1176,Martin County,FL,12,2024-02-29,469218.7273807731
938,Citrus County,FL,12,2024-02-29,280522.7212472418
1409,Sumter County,FL,12,2024-02-29,393894.2614921735
1707,Flagler County,FL,12,2024-02-29,371459.32404345647
2724,Highlands County,FL,12,2024-02-29,234085.59536496605
1251,Nassau County,FL,12,2024-02-29,477121.4219140783
1214,Monroe County,FL,12,2024-02-29,997750.6312383688
1468,Walton County,FL,12,2024-02-29,696577.6865252311
1338,Putnam County,FL,12,2024-02-29,207355.83730606164
2212,Columbia County,FL,12,2024-02-29,255489.84613733177
1794,Jackson County,FL,12,2024-02-29,172414.09377949417
1717,Gadsden County,FL,12,2024-02-29,193811.0166664396
2570,Suwannee County,FL,12,2024-02-29,248606.72136095
234,Levy County,FL,12,2024-02-29,286201.3080259106
2990,Okeechobee County,FL,12,2024-02-29,271030.3314329666
1093,Hendry County,FL,12,2024-02-29,282569.8591222993
1659,De Soto County,FL,12,2024-02-29,258333.80316689785
2066,Wakulla County,FL,12,2024-02-29,279073.2735913991
378,Baker County,FL,12,2024-02-29,296629.70271600015
2148,Bradford County,FL,12,2024-02-29,233009.48025826737
1076,Hardee County,FL,12,2024-02-29,213585.4293779053
3050,Washington County,FL,12,2024-02-29,209671.6914413609
1419,Taylor County,FL,12,2024-02-29,187694.4248441451
1094,Holmes County,FL,12,2024-02-29,186588.16322257285
1896,Madison County,FL,12,2024-02-29,194526.4320437665
2704,Gilchrist County,FL,12,2024-02-29,281571.0017187947
480,Dixie County,FL,12,2024-02-29,198135.11651482945
762,Union County,FL,12,2024-02-29,247083.5683807133
169,Gulf County,FL,12,2024-02-29,421452.4830661651
2735,Jefferson County,FL,12,2024-02-29,283024.71583149646
2315,Hamilton County,FL,12,2024-02-29,191127.54558534283
1571,Calhoun County,FL,12,2024-02-29,177990.44514714196
2272,Franklin County,FL,12,2024-02-29,442529.0397074223
1042,Glades County,FL,12,2024-02-29,254105.94018745152
2769,Lafayette County,FL,12,2024-02-29,228279.23774914697
1858,Liberty County,FL,12,2024-02-29,186406.91110388923
2964,Miami-Dade County,FL,12,2024-03-31,519357.40350634814
1561,Broward County,FL,12,2024-03-31,444913.35842267313
2993,Palm Beach County,FL,12,2024-03-31,492354.20939861593
3165,Hillsborough County,FL,12,2024-03-31,394246.7916920099
1287,Orange County,FL,12,2024-03-31,413879.94554055104
489,Duval County,FL,12,2024-03-31,304722.4482325208
2480,Pinellas County,FL,12,2024-03-31,401545.01947606215
80,Lee County,FL,12,2024-03-31,396061.05790306575
285,Polk County,FL,12,2024-03-31,314318.6040006091
1556,Brevard County,FL,12,2024-03-31,357446.0533879308
669,Pasco County,FL,12,2024-03-31,353742.2963176852
2063,Volusia County,FL,12,2024-03-31,339021.1517619141
2538,Seminole County,FL,12,2024-03-31,413797.56361051765
2528,Sarasota County,FL,12,2024-03-31,461515.38423042576
1916,Manatee County,FL,12,2024-03-31,461118.0933237532
1957,Osceola County,FL,12,2024-03-31,385291.5226860051
219,Lake County,FL,12,2024-03-31,372405.1307308064
1638,Collier County,FL,12,2024-03-31,621537.7255948293
1161,Marion County,FL,12,2024-03-31,283803.7021897451
3131,Saint Lucie County,FL,12,2024-03-31,387550.54889969615
2259,Escambia County,FL,12,2024-03-31,278178.9014607533
232,Leon County,FL,12,2024-03-31,286029.00072767417
1509,Alachua County,FL,12,2024-03-31,304556.7693692816
3128,Saint Johns County,FL,12,2024-03-31,512874.7510455058
118,Clay County,FL,12,2024-03-31,339409.3170540408
2460,Okaloosa County,FL,12,2024-03-31,361535.2055338645
2341,Hernando County,FL,12,2024-03-31,321372.07124082604
2650,Charlotte County,FL,12,2024-03-31,362938.9625682132
3026,Santa Rosa County,FL,12,2024-03-31,347369.34653193067
67,Bay County,FL,12,2024-03-31,363775.60824528855
3168,Indian River County,FL,12,2024-03-31,386544.3471114352
1176,Martin County,FL,12,2024-03-31,469330.165524228
938,Citrus County,FL,12,2024-03-31,281079.60953381594
1409,Sumter County,FL,12,2024-03-31,393822.3935166714
1707,Flagler County,FL,12,2024-03-31,371008.8621359616
2724,Highlands County,FL,12,2024-03-31,235242.81228220213
1251,Nassau County,FL,12,2024-03-31,477867.6206946221
1214,Monroe County,FL,12,2024-03-31,999036.553797999
1468,Walton County,FL,12,2024-03-31,697047.7283225167
1338,Putnam County,FL,12,2024-03-31,209075.1466011393
2212,Columbia County,FL,12,2024-03-31,257816.6055159374
1794,Jackson County,FL,12,2024-03-31,172317.03312777114
1717,Gadsden County,FL,12,2024-03-31,194684.92251357576
2570,Suwannee County,FL,12,2024-03-31,249442.4322869953
234,Levy County,FL,12,2024-03-31,287460.08021485223
2990,Okeechobee County,FL,12,2024-03-31,272706.85224726755
1093,Hendry County,FL,12,2024-03-31,283051.9073625664
1659,De Soto County,FL,12,2024-03-31,259051.3151155685
2066,Wakulla County,FL,12,2024-03-31,279632.29880118143
378,Baker County,FL,12,2024-03-31,297537.14639587514
2148,Bradford County,FL,12,2024-03-31,234733.67682906243
1076,Hardee County,FL,12,2024-03-31,214909.5167466657
3050,Washington County,FL,12,2024-03-31,211099.7621148172
1419,Taylor County,FL,12,2024-03-31,187580.2793937916
1094,Holmes County,FL,12,2024-03-31,187601.28674061163
1896,Madison County,FL,12,2024-03-31,195381.92727630647
2704,Gilchrist County,FL,12,2024-03-31,283519.66135056625
480,Dixie County,FL,12,2024-03-31,199500.65426090627
762,Union County,FL,12,2024-03-31,247885.1506338213
169,Gulf County,FL,12,2024-03-31,423092.7810935409
2735,Jefferson County,FL,12,2024-03-31,283662.45721849304
2315,Hamilton County,FL,12,2024-03-31,190884.1748007293
1571,Calhoun County,FL,12,2024-03-31,178018.07650422337
2272,Franklin County,FL,12,2024-03-31,443257.2003084537
1042,Glades County,FL,12,2024-03-31,254837.95525099817
2769,Lafayette County,FL,12,2024-03-31,229210.8955542543
1858,Liberty County,FL,12,2024-03-31,187139.42947589373
2964,Miami-Dade County,FL,12,2024-04-30,522550.73288735206
1561,Broward County,FL,12,2024-04-30,446047.9400033531
2993,Palm Beach County,FL,12,2024-04-30,493640.5841989205
3165,Hillsborough County,FL,12,2024-04-30,395063.08958049066
1287,Orange County,FL,12,2024-04-30,415090.816354234
489,Duval County,FL,12,2024-04-30,305464.72834311327
2480,Pinellas County,FL,12,2024-04-30,402658.0171233098
80,Lee County,FL,12,2024-04-30,394930.99809706135
285,Polk County,FL,12,2024-04-30,314757.3400775409
1556,Brevard County,FL,12,2024-04-30,357530.4675886715
669,Pasco County,FL,12,2024-04-30,353923.97992313723
2063,Volusia County,FL,12,2024-04-30,339513.4084760409
2538,Seminole County,FL,12,2024-04-30,415194.3624049909
2528,Sarasota County,FL,12,2024-04-30,460999.4350364647
1916,Manatee County,FL,12,2024-04-30,460385.3008383124
1957,Osceola County,FL,12,2024-04-30,386075.7315842703
219,Lake County,FL,12,2024-04-30,373602.8248040916
1638,Collier County,FL,12,2024-04-30,620970.9673319174
1161,Marion County,FL,12,2024-04-30,283827.50859206513
3131,Saint Lucie County,FL,12,2024-04-30,387740.2743629114
2259,Escambia County,FL,12,2024-04-30,278647.26082657883
232,Leon County,FL,12,2024-04-30,287247.9738535827
1509,Alachua County,FL,12,2024-04-30,305578.7420602102
3128,Saint Johns County,FL,12,2024-04-30,513169.27287505305
118,Clay County,FL,12,2024-04-30,340234.2347433084
2460,Okaloosa County,FL,12,2024-04-30,361729.8170692353
2341,Hernando County,FL,12,2024-04-30,322295.9237985367
2650,Charlotte County,FL,12,2024-04-30,361914.4833046105
3026,Santa Rosa County,FL,12,2024-04-30,348357.99534274405
67,Bay County,FL,12,2024-04-30,363233.3522638417
3168,Indian River County,FL,12,2024-04-30,386666.3877103272
1176,Martin County,FL,12,2024-04-30,469585.0741106975
938,Citrus County,FL,12,2024-04-30,281510.60699711466
1409,Sumter County,FL,12,2024-04-30,394561.8888261896
1707,Flagler County,FL,12,2024-04-30,370737.407199633
2724,Highlands County,FL,12,2024-04-30,236510.715068316
1251,Nassau County,FL,12,2024-04-30,478644.0835376163
1214,Monroe County,FL,12,2024-04-30,1001175.216240122
1468,Walton County,FL,12,2024-04-30,696672.8281580103
1338,Putnam County,FL,12,2024-04-30,211239.4609961213
2212,Columbia County,FL,12,2024-04-30,259957.3567637537
1794,Jackson County,FL,12,2024-04-30,173474.66996249373
1717,Gadsden County,FL,12,2024-04-30,196528.1760448572
2570,Suwannee County,FL,12,2024-04-30,251843.9768258241
234,Levy County,FL,12,2024-04-30,288777.4397710681
2990,Okeechobee County,FL,12,2024-04-30,274424.5629706958
1093,Hendry County,FL,12,2024-04-30,283065.9629608609
1659,De Soto County,FL,12,2024-04-30,259935.3215585982
2066,Wakulla County,FL,12,2024-04-30,280312.466849556
378,Baker County,FL,12,2024-04-30,298329.8937418785
2148,Bradford County,FL,12,2024-04-30,237240.4621266869
1076,Hardee County,FL,12,2024-04-30,216135.5364377955
3050,Washington County,FL,12,2024-04-30,212729.90310421825
1419,Taylor County,FL,12,2024-04-30,187425.9350169701
1094,Holmes County,FL,12,2024-04-30,189531.07052518165
1896,Madison County,FL,12,2024-04-30,197500.5533327786
2704,Gilchrist County,FL,12,2024-04-30,285556.4790670048
480,Dixie County,FL,12,2024-04-30,201032.416893322
762,Union County,FL,12,2024-04-30,249837.79912217005
169,Gulf County,FL,12,2024-04-30,423540.3919590918
2735,Jefferson County,FL,12,2024-04-30,285286.4165857818
2315,Hamilton County,FL,12,2024-04-30,191587.4913513208
1571,Calhoun County,FL,12,2024-04-30,179501.82293657897
2272,Franklin County,FL,12,2024-04-30,444904.3520787286
1042,Glades County,FL,12,2024-04-30,255510.5571390133
2769,Lafayette County,FL,12,2024-04-30,231104.0244600134
1858,Liberty County,FL,12,2024-04-30,189170.7402807493
2964,Miami-Dade County,FL,12,2024-05-31,525870.7858105061
1561,Broward County,FL,12,2024-05-31,446706.7666061532
2993,Palm Beach County,FL,12,2024-05-31,494247.6123138151
3165,Hillsborough County,FL,12,2024-05-31,395269.8549168077
1287,Orange County,FL,12,2024-05-31,415577.39993363526
489,Duval County,FL,12,2024-05-31,305505.9312620587
2480,Pinellas County,FL,12,2024-05-31,402547.5466265279
80,Lee County,FL,12,2024-05-31,393241.1814044064
285,Polk County,FL,12,2024-05-31,314673.86683778727
1556,Brevard County,FL,12,2024-05-31,357045.071079931
669,Pasco County,FL,12,2024-05-31,353657.93722567294
2063,Volusia County,FL,12,2024-05-31,339587.7140366202
2538,Seminole County,FL,12,2024-05-31,415752.25155500666
2528,Sarasota County,FL,12,2024-05-31,459321.1417659077
1916,Manatee County,FL,12,2024-05-31,459022.5827300349
1957,Osceola County,FL,12,2024-05-31,386051.945273966
219,Lake County,FL,12,2024-05-31,374163.38327212166
1638,Collier County,FL,12,2024-05-31,618772.4927791633
1161,Marion County,FL,12,2024-05-31,283793.25173102674
3131,Saint Lucie County,FL,12,2024-05-31,387687.8350203525
2259,Escambia County,FL,12,2024-05-31,279365.6350754719
232,Leon County,FL,12,2024-05-31,287546.09341728274
1509,Alachua County,FL,12,2024-05-31,306021.57176751824
3128,Saint Johns County,FL,12,2024-05-31,512321.90943723527
118,Clay County,FL,12,2024-05-31,340808.3223881418
2460,Okaloosa County,FL,12,2024-05-31,361438.4144946952
2341,Hernando County,FL,12,2024-05-31,322717.172925104
2650,Charlotte County,FL,12,2024-05-31,359962.23866752186
3026,Santa Rosa County,FL,12,2024-05-31,349039.75615198223
67,Bay County,FL,12,2024-05-31,361390.0816891434
3168,Indian River County,FL,12,2024-05-31,386450.974643829
1176,Martin County,FL,12,2024-05-31,469275.8254516099
938,Citrus County,FL,12,2024-05-31,281611.2596613258
1409,Sumter County,FL,12,2024-05-31,395176.7794016548
1707,Flagler County,FL,12,2024-05-31,370578.52997300966
2724,Highlands County,FL,12,2024-05-31,237434.1755615505
1251,Nassau County,FL,12,2024-05-31,479471.79424657713
1214,Monroe County,FL,12,2024-05-31,1001662.9952428164
1468,Walton County,FL,12,2024-05-31,694921.0740021282
1338,Putnam County,FL,12,2024-05-31,212987.31530854807
2212,Columbia County,FL,12,2024-05-31,261988.83288968672
1794,Jackson County,FL,12,2024-05-31,174868.51153184214
1717,Gadsden County,FL,12,2024-05-31,198456.19063701524
2570,Suwannee County,FL,12,2024-05-31,254336.6955074065
234,Levy County,FL,12,2024-05-31,290273.4018612773
2990,Okeechobee County,FL,12,2024-05-31,275600.25603813253
1093,Hendry County,FL,12,2024-05-31,282759.9835110107
1659,De Soto County,FL,12,2024-05-31,260177.1553867946
2066,Wakulla County,FL,12,2024-05-31,280798.88177564275
378,Baker County,FL,12,2024-05-31,298992.70390665944
2148,Bradford County,FL,12,2024-05-31,239651.98204411764
1076,Hardee County,FL,12,2024-05-31,217394.15362127213
3050,Washington County,FL,12,2024-05-31,214292.96151614387
1419,Taylor County,FL,12,2024-05-31,187601.25643947072
1094,Holmes County,FL,12,2024-05-31,191748.04640508007
1896,Madison County,FL,12,2024-05-31,200079.075074642
2704,Gilchrist County,FL,12,2024-05-31,287220.8823358817
480,Dixie County,FL,12,2024-05-31,202211.8678225066
762,Union County,FL,12,2024-05-31,252147.37003799927
169,Gulf County,FL,12,2024-05-31,422200.7150183529
2735,Jefferson County,FL,12,2024-05-31,286396.3198164164
2315,Hamilton County,FL,12,2024-05-31,192845.1347973796
1571,Calhoun County,FL,12,2024-05-31,181501.7726317768
2272,Franklin County,FL,12,2024-05-31,446790.9634475003
1042,Glades County,FL,12,2024-05-31,256010.3767783586
2769,Lafayette County,FL,12,2024-05-31,233414.25475987105
1858,Liberty County,FL,12,2024-05-31,191848.90053299404
2964,Miami-Dade County,FL,12,2024-06-30,528125.4496403084
1561,Broward County,FL,12,2024-06-30,446373.54158556304
2993,Palm Beach County,FL,12,2024-06-30,493416.4498060254
3165,Hillsborough County,FL,12,2024-06-30,394526.7095899356
1287,Orange County,FL,12,2024-06-30,415299.559657354
489,Duval County,FL,12,2024-06-30,304901.33270388184
2480,Pinellas County,FL,12,2024-06-30,401157.98896508006
80,Lee County,FL,12,2024-06-30,390521.68530615023
285,Polk County,FL,12,2024-06-30,313938.81986115774
1556,Brevard County,FL,12,2024-06-30,355803.193984014
669,Pasco County,FL,12,2024-06-30,352694.85478980746
2063,Volusia County,FL,12,2024-06-30,338998.6405961083
2538,Seminole County,FL,12,2024-06-30,415241.9266145919
2528,Sarasota County,FL,12,2024-06-30,455859.26015915367
1916,Manatee County,FL,12,2024-06-30,456358.863093124
1957,Osceola County,FL,12,2024-06-30,385200.86000048433
219,Lake County,FL,12,2024-06-30,373967.0420966997
1638,Collier County,FL,12,2024-06-30,614231.5990171322
1161,Marion County,FL,12,2024-06-30,283502.702948673
3131,Saint Lucie County,FL,12,2024-06-30,387002.9055450312
2259,Escambia County,FL,12,2024-06-30,279868.8343148074
232,Leon County,FL,12,2024-06-30,287208.63783055014
1509,Alachua County,FL,12,2024-06-30,305896.61614764546
3128,Saint Johns County,FL,12,2024-06-30,510076.0183712508
118,Clay County,FL,12,2024-06-30,340762.8090911924
2460,Okaloosa County,FL,12,2024-06-30,360590.12375043327
2341,Hernando County,FL,12,2024-06-30,322331.9723738444
2650,Charlotte County,FL,12,2024-06-30,356713.9967642985
3026,Santa Rosa County,FL,12,2024-06-30,349128.14735109976
67,Bay County,FL,12,2024-06-30,358374.2624538482
3168,Indian River County,FL,12,2024-06-30,385531.1963290321
1176,Martin County,FL,12,2024-06-30,468140.4951673744
938,Citrus County,FL,12,2024-06-30,281391.2387739787
1409,Sumter County,FL,12,2024-06-30,395132.3370829912
1707,Flagler County,FL,12,2024-06-30,369778.38444183447
2724,Highlands County,FL,12,2024-06-30,238160.52998502125
1251,Nassau County,FL,12,2024-06-30,479507.205845328
1214,Monroe County,FL,12,2024-06-30,998721.2345276
1468,Walton County,FL,12,2024-06-30,690332.0926786573
1338,Putnam County,FL,12,2024-06-30,213824.53975564064
2212,Columbia County,FL,12,2024-06-30,263639.8052084168
1794,Jackson County,FL,12,2024-06-30,176329.3723874323
1717,Gadsden County,FL,12,2024-06-30,200458.92352555497
2570,Suwannee County,FL,12,2024-06-30,256182.4616946976
234,Levy County,FL,12,2024-06-30,291419.66933478304
2990,Okeechobee County,FL,12,2024-06-30,276594.9207570254
1093,Hendry County,FL,12,2024-06-30,282144.1443078602
1659,De Soto County,FL,12,2024-06-30,260039.8897870425
2066,Wakulla County,FL,12,2024-06-30,281275.5509495182
378,Baker County,FL,12,2024-06-30,299537.657541254
2148,Bradford County,FL,12,2024-06-30,241130.389853332
1076,Hardee County,FL,12,2024-06-30,218787.22698198867
3050,Washington County,FL,12,2024-06-30,215467.9902112811
1419,Taylor County,FL,12,2024-06-30,187966.19082613816
1094,Holmes County,FL,12,2024-06-30,193899.44895238176
1896,Madison County,FL,12,2024-06-30,202582.06364682617
2704,Gilchrist County,FL,12,2024-06-30,288025.10576607584
480,Dixie County,FL,12,2024-06-30,202821.8494056053
762,Union County,FL,12,2024-06-30,253877.28132001017
169,Gulf County,FL,12,2024-06-30,419768.4320283858
2735,Jefferson County,FL,12,2024-06-30,287018.8146546374
2315,Hamilton County,FL,12,2024-06-30,194305.4641169237
1571,Calhoun County,FL,12,2024-06-30,183647.9054556686
2272,Franklin County,FL,12,2024-06-30,447029.57136865216
1042,Glades County,FL,12,2024-06-30,256256.68463034884
2769,Lafayette County,FL,12,2024-06-30,236564.92360901795
1858,Liberty County,FL,12,2024-06-30,194145.8139565303
2964,Miami-Dade County,FL,12,2024-07-31,530093.059673521
1561,Broward County,FL,12,2024-07-31,445641.2654681001
2993,Palm Beach County,FL,12,2024-07-31,492178.9439698644
3165,Hillsborough County,FL,12,2024-07-31,393625.4575716062
1287,Orange County,FL,12,2024-07-31,415114.1236604677
489,Duval County,FL,12,2024-07-31,303950.1239037719
2480,Pinellas County,FL,12,2024-07-31,399283.8663162996
80,Lee County,FL,12,2024-07-31,387527.9017200656
285,Polk County,FL,12,2024-07-31,312940.1580005244
1556,Brevard County,FL,12,2024-07-31,354278.42541721504
669,Pasco County,FL,12,2024-07-31,351624.6473218804
2063,Volusia County,FL,12,2024-07-31,338249.11053787434
2538,Seminole County,FL,12,2024-07-31,414482.90504469705
2528,Sarasota County,FL,12,2024-07-31,451959.46381738666
1916,Manatee County,FL,12,2024-07-31,453464.9122320437
1957,Osceola County,FL,12,2024-07-31,384072.3688709108
219,Lake County,FL,12,2024-07-31,373691.5814224112
1638,Collier County,FL,12,2024-07-31,609509.7810053225
1161,Marion County,FL,12,2024-07-31,283081.9349545276
3131,Saint Lucie County,FL,12,2024-07-31,386411.8643457321
2259,Escambia County,FL,12,2024-07-31,280227.6442262031
232,Leon County,FL,12,2024-07-31,286298.4640114363
1509,Alachua County,FL,12,2024-07-31,305286.23102225084
3128,Saint Johns County,FL,12,2024-07-31,507596.4322214338
118,Clay County,FL,12,2024-07-31,340321.57128507365
2460,Okaloosa County,FL,12,2024-07-31,359491.8110759847
2341,Hernando County,FL,12,2024-07-31,321966.6454786425
2650,Charlotte County,FL,12,2024-07-31,353132.20772288414
3026,Santa Rosa County,FL,12,2024-07-31,348735.25907818164
67,Bay County,FL,12,2024-07-31,355573.3743163571
3168,Indian River County,FL,12,2024-07-31,384338.9540436517
1176,Martin County,FL,12,2024-07-31,466987.8871847934
938,Citrus County,FL,12,2024-07-31,281242.93452106946
1409,Sumter County,FL,12,2024-07-31,394566.6481919917
1707,Flagler County,FL,12,2024-07-31,368747.2568171799
2724,Highlands County,FL,12,2024-07-31,238330.1590733493
1251,Nassau County,FL,12,2024-07-31,479750.1923639365
1214,Monroe County,FL,12,2024-07-31,994840.0823258702
1468,Walton County,FL,12,2024-07-31,685075.7875715527
1338,Putnam County,FL,12,2024-07-31,213537.6238257404
2212,Columbia County,FL,12,2024-07-31,264745.19561759656
1794,Jackson County,FL,12,2024-07-31,176637.0444100635
1717,Gadsden County,FL,12,2024-07-31,201443.78411103704
2570,Suwannee County,FL,12,2024-07-31,257128.5074037409
234,Levy County,FL,12,2024-07-31,291797.6313562204
2990,Okeechobee County,FL,12,2024-07-31,277588.1869310045
1093,Hendry County,FL,12,2024-07-31,281256.2005390362
1659,De Soto County,FL,12,2024-07-31,259738.16019880585
2066,Wakulla County,FL,12,2024-07-31,281393.7259236188
378,Baker County,FL,12,2024-07-31,299598.8460259794
2148,Bradford County,FL,12,2024-07-31,241591.2441409832
1076,Hardee County,FL,12,2024-07-31,220147.2317084757
3050,Washington County,FL,12,2024-07-31,215429.23363274217
1419,Taylor County,FL,12,2024-07-31,187579.78854992296
1094,Holmes County,FL,12,2024-07-31,195086.00672360897
1896,Madison County,FL,12,2024-07-31,204044.4209211092
2704,Gilchrist County,FL,12,2024-07-31,288475.8103152133
480,Dixie County,FL,12,2024-07-31,203040.466721117
762,Union County,FL,12,2024-07-31,254574.39541399232
169,Gulf County,FL,12,2024-07-31,417837.4913826801
2735,Jefferson County,FL,12,2024-07-31,287937.1863534982
2315,Hamilton County,FL,12,2024-07-31,195000.0959252253
1571,Calhoun County,FL,12,2024-07-31,184407.536942707
2272,Franklin County,FL,12,2024-07-31,446452.8356141781
1042,Glades County,FL,12,2024-07-31,256312.24090471983
2769,Lafayette County,FL,12,2024-07-31,239061.2605338622
1858,Liberty County,FL,12,2024-07-31,194966.28755463552
2964,Miami-Dade County,FL,12,2024-08-31,531684.4488069868
1561,Broward County,FL,12,2024-08-31,444895.5099045168
2993,Palm Beach County,FL,12,2024-08-31,490946.10917129327
3165,Hillsborough County,FL,12,2024-08-31,392729.5348481017
1287,Orange County,FL,12,2024-08-31,414919.8453445367
489,Duval County,FL,12,2024-08-31,303127.4539228868
2480,Pinellas County,FL,12,2024-08-31,397462.1355728312
80,Lee County,FL,12,2024-08-31,384889.41100929567
285,Polk County,FL,12,2024-08-31,311917.7217989227
1556,Brevard County,FL,12,2024-08-31,353025.5395743502
669,Pasco County,FL,12,2024-08-31,350678.4544053228
2063,Volusia County,FL,12,2024-08-31,337552.6649805536
2538,Seminole County,FL,12,2024-08-31,413792.50880394486
2528,Sarasota County,FL,12,2024-08-31,448282.3489226285
1916,Manatee County,FL,12,2024-08-31,450931.953824
1957,Osceola County,FL,12,2024-08-31,383204.9415611426
219,Lake County,FL,12,2024-08-31,373460.965913829
1638,Collier County,FL,12,2024-08-31,605239.4495922942
1161,Marion County,FL,12,2024-08-31,282872.6733165566
3131,Saint Lucie County,FL,12,2024-08-31,385814.0560634832
2259,Escambia County,FL,12,2024-08-31,280056.89619233314
232,Leon County,FL,12,2024-08-31,285613.53297564626
1509,Alachua County,FL,12,2024-08-31,304716.67590959073
3128,Saint Johns County,FL,12,2024-08-31,505627.0923345117
118,Clay County,FL,12,2024-08-31,339683.1357891458
2460,Okaloosa County,FL,12,2024-08-31,358399.28326450964
2341,Hernando County,FL,12,2024-08-31,321518.05072957376
2650,Charlotte County,FL,12,2024-08-31,349462.0539061431
3026,Santa Rosa County,FL,12,2024-08-31,348104.37682864285
67,Bay County,FL,12,2024-08-31,353240.5389711321
3168,Indian River County,FL,12,2024-08-31,383108.3860944135
1176,Martin County,FL,12,2024-08-31,465745.12892125617
938,Citrus County,FL,12,2024-08-31,281208.34565341583
1409,Sumter County,FL,12,2024-08-31,393967.0721358866
1707,Flagler County,FL,12,2024-08-31,367597.1117020439
2724,Highlands County,FL,12,2024-08-31,237997.0312649171
1251,Nassau County,FL,12,2024-08-31,480325.19237704994
1214,Monroe County,FL,12,2024-08-31,992204.4181579635
1468,Walton County,FL,12,2024-08-31,680939.4855204195
1338,Putnam County,FL,12,2024-08-31,213162.28922105127
2212,Columbia County,FL,12,2024-08-31,265128.5935550225
1794,Jackson County,FL,12,2024-08-31,176553.20058095385
1717,Gadsden County,FL,12,2024-08-31,202041.51929874523
2570,Suwannee County,FL,12,2024-08-31,258275.8975427741
234,Levy County,FL,12,2024-08-31,291357.8823490009
2990,Okeechobee County,FL,12,2024-08-31,278479.2695533782
1093,Hendry County,FL,12,2024-08-31,280559.7965830076
1659,De Soto County,FL,12,2024-08-31,259773.94172368955
2066,Wakulla County,FL,12,2024-08-31,281761.1501459873
378,Baker County,FL,12,2024-08-31,299747.6824215736
2148,Bradford County,FL,12,2024-08-31,241358.85997636555
1076,Hardee County,FL,12,2024-08-31,220692.8327852892
3050,Washington County,FL,12,2024-08-31,214653.9722453334
1419,Taylor County,FL,12,2024-08-31,186534.40716294863
1094,Holmes County,FL,12,2024-08-31,195825.7161704281
1896,Madison County,FL,12,2024-08-31,205029.1356906338
2704,Gilchrist County,FL,12,2024-08-31,289247.79981814435
480,Dixie County,FL,12,2024-08-31,202415.5625272361
762,Union County,FL,12,2024-08-31,254977.0694015527
169,Gulf County,FL,12,2024-08-31,416865.6583006485
2735,Jefferson County,FL,12,2024-08-31,289375.76436411083
2315,Hamilton County,FL,12,2024-08-31,195552.61981583512
1571,Calhoun County,FL,12,2024-08-31,184436.4695897781
2272,Franklin County,FL,12,2024-08-31,445621.6703588893
1042,Glades County,FL,12,2024-08-31,256306.12265021424
2769,Lafayette County,FL,12,2024-08-31,240538.3408080435
1858,Liberty County,FL,12,2024-08-31,194439.5260758068
2964,Miami-Dade County,FL,12,2024-09-30,533088.1266876726
1561,Broward County,FL,12,2024-09-30,444272.9322334382
2993,Palm Beach County,FL,12,2024-09-30,489956.8789025156
3165,Hillsborough County,FL,12,2024-09-30,391796.0089593769
1287,Orange County,FL,12,2024-09-30,414839.50731538894
489,Duval County,FL,12,2024-09-30,302380.34864705155
2480,Pinellas County,FL,12,2024-09-30,395780.740592865
80,Lee County,FL,12,2024-09-30,382743.05168110906
285,Polk County,FL,12,2024-09-30,311085.0800542051
1556,Brevard County,FL,12,2024-09-30,352156.89390994824
669,Pasco County,FL,12,2024-09-30,349819.812482127
2063,Volusia County,FL,12,2024-09-30,337015.2696460286
2538,Seminole County,FL,12,2024-09-30,413521.8448438965
2528,Sarasota County,FL,12,2024-09-30,445339.7396490879
1916,Manatee County,FL,12,2024-09-30,448989.6244263823
1957,Osceola County,FL,12,2024-09-30,382527.7419118341
219,Lake County,FL,12,2024-09-30,373246.8384144816
1638,Collier County,FL,12,2024-09-30,602368.1629808658
1161,Marion County,FL,12,2024-09-30,282712.7632002702
3131,Saint Lucie County,FL,12,2024-09-30,385412.2035110148
2259,Escambia County,FL,12,2024-09-30,279353.3639546895
232,Leon County,FL,12,2024-09-30,284944.465981743
1509,Alachua County,FL,12,2024-09-30,304267.1601669736
3128,Saint Johns County,FL,12,2024-09-30,504202.8048662311
118,Clay County,FL,12,2024-09-30,339059.0298204197
2460,Okaloosa County,FL,12,2024-09-30,357259.2016754863
2341,Hernando County,FL,12,2024-09-30,321165.2044776254
2650,Charlotte County,FL,12,2024-09-30,346365.6717385684
3026,Santa Rosa County,FL,12,2024-09-30,347260.0077629923
67,Bay County,FL,12,2024-09-30,351576.30850442144
3168,Indian River County,FL,12,2024-09-30,382147.5683883841
1176,Martin County,FL,12,2024-09-30,464716.60314910486
938,Citrus County,FL,12,2024-09-30,281031.0454041201
1409,Sumter County,FL,12,2024-09-30,393439.1850761776
1707,Flagler County,FL,12,2024-09-30,366369.7697765115
2724,Highlands County,FL,12,2024-09-30,236919.232354583
1251,Nassau County,FL,12,2024-09-30,480566.6604860534
1214,Monroe County,FL,12,2024-09-30,991403.3634744931
1468,Walton County,FL,12,2024-09-30,679514.8832565726
1338,Putnam County,FL,12,2024-09-30,212444.9879860668
2212,Columbia County,FL,12,2024-09-30,264536.0314261303
1794,Jackson County,FL,12,2024-09-30,175982.9697608789
1717,Gadsden County,FL,12,2024-09-30,202086.23309262304
2570,Suwannee County,FL,12,2024-09-30,259264.61061556265
234,Levy County,FL,12,2024-09-30,290343.9284740596
2990,Okeechobee County,FL,12,2024-09-30,279028.7084160294
1093,Hendry County,FL,12,2024-09-30,279887.2113043243
1659,De Soto County,FL,12,2024-09-30,259744.01886581155
2066,Wakulla County,FL,12,2024-09-30,281761.2293791353
378,Baker County,FL,12,2024-09-30,299596.1181159418
2148,Bradford County,FL,12,2024-09-30,240837.46939328616
1076,Hardee County,FL,12,2024-09-30,220701.706031285
3050,Washington County,FL,12,2024-09-30,214173.63169446937
1419,Taylor County,FL,12,2024-09-30,185311.60886591216
1094,Holmes County,FL,12,2024-09-30,195706.10105640747
1896,Madison County,FL,12,2024-09-30,205033.38915532888
2704,Gilchrist County,FL,12,2024-09-30,289665.4397366296
480,Dixie County,FL,12,2024-09-30,201547.0826894361
762,Union County,FL,12,2024-09-30,254365.9342045477
169,Gulf County,FL,12,2024-09-30,416047.2708459666
2735,Jefferson County,FL,12,2024-09-30,289979.9026046942
2315,Hamilton County,FL,12,2024-09-30,196186.00384435875
1571,Calhoun County,FL,12,2024-09-30,183322.61820655712
2272,Franklin County,FL,12,2024-09-30,445706.2942948453
1042,Glades County,FL,12,2024-09-30,256387.4951165352
2769,Lafayette County,FL,12,2024-09-30,240185.02581202224
1858,Liberty County,FL,12,2024-09-30,193433.8980330513
2964,Miami-Dade County,FL,12,2024-10-31,533338.3243788185
1561,Broward County,FL,12,2024-10-31,443556.5639037117
2993,Palm Beach County,FL,12,2024-10-31,488777.950106787
3165,Hillsborough County,FL,12,2024-10-31,390496.794715817
1287,Orange County,FL,12,2024-10-31,414236.6009307045
489,Duval County,FL,12,2024-10-31,301678.452978235
2480,Pinellas County,FL,12,2024-10-31,394135.0011972646
80,Lee County,FL,12,2024-10-31,380778.9764168929
285,Polk County,FL,12,2024-10-31,310326.4539642844
1556,Brevard County,FL,12,2024-10-31,351513.5201002345
669,Pasco County,FL,12,2024-10-31,348847.035060412
2063,Volusia County,FL,12,2024-10-31,336243.56821904075
2538,Seminole County,FL,12,2024-10-31,413096.65912660136
2528,Sarasota County,FL,12,2024-10-31,442619.5175097397
1916,Manatee County,FL,12,2024-10-31,447036.6433224074
1957,Osceola County,FL,12,2024-10-31,381748.7084767333
219,Lake County,FL,12,2024-10-31,372782.9285261136
1638,Collier County,FL,12,2024-10-31,599964.4091922628
1161,Marion County,FL,12,2024-10-31,282427.65316480777
3131,Saint Lucie County,FL,12,2024-10-31,384701.2907616152
2259,Escambia County,FL,12,2024-10-31,278188.21297855955
232,Leon County,FL,12,2024-10-31,284565.1851792266
1509,Alachua County,FL,12,2024-10-31,304202.24782296555
3128,Saint Johns County,FL,12,2024-10-31,503491.9001477056
118,Clay County,FL,12,2024-10-31,338396.103860955
2460,Okaloosa County,FL,12,2024-10-31,356204.15124840447
2341,Hernando County,FL,12,2024-10-31,320213.49458639865
2650,Charlotte County,FL,12,2024-10-31,343611.2700672991
3026,Santa Rosa County,FL,12,2024-10-31,346415.79309307324
67,Bay County,FL,12,2024-10-31,350148.2211764278
3168,Indian River County,FL,12,2024-10-31,381169.5070728315
1176,Martin County,FL,12,2024-10-31,463393.519921392
938,Citrus County,FL,12,2024-10-31,280405.1739321996
1409,Sumter County,FL,12,2024-10-31,393171.6797707679
1707,Flagler County,FL,12,2024-10-31,364900.4763204274
2724,Highlands County,FL,12,2024-10-31,235957.76680494208
1251,Nassau County,FL,12,2024-10-31,480552.8843126246
1214,Monroe County,FL,12,2024-10-31,989157.3525975718
1468,Walton County,FL,12,2024-10-31,678476.3508366287
1338,Putnam County,FL,12,2024-10-31,211545.34333360053
2212,Columbia County,FL,12,2024-10-31,263603.63559620467
1794,Jackson County,FL,12,2024-10-31,175663.99300424554
1717,Gadsden County,FL,12,2024-10-31,202026.45587516576
2570,Suwannee County,FL,12,2024-10-31,260108.49910375508
234,Levy County,FL,12,2024-10-31,289686.5652923656
2990,Okeechobee County,FL,12,2024-10-31,279417.50575317047
1093,Hendry County,FL,12,2024-10-31,279674.07505163056
1659,De Soto County,FL,12,2024-10-31,259425.2846862398
2066,Wakulla County,FL,12,2024-10-31,281349.568501692
378,Baker County,FL,12,2024-10-31,299506.21899856016
2148,Bradford County,FL,12,2024-10-31,240426.57846761483
1076,Hardee County,FL,12,2024-10-31,220654.08737277496
3050,Washington County,FL,12,2024-10-31,214567.2841178305
1419,Taylor County,FL,12,2024-10-31,184953.53282662496
1094,Holmes County,FL,12,2024-10-31,195436.6468718332
1896,Madison County,FL,12,2024-10-31,205178.54099110863
2704,Gilchrist County,FL,12,2024-10-31,289693.7635006018
480,Dixie County,FL,12,2024-10-31,200632.73495681267
762,Union County,FL,12,2024-10-31,253813.1016606614
169,Gulf County,FL,12,2024-10-31,415301.9603879051
2735,Jefferson County,FL,12,2024-10-31,290479.60771499336
2315,Hamilton County,FL,12,2024-10-31,196719.21242392625
1571,Calhoun County,FL,12,2024-10-31,182389.28987156003
2272,Franklin County,FL,12,2024-10-31,445619.5821869845
1042,Glades County,FL,12,2024-10-31,256672.37322172083
2769,Lafayette County,FL,12,2024-10-31,239307.3902346984
1858,Liberty County,FL,12,2024-10-31,192663.21697281484
2964,Miami-Dade County,FL,12,2024-11-30,532594.1829783263
1561,Broward County,FL,12,2024-11-30,442686.41753833584
2993,Palm Beach County,FL,12,2024-11-30,487190.3123947711
3165,Hillsborough County,FL,12,2024-11-30,388882.02480323176
1287,Orange County,FL,12,2024-11-30,413558.6081283944
489,Duval County,FL,12,2024-11-30,300875.9327307829
2480,Pinellas County,FL,12,2024-11-30,391785.7836448785
80,Lee County,FL,12,2024-11-30,378525.3335662609
285,Polk County,FL,12,2024-11-30,309557.5261999716
1556,Brevard County,FL,12,2024-11-30,350677.01644757023
669,Pasco County,FL,12,2024-11-30,347428.95246605616
2063,Volusia County,FL,12,2024-11-30,335173.7546009498
2538,Seminole County,FL,12,2024-11-30,412644.1988241011
2528,Sarasota County,FL,12,2024-11-30,439648.0203212157
1916,Manatee County,FL,12,2024-11-30,444771.0880896554
1957,Osceola County,FL,12,2024-11-30,380674.682262985
219,Lake County,FL,12,2024-11-30,372215.39425231743
1638,Collier County,FL,12,2024-11-30,597409.395267465
1161,Marion County,FL,12,2024-11-30,281910.74984528514
3131,Saint Lucie County,FL,12,2024-11-30,383604.5053249102
2259,Escambia County,FL,12,2024-11-30,276956.87235716934
232,Leon County,FL,12,2024-11-30,284332.3501580663
1509,Alachua County,FL,12,2024-11-30,304206.5671949699
3128,Saint Johns County,FL,12,2024-11-30,502894.8186471253
118,Clay County,FL,12,2024-11-30,337594.5078150032
2460,Okaloosa County,FL,12,2024-11-30,355110.7964102396
2341,Hernando County,FL,12,2024-11-30,318875.2066921466
2650,Charlotte County,FL,12,2024-11-30,341134.88039293245
3026,Santa Rosa County,FL,12,2024-11-30,345512.09042083326
67,Bay County,FL,12,2024-11-30,348841.58656196896
3168,Indian River County,FL,12,2024-11-30,380036.5557740453
1176,Martin County,FL,12,2024-11-30,461843.1425740384
938,Citrus County,FL,12,2024-11-30,279622.82919495966
1409,Sumter County,FL,12,2024-11-30,393045.5478254096
1707,Flagler County,FL,12,2024-11-30,362815.1759527328
2724,Highlands County,FL,12,2024-11-30,235187.34479841808
1251,Nassau County,FL,12,2024-11-30,480108.2843919904
1214,Monroe County,FL,12,2024-11-30,982989.042282772
1468,Walton County,FL,12,2024-11-30,675984.885912992
1338,Putnam County,FL,12,2024-11-30,210176.8285286356
2212,Columbia County,FL,12,2024-11-30,262568.4544907811
1794,Jackson County,FL,12,2024-11-30,175199.13943798174
1717,Gadsden County,FL,12,2024-11-30,201798.5905759834
2570,Suwannee County,FL,12,2024-11-30,259991.332703734
234,Levy County,FL,12,2024-11-30,288976.5353284884
2990,Okeechobee County,FL,12,2024-11-30,279660.9341116666
1093,Hendry County,FL,12,2024-11-30,279544.6397823893
1659,De Soto County,FL,12,2024-11-30,258633.65738968967
2066,Wakulla County,FL,12,2024-11-30,280477.2382003719
378,Baker County,FL,12,2024-11-30,299237.58250330127
2148,Bradford County,FL,12,2024-11-30,239934.3196142228
1076,Hardee County,FL,12,2024-11-30,221297.1309864065
3050,Washington County,FL,12,2024-11-30,215363.5543995385
1419,Taylor County,FL,12,2024-11-30,185458.24929518453
1094,Holmes County,FL,12,2024-11-30,194386.85578885104
1896,Madison County,FL,12,2024-11-30,204926.1765367785
2704,Gilchrist County,FL,12,2024-11-30,289096.5668559726
480,Dixie County,FL,12,2024-11-30,200464.0771166565
762,Union County,FL,12,2024-11-30,253220.41420297697
169,Gulf County,FL,12,2024-11-30,414327.4793822831
2735,Jefferson County,FL,12,2024-11-30,290108.9351496695
2315,Hamilton County,FL,12,2024-11-30,197087.1555796934
1571,Calhoun County,FL,12,2024-11-30,181326.3392244293
2272,Franklin County,FL,12,2024-11-30,444315.2479388273
1042,Glades County,FL,12,2024-11-30,256470.4962403949
2769,Lafayette County,FL,12,2024-11-30,237811.64103565816
1858,Liberty County,FL,12,2024-11-30,191975.6141466116
2964,Miami-Dade County,FL,12,2024-12-31,531795.3735401812
1561,Broward County,FL,12,2024-12-31,442154.0101346289
2993,Palm Beach County,FL,12,2024-12-31,485654.8387361562
3165,Hillsborough County,FL,12,2024-12-31,387688.9959696572
1287,Orange County,FL,12,2024-12-31,412903.66327964974
489,Duval County,FL,12,2024-12-31,300358.7517723431
2480,Pinellas County,FL,12,2024-12-31,389066.214142503
80,Lee County,FL,12,2024-12-31,376141.55634664063
285,Polk County,FL,12,2024-12-31,308903.2192017849
1556,Brevard County,FL,12,2024-12-31,349965.9872994628
669,Pasco County,FL,12,2024-12-31,345900.38810062426
2063,Volusia County,FL,12,2024-12-31,334063.00544293545
2538,Seminole County,FL,12,2024-12-31,412289.4672047195
2528,Sarasota County,FL,12,2024-12-31,436230.42820076895
1916,Manatee County,FL,12,2024-12-31,442407.9350285447
1957,Osceola County,FL,12,2024-12-31,379678.2624630813
219,Lake County,FL,12,2024-12-31,371811.8704840234
1638,Collier County,FL,12,2024-12-31,594570.2962139881
1161,Marion County,FL,12,2024-12-31,281568.8502956299
3131,Saint Lucie County,FL,12,2024-12-31,382492.0931982784
2259,Escambia County,FL,12,2024-12-31,276108.8554817052
232,Leon County,FL,12,2024-12-31,284496.4752131722
1509,Alachua County,FL,12,2024-12-31,304307.0205013674
3128,Saint Johns County,FL,12,2024-12-31,502293.4483147495
118,Clay County,FL,12,2024-12-31,336886.0325990227
2460,Okaloosa County,FL,12,2024-12-31,354331.75839249155
2341,Hernando County,FL,12,2024-12-31,317672.55412744294
2650,Charlotte County,FL,12,2024-12-31,338510.6862587755
3026,Santa Rosa County,FL,12,2024-12-31,345013.0824496699
67,Bay County,FL,12,2024-12-31,348309.20031508635
3168,Indian River County,FL,12,2024-12-31,378631.8689099699
1176,Martin County,FL,12,2024-12-31,460265.1787116886
938,Citrus County,FL,12,2024-12-31,278948.2325404994
1409,Sumter County,FL,12,2024-12-31,392745.1295313044
1707,Flagler County,FL,12,2024-12-31,361137.1166271721
2724,Highlands County,FL,12,2024-12-31,235235.2522677558
1251,Nassau County,FL,12,2024-12-31,480318.5599458435
1214,Monroe County,FL,12,2024-12-31,976157.9303168296
1468,Walton County,FL,12,2024-12-31,671476.5678097588
1338,Putnam County,FL,12,2024-12-31,209071.72722237752
2212,Columbia County,FL,12,2024-12-31,262254.9286270842
1794,Jackson County,FL,12,2024-12-31,175263.1580178967
1717,Gadsden County,FL,12,2024-12-31,201758.58918515127
2570,Suwannee County,FL,12,2024-12-31,260493.99957986607
234,Levy County,FL,12,2024-12-31,288991.4964589434
2990,Okeechobee County,FL,12,2024-12-31,280219.92420557706
1093,Hendry County,FL,12,2024-12-31,280052.9473977373
1659,De Soto County,FL,12,2024-12-31,257625.0157935041
2066,Wakulla County,FL,12,2024-12-31,280172.65207264986
378,Baker County,FL,12,2024-12-31,299789.56137222704
2148,Bradford County,FL,12,2024-12-31,239883.3361100733
1076,Hardee County,FL,12,2024-12-31,222743.4389434946
3050,Washington County,FL,12,2024-12-31,216531.2777615008
1419,Taylor County,FL,12,2024-12-31,186560.25859493355
1094,Holmes County,FL,12,2024-12-31,194096.26319963744
1896,Madison County,FL,12,2024-12-31,205593.71402103527
2704,Gilchrist County,FL,12,2024-12-31,289251.00466363644
480,Dixie County,FL,12,2024-12-31,201043.7505571311
762,Union County,FL,12,2024-12-31,254398.05347768785
169,Gulf County,FL,12,2024-12-31,414126.9724968101
2735,Jefferson County,FL,12,2024-12-31,290430.6018774712
2315,Hamilton County,FL,12,2024-12-31,197474.279754967
1571,Calhoun County,FL,12,2024-12-31,180857.96999123832
2272,Franklin County,FL,12,2024-12-31,442836.6737880094
1042,Glades County,FL,12,2024-12-31,256507.6712556012
2769,Lafayette County,FL,12,2024-12-31,237365.1346053039
1858,Liberty County,FL,12,2024-12-31,191844.5725009564
2964,Miami-Dade County,FL,12,2025-01-31,531227.8948889711
1561,Broward County,FL,12,2025-01-31,442036.9857494904
2993,Palm Beach County,FL,12,2025-01-31,484076.9879637471
3165,Hillsborough County,FL,12,2025-01-31,386925.9241772022
1287,Orange County,FL,12,2025-01-31,412353.7792457271
489,Duval County,FL,12,2025-01-31,300034.50795368874
2480,Pinellas County,FL,12,2025-01-31,386305.1685666603
80,Lee County,FL,12,2025-01-31,373673.6349691989
285,Polk County,FL,12,2025-01-31,308419.6046368808
1556,Brevard County,FL,12,2025-01-31,349398.2648075374
669,Pasco County,FL,12,2025-01-31,344473.3064550577
2063,Volusia County,FL,12,2025-01-31,333008.7700091985
2538,Seminole County,FL,12,2025-01-31,411976.0332342868
2528,Sarasota County,FL,12,2025-01-31,432726.725582268
1916,Manatee County,FL,12,2025-01-31,440197.7121463136
1957,Osceola County,FL,12,2025-01-31,378783.2150952961
219,Lake County,FL,12,2025-01-31,371655.2543420349
1638,Collier County,FL,12,2025-01-31,591713.1118965541
1161,Marion County,FL,12,2025-01-31,281452.05391037924
3131,Saint Lucie County,FL,12,2025-01-31,381438.7808233031
2259,Escambia County,FL,12,2025-01-31,275505.4444878228
232,Leon County,FL,12,2025-01-31,284724.12845358026
1509,Alachua County,FL,12,2025-01-31,304570.8083617
3128,Saint Johns County,FL,12,2025-01-31,501592.80581924
118,Clay County,FL,12,2025-01-31,336470.99730752787
2460,Okaloosa County,FL,12,2025-01-31,353672.974341891
2341,Hernando County,FL,12,2025-01-31,317054.14608378126
2650,Charlotte County,FL,12,2025-01-31,336068.8504874597
3026,Santa Rosa County,FL,12,2025-01-31,344900.83676931035
67,Bay County,FL,12,2025-01-31,348767.0654680399
3168,Indian River County,FL,12,2025-01-31,377496.0188955168
1176,Martin County,FL,12,2025-01-31,458792.21885777934
938,Citrus County,FL,12,2025-01-31,278664.00503199635
1409,Sumter County,FL,12,2025-01-31,392461.5111108511
1707,Flagler County,FL,12,2025-01-31,359686.4495100058
2724,Highlands County,FL,12,2025-01-31,235308.90375097023
1251,Nassau County,FL,12,2025-01-31,480973.838319048
1214,Monroe County,FL,12,2025-01-31,970428.2340439148
1468,Walton County,FL,12,2025-01-31,667742.6718025095
1338,Putnam County,FL,12,2025-01-31,208229.0648361384
2212,Columbia County,FL,12,2025-01-31,262301.59170902724
1794,Jackson County,FL,12,2025-01-31,175224.39614512515
1717,Gadsden County,FL,12,2025-01-31,201928.71174392992
2570,Suwannee County,FL,12,2025-01-31,260951.9689451152
234,Levy County,FL,12,2025-01-31,289222.94203982624
2990,Okeechobee County,FL,12,2025-01-31,281031.3262832339
1093,Hendry County,FL,12,2025-01-31,280349.48221311584
1659,De Soto County,FL,12,2025-01-31,256359.37782201523
2066,Wakulla County,FL,12,2025-01-31,280435.0232775459
378,Baker County,FL,12,2025-01-31,300849.9501797105
2148,Bradford County,FL,12,2025-01-31,240421.02735788844
1076,Hardee County,FL,12,2025-01-31,223815.0680680202
3050,Washington County,FL,12,2025-01-31,218065.3132231092
1419,Taylor County,FL,12,2025-01-31,187272.1052435476
1094,Holmes County,FL,12,2025-01-31,193860.55284365872
1896,Madison County,FL,12,2025-01-31,205773.4359787
2704,Gilchrist County,FL,12,2025-01-31,289684.18252844014
480,Dixie County,FL,12,2025-01-31,202302.3639359339
762,Union County,FL,12,2025-01-31,255750.925782947
169,Gulf County,FL,12,2025-01-31,414819.5562212537
2735,Jefferson County,FL,12,2025-01-31,289928.1188637763
2315,Hamilton County,FL,12,2025-01-31,198181.938988532
1571,Calhoun County,FL,12,2025-01-31,179973.29263417714
2272,Franklin County,FL,12,2025-01-31,440539.6282437313
1042,Glades County,FL,12,2025-01-31,256528.43722447907
2769,Lafayette County,FL,12,2025-01-31,236806.7419033998
1858,Liberty County,FL,12,2025-01-31,190716.7917825901
2964,Miami-Dade County,FL,12,2025-02-28,530664.6645106318
1561,Broward County,FL,12,2025-02-28,441650.7251756623
2993,Palm Beach County,FL,12,2025-02-28,482299.691963733
3165,Hillsborough County,FL,12,2025-02-28,386119.6410794128
1287,Orange County,FL,12,2025-02-28,411623.08808560186
489,Duval County,FL,12,2025-02-28,299656.7752960552
2480,Pinellas County,FL,12,2025-02-28,383849.8180687148
80,Lee County,FL,12,2025-02-28,371089.2310579605
285,Polk County,FL,12,2025-02-28,307733.51361674204
1556,Brevard County,FL,12,2025-02-28,348742.79771019536
669,Pasco County,FL,12,2025-02-28,342799.4123255122
2063,Volusia County,FL,12,2025-02-28,331597.63014061697
2538,Seminole County,FL,12,2025-02-28,411202.69597855
2528,Sarasota County,FL,12,2025-02-28,429048.9731396679
1916,Manatee County,FL,12,2025-02-28,437830.9121521914
1957,Osceola County,FL,12,2025-02-28,377680.7142949638
219,Lake County,FL,12,2025-02-28,371378.6235966496
1638,Collier County,FL,12,2025-02-28,588547.6559361782
1161,Marion County,FL,12,2025-02-28,280912.48411256506
3131,Saint Lucie County,FL,12,2025-02-28,380252.4079048328
2259,Escambia County,FL,12,2025-02-28,274923.0799715789
232,Leon County,FL,12,2025-02-28,284811.6497156332
1509,Alachua County,FL,12,2025-02-28,304523.3718360104
3128,Saint Johns County,FL,12,2025-02-28,500611.144094456
118,Clay County,FL,12,2025-02-28,335986.0019472218
2460,Okaloosa County,FL,12,2025-02-28,352965.367471661
2341,Hernando County,FL,12,2025-02-28,316655.35049554706
2650,Charlotte County,FL,12,2025-02-28,333493.2947074937
3026,Santa Rosa County,FL,12,2025-02-28,344798.17645389907
67,Bay County,FL,12,2025-02-28,349092.4594747601
3168,Indian River County,FL,12,2025-02-28,376066.4945798747
1176,Martin County,FL,12,2025-02-28,457212.2092854522
938,Citrus County,FL,12,2025-02-28,278153.0459924314
1409,Sumter County,FL,12,2025-02-28,391584.26538682426
1707,Flagler County,FL,12,2025-02-28,358479.7250075356
2724,Highlands County,FL,12,2025-02-28,235186.0361096997
1251,Nassau County,FL,12,2025-02-28,481262.0389914935
1214,Monroe County,FL,12,2025-02-28,969082.49212963
1468,Walton County,FL,12,2025-02-28,665413.7168931359
1338,Putnam County,FL,12,2025-02-28,207913.864579714
2212,Columbia County,FL,12,2025-02-28,262804.1641124913
1794,Jackson County,FL,12,2025-02-28,175193.3175838173
1717,Gadsden County,FL,12,2025-02-28,202016.3734607578
2570,Suwannee County,FL,12,2025-02-28,261117.818211524
234,Levy County,FL,12,2025-02-28,289769.24961576407
2990,Okeechobee County,FL,12,2025-02-28,281776.8936947282
1093,Hendry County,FL,12,2025-02-28,280291.26035103947
1659,De Soto County,FL,12,2025-02-28,254892.20311150467
2066,Wakulla County,FL,12,2025-02-28,280613.4664116087
378,Baker County,FL,12,2025-02-28,302120.92401428835
2148,Bradford County,FL,12,2025-02-28,241179.7027000877
1076,Hardee County,FL,12,2025-02-28,223830.05375813105
3050,Washington County,FL,12,2025-02-28,219219.6293926991
1419,Taylor County,FL,12,2025-02-28,187052.72390764783
1094,Holmes County,FL,12,2025-02-28,193235.52434424183
1896,Madison County,FL,12,2025-02-28,205481.50409149085
2704,Gilchrist County,FL,12,2025-02-28,290674.1588006804
480,Dixie County,FL,12,2025-02-28,203061.8985287645
762,Union County,FL,12,2025-02-28,256685.1017651127
169,Gulf County,FL,12,2025-02-28,415505.2174184858
2735,Jefferson County,FL,12,2025-02-28,289594.9076848935
2315,Hamilton County,FL,12,2025-02-28,198915.52115875256
1571,Calhoun County,FL,12,2025-02-28,178758.53435906908
2272,Franklin County,FL,12,2025-02-28,437661.8103605281
1042,Glades County,FL,12,2025-02-28,256919.75950148524
2769,Lafayette County,FL,12,2025-02-28,236678.5129631401
1858,Liberty County,FL,12,2025-02-28,189350.95344066367
2964,Miami-Dade County,FL,12,2025-03-31,528765.5396753463
1561,Broward County,FL,12,2025-03-31,440016.8409489268
2993,Palm Beach County,FL,12,2025-03-31,479675.448458193
3165,Hillsborough County,FL,12,2025-03-31,384699.607714673
1287,Orange County,FL,12,2025-03-31,410198.793680063
489,Duval County,FL,12,2025-03-31,298587.9869239144
2480,Pinellas County,FL,12,2025-03-31,381365.3014267327
80,Lee County,FL,12,2025-03-31,367900.4132267747
285,Polk County,FL,12,2025-03-31,306610.6143114364
1556,Brevard County,FL,12,2025-03-31,347556.2315463618
669,Pasco County,FL,12,2025-03-31,340857.98696199415
2063,Volusia County,FL,12,2025-03-31,329695.86251232127
2538,Seminole County,FL,12,2025-03-31,409511.1284406529
2528,Sarasota County,FL,12,2025-03-31,425483.3450303515
1916,Manatee County,FL,12,2025-03-31,435200.5965327709
1957,Osceola County,FL,12,2025-03-31,376093.4331790656
219,Lake County,FL,12,2025-03-31,370602.3374200065
1638,Collier County,FL,12,2025-03-31,584854.190412916
1161,Marion County,FL,12,2025-03-31,279802.8789319492
3131,Saint Lucie County,FL,12,2025-03-31,378429.3285958791
2259,Escambia County,FL,12,2025-03-31,274065.6344891267
232,Leon County,FL,12,2025-03-31,284544.1489093267
1509,Alachua County,FL,12,2025-03-31,303905.73458640947
3128,Saint Johns County,FL,12,2025-03-31,499323.6584505682
118,Clay County,FL,12,2025-03-31,335216.0850526043
2460,Okaloosa County,FL,12,2025-03-31,351764.0826321584
2341,Hernando County,FL,12,2025-03-31,315857.8814005541
2650,Charlotte County,FL,12,2025-03-31,330655.7763879555
3026,Santa Rosa County,FL,12,2025-03-31,344170.5684332321
67,Bay County,FL,12,2025-03-31,348812.1300411652
3168,Indian River County,FL,12,2025-03-31,374054.4010708488
1176,Martin County,FL,12,2025-03-31,455204.24349038623
938,Citrus County,FL,12,2025-03-31,277082.4164965917
1409,Sumter County,FL,12,2025-03-31,390719.1486478895
1707,Flagler County,FL,12,2025-03-31,356924.1853474277
2724,Highlands County,FL,12,2025-03-31,234662.8256115704
1251,Nassau County,FL,12,2025-03-31,480255.1718354721
1214,Monroe County,FL,12,2025-03-31,967116.5146459978
1468,Walton County,FL,12,2025-03-31,663470.6567844345
1338,Putnam County,FL,12,2025-03-31,207739.0604947484
2212,Columbia County,FL,12,2025-03-31,262846.5265513195
1794,Jackson County,FL,12,2025-03-31,174426.42441626414
1717,Gadsden County,FL,12,2025-03-31,201472.8587997521
2570,Suwannee County,FL,12,2025-03-31,260252.17136433188
234,Levy County,FL,12,2025-03-31,289874.3727536934
2990,Okeechobee County,FL,12,2025-03-31,282058.55222193775
1093,Hendry County,FL,12,2025-03-31,279414.2594797979
1659,De Soto County,FL,12,2025-03-31,252611.14758178507
2066,Wakulla County,FL,12,2025-03-31,280074.2885224977
378,Baker County,FL,12,2025-03-31,302099.0832784789
2148,Bradford County,FL,12,2025-03-31,241210.17595331432
1076,Hardee County,FL,12,2025-03-31,222547.2060667768
3050,Washington County,FL,12,2025-03-31,219426.29796993823
1419,Taylor County,FL,12,2025-03-31,185217.56591812
1094,Holmes County,FL,12,2025-03-31,191623.59317350195
1896,Madison County,FL,12,2025-03-31,204158.92905068924
2704,Gilchrist County,FL,12,2025-03-31,290925.67164924444
480,Dixie County,FL,12,2025-03-31,202715.12184884096
762,Union County,FL,12,2025-03-31,256011.79470054284
169,Gulf County,FL,12,2025-03-31,414656.80755637726
2735,Jefferson County,FL,12,2025-03-31,288077.6345648917
2315,Hamilton County,FL,12,2025-03-31,198563.9073016496
1571,Calhoun County,FL,12,2025-03-31,176722.77549485865
2272,Franklin County,FL,12,2025-03-31,433692.6857192754
1042,Glades County,FL,12,2025-03-31,257086.02537330845
2769,Lafayette County,FL,12,2025-03-31,235519.70242416367
1858,Liberty County,FL,12,2025-03-31,187414.4322172184
2964,Miami-Dade County,FL,12,2025-04-30,526247.6092465628
1561,Broward County,FL,12,2025-04-30,437602.16675275966
2993,Palm Beach County,FL,12,2025-04-30,476710.0660619312
3165,Hillsborough County,FL,12,2025-04-30,382756.4008500364
1287,Orange County,FL,12,2025-04-30,408340.557001949
489,Duval County,FL,12,2025-04-30,297063.68512877123
2480,Pinellas County,FL,12,2025-04-30,378533.5122201762
80,Lee County,FL,12,2025-04-30,364060.8356621685
285,Polk County,FL,12,2025-04-30,305007.7963123988
1556,Brevard County,FL,12,2025-04-30,345737.7134414909
669,Pasco County,FL,12,2025-04-30,338506.68143552705
2063,Volusia County,FL,12,2025-04-30,327575.34311838995
2538,Seminole County,FL,12,2025-04-30,407248.9357906243
2528,Sarasota County,FL,12,2025-04-30,421884.8433789687
1916,Manatee County,FL,12,2025-04-30,432122.6602528994
1957,Osceola County,FL,12,2025-04-30,374258.1835667216
219,Lake County,FL,12,2025-04-30,369335.9286539111
1638,Collier County,FL,12,2025-04-30,580674.9646702915
1161,Marion County,FL,12,2025-04-30,278345.6319253863
3131,Saint Lucie County,FL,12,2025-04-30,376309.2553732733
2259,Escambia County,FL,12,2025-04-30,273071.31822218857
232,Leon County,FL,12,2025-04-30,284134.4545733693
1509,Alachua County,FL,12,2025-04-30,302559.39424035227
3128,Saint Johns County,FL,12,2025-04-30,497633.14306648256
118,Clay County,FL,12,2025-04-30,334260.66248809086
2460,Okaloosa County,FL,12,2025-04-30,350186.7584134373
2341,Hernando County,FL,12,2025-04-30,314470.7098036933
2650,Charlotte County,FL,12,2025-04-30,326850.3902050228
3026,Santa Rosa County,FL,12,2025-04-30,343398.5734981252
67,Bay County,FL,12,2025-04-30,347441.9173353558
3168,Indian River County,FL,12,2025-04-30,371507.84112002095
1176,Martin County,FL,12,2025-04-30,452943.6231165792
938,Citrus County,FL,12,2025-04-30,275376.69061238266
1409,Sumter County,FL,12,2025-04-30,389950.1477381424
1707,Flagler County,FL,12,2025-04-30,355485.0244824567
2724,Highlands County,FL,12,2025-04-30,233914.7526704638
1251,Nassau County,FL,12,2025-04-30,478282.0972349112
1214,Monroe County,FL,12,2025-04-30,964497.626093612
1468,Walton County,FL,12,2025-04-30,660002.8609135674
1338,Putnam County,FL,12,2025-04-30,207397.3885274548
2212,Columbia County,FL,12,2025-04-30,262737.26173636905
1794,Jackson County,FL,12,2025-04-30,173514.44116650752
1717,Gadsden County,FL,12,2025-04-30,200104.5299141928
2570,Suwannee County,FL,12,2025-04-30,258840.23694108272
234,Levy County,FL,12,2025-04-30,289422.60522924503
2990,Okeechobee County,FL,12,2025-04-30,281619.0027588768
1093,Hendry County,FL,12,2025-04-30,277981.5870183051
1659,De Soto County,FL,12,2025-04-30,250101.3869414965
2066,Wakulla County,FL,12,2025-04-30,279208.0354778524
378,Baker County,FL,12,2025-04-30,301346.3772177829
2148,Bradford County,FL,12,2025-04-30,239919.99973576365
1076,Hardee County,FL,12,2025-04-30,220621.7169576081
3050,Washington County,FL,12,2025-04-30,218021.98883362432
1419,Taylor County,FL,12,2025-04-30,182688.72986635385
1094,Holmes County,FL,12,2025-04-30,189871.19562247547
1896,Madison County,FL,12,2025-04-30,202890.9500576853
2704,Gilchrist County,FL,12,2025-04-30,290325.36559078336
480,Dixie County,FL,12,2025-04-30,201454.5371950537
762,Union County,FL,12,2025-04-30,254244.7297064919
169,Gulf County,FL,12,2025-04-30,411982.3852444619
2735,Jefferson County,FL,12,2025-04-30,287161.76028588746
2315,Hamilton County,FL,12,2025-04-30,196735.3307709104
1571,Calhoun County,FL,12,2025-04-30,175030.593632796
2272,Franklin County,FL,12,2025-04-30,430105.19400931016
1042,Glades County,FL,12,2025-04-30,257449.60244601945
2769,Lafayette County,FL,12,2025-04-30,234345.40227681576
1858,Liberty County,FL,12,2025-04-30,187174.43870783123
2964,Miami-Dade County,FL,12,2025-05-31,523184.3858684592
1561,Broward County,FL,12,2025-05-31,434479.5234926189
2993,Palm Beach County,FL,12,2025-05-31,473514.08861609246
3165,Hillsborough County,FL,12,2025-05-31,380649.0230395752
1287,Orange County,FL,12,2025-05-31,405964.7180563596
489,Duval County,FL,12,2025-05-31,295290.75608110015
2480,Pinellas County,FL,12,2025-05-31,375510.4351633767
80,Lee County,FL,12,2025-05-31,359606.7179937321
285,Polk County,FL,12,2025-05-31,303270.1996865803
1556,Brevard County,FL,12,2025-05-31,343590.0163279686
669,Pasco County,FL,12,2025-05-31,336312.63826787734
2063,Volusia County,FL,12,2025-05-31,325590.36572678364
2538,Seminole County,FL,12,2025-05-31,404785.2837196306
2528,Sarasota County,FL,12,2025-05-31,418031.0118937414
1916,Manatee County,FL,12,2025-05-31,428535.59925640834
1957,Osceola County,FL,12,2025-05-31,372296.4137651276
219,Lake County,FL,12,2025-05-31,367802.740870985
1638,Collier County,FL,12,2025-05-31,576113.2591928747
1161,Marion County,FL,12,2025-05-31,277163.98043280654
3131,Saint Lucie County,FL,12,2025-05-31,373819.08646975225
2259,Escambia County,FL,12,2025-05-31,272117.2807037234
232,Leon County,FL,12,2025-05-31,283755.9972417679
1509,Alachua County,FL,12,2025-05-31,301233.18326033064
3128,Saint Johns County,FL,12,2025-05-31,495476.8437062001
118,Clay County,FL,12,2025-05-31,333360.6909294632
2460,Okaloosa County,FL,12,2025-05-31,348427.4104581527
2341,Hernando County,FL,12,2025-05-31,313004.5702914282
2650,Charlotte County,FL,12,2025-05-31,322297.4165629091
3026,Santa Rosa County,FL,12,2025-05-31,342531.18169487844
67,Bay County,FL,12,2025-05-31,345946.4592799002
3168,Indian River County,FL,12,2025-05-31,368683.7948454248
1176,Martin County,FL,12,2025-05-31,450307.0016514675
938,Citrus County,FL,12,2025-05-31,273484.3276647805
1409,Sumter County,FL,12,2025-05-31,389463.5299139439
1707,Flagler County,FL,12,2025-05-31,354021.6442779172
2724,Highlands County,FL,12,2025-05-31,233417.1459363708
1251,Nassau County,FL,12,2025-05-31,476041.2884774252
1214,Monroe County,FL,12,2025-05-31,959020.8542121508
1468,Walton County,FL,12,2025-05-31,655171.9295731123
1338,Putnam County,FL,12,2025-05-31,206864.84521877675
2212,Columbia County,FL,12,2025-05-31,262892.7106080021
1794,Jackson County,FL,12,2025-05-31,172938.02574822426
1717,Gadsden County,FL,12,2025-05-31,198583.8652483873
2570,Suwannee County,FL,12,2025-05-31,258321.88354183256
234,Levy County,FL,12,2025-05-31,288407.6957370923
2990,Okeechobee County,FL,12,2025-05-31,280886.4003677641
1093,Hendry County,FL,12,2025-05-31,276526.29440964106
1659,De Soto County,FL,12,2025-05-31,247863.43310232632
2066,Wakulla County,FL,12,2025-05-31,278647.3649639133
378,Baker County,FL,12,2025-05-31,300518.55157949176
2148,Bradford County,FL,12,2025-05-31,238574.78980717345
1076,Hardee County,FL,12,2025-05-31,219244.70685369475
3050,Washington County,FL,12,2025-05-31,216730.07664466792
1419,Taylor County,FL,12,2025-05-31,180806.973500332
1094,Holmes County,FL,12,2025-05-31,189280.8383710596
1896,Madison County,FL,12,2025-05-31,202913.10683158392
2704,Gilchrist County,FL,12,2025-05-31,289255.4154004508
480,Dixie County,FL,12,2025-05-31,200500.6048275079
762,Union County,FL,12,2025-05-31,252896.8333507168
169,Gulf County,FL,12,2025-05-31,408712.8381315722
2735,Jefferson County,FL,12,2025-05-31,285995.3894362859
2315,Hamilton County,FL,12,2025-05-31,193700.6884357553
1571,Calhoun County,FL,12,2025-05-31,174243.79572016944
2272,Franklin County,FL,12,2025-05-31,428599.7149889339
1042,Glades County,FL,12,2025-05-31,258124.2399339329
2769,Lafayette County,FL,12,2025-05-31,234176.25448290625
1858,Liberty County,FL,12,2025-05-31,188167.26294474336
2964,Miami-Dade County,FL,12,2025-06-30,520306.4689172584
1561,Broward County,FL,12,2025-06-30,431275.5446261908
2993,Palm Beach County,FL,12,2025-06-30,470205.7198722517
3165,Hillsborough County,FL,12,2025-06-30,378391.9150482135
1287,Orange County,FL,12,2025-06-30,403398.9893348744
489,Duval County,FL,12,2025-06-30,293553.4662690458
2480,Pinellas County,FL,12,2025-06-30,372134.3967288477
80,Lee County,FL,12,2025-06-30,355023.69908859784
285,Polk County,FL,12,2025-06-30,301408.21430402825
1556,Brevard County,FL,12,2025-06-30,341455.5732679433
669,Pasco County,FL,12,2025-06-30,334121.3299592726
2063,Volusia County,FL,12,2025-06-30,323603.7883592874
2538,Seminole County,FL,12,2025-06-30,402208.6370079501
2528,Sarasota County,FL,12,2025-06-30,413464.527122186
1916,Manatee County,FL,12,2025-06-30,424506.97682703193
1957,Osceola County,FL,12,2025-06-30,370178.72701449046
219,Lake County,FL,12,2025-06-30,365988.9177835874
1638,Collier County,FL,12,2025-06-30,570994.6259638144
1161,Marion County,FL,12,2025-06-30,276042.4488735125
3131,Saint Lucie County,FL,12,2025-06-30,371517.90850004304
2259,Escambia County,FL,12,2025-06-30,271341.1408228494
232,Leon County,FL,12,2025-06-30,283289.18275383627
1509,Alachua County,FL,12,2025-06-30,299784.6926377623
3128,Saint Johns County,FL,12,2025-06-30,492544.7086961481
118,Clay County,FL,12,2025-06-30,332392.7537784358
2460,Okaloosa County,FL,12,2025-06-30,346795.35123503424
2341,Hernando County,FL,12,2025-06-30,311360.3005007231
2650,Charlotte County,FL,12,2025-06-30,317029.6772652695
3026,Santa Rosa County,FL,12,2025-06-30,341744.84188889345
67,Bay County,FL,12,2025-06-30,344113.10910085734
3168,Indian River County,FL,12,2025-06-30,365870.6366376023
1176,Martin County,FL,12,2025-06-30,446760.8512985104
938,Citrus County,FL,12,2025-06-30,271489.4294936043
1409,Sumter County,FL,12,2025-06-30,388987.1706281049
1707,Flagler County,FL,12,2025-06-30,352320.0797117551
2724,Highlands County,FL,12,2025-06-30,232716.2564713589
1251,Nassau County,FL,12,2025-06-30,474075.7231457117
1214,Monroe County,FL,12,2025-06-30,952163.9648696858
1468,Walton County,FL,12,2025-06-30,649309.8876885175
1338,Putnam County,FL,12,2025-06-30,206399.4611891053
2212,Columbia County,FL,12,2025-06-30,263394.5374206402
1794,Jackson County,FL,12,2025-06-30,172714.84521403615
1717,Gadsden County,FL,12,2025-06-30,197388.5170994537
2570,Suwannee County,FL,12,2025-06-30,258525.35710833725
234,Levy County,FL,12,2025-06-30,286969.190138832
2990,Okeechobee County,FL,12,2025-06-30,280489.4284692093
1093,Hendry County,FL,12,2025-06-30,275164.53512633505
1659,De Soto County,FL,12,2025-06-30,246557.380689434
2066,Wakulla County,FL,12,2025-06-30,278403.3272262052
378,Baker County,FL,12,2025-06-30,300199.43505137
2148,Bradford County,FL,12,2025-06-30,237605.5239796436
1076,Hardee County,FL,12,2025-06-30,218933.6536317874
3050,Washington County,FL,12,2025-06-30,215674.8393695522
1419,Taylor County,FL,12,2025-06-30,179664.5793981416
1094,Holmes County,FL,12,2025-06-30,188752.7530921221
1896,Madison County,FL,12,2025-06-30,203367.12628750224
2704,Gilchrist County,FL,12,2025-06-30,288283.58038243075
480,Dixie County,FL,12,2025-06-30,200149.05203845448
762,Union County,FL,12,2025-06-30,252338.07497882983
169,Gulf County,FL,12,2025-06-30,404770.2742922697
2735,Jefferson County,FL,12,2025-06-30,285304.0254226702
2315,Hamilton County,FL,12,2025-06-30,191237.7223280669
1571,Calhoun County,FL,12,2025-06-30,174397.6247237213
2272,Franklin County,FL,12,2025-06-30,426996.91363679146
1042,Glades County,FL,12,2025-06-30,258617.14014815624
2769,Lafayette County,FL,12,2025-06-30,235179.535230921
1858,Liberty County,FL,12,2025-06-30,190070.9540205684
2964,Miami-Dade County,FL,12,2025-07-31,517235.1366205793
1561,Broward County,FL,12,2025-07-31,427670.231674133
2993,Palm Beach County,FL,12,2025-07-31,466273.8042388908
3165,Hillsborough County,FL,12,2025-07-31,376037.6536511179
1287,Orange County,FL,12,2025-07-31,400742.4751808818
489,Duval County,FL,12,2025-07-31,291898.04407867027
2480,Pinellas County,FL,12,2025-07-31,368237.62866097735
80,Lee County,FL,12,2025-07-31,350457.07401020586
285,Polk County,FL,12,2025-07-31,299646.3406579249
1556,Brevard County,FL,12,2025-07-31,339480.53840763937
669,Pasco County,FL,12,2025-07-31,331985.574324166
2063,Volusia County,FL,12,2025-07-31,321566.5555961877
2538,Seminole County,FL,12,2025-07-31,399583.3071434081
2528,Sarasota County,FL,12,2025-07-31,408404.8769031631
1916,Manatee County,FL,12,2025-07-31,420207.9072492935
1957,Osceola County,FL,12,2025-07-31,367641.56335458223
219,Lake County,FL,12,2025-07-31,363931.9710233289
1638,Collier County,FL,12,2025-07-31,564971.551867162
1161,Marion County,FL,12,2025-07-31,275028.8507729337
3131,Saint Lucie County,FL,12,2025-07-31,369444.1631831566
2259,Escambia County,FL,12,2025-07-31,271005.4838693385
232,Leon County,FL,12,2025-07-31,282780.83423033595
1509,Alachua County,FL,12,2025-07-31,298596.57521367195
3128,Saint Johns County,FL,12,2025-07-31,489215.7756373026
118,Clay County,FL,12,2025-07-31,331348.4644368353
2460,Okaloosa County,FL,12,2025-07-31,345445.99724533805
2341,Hernando County,FL,12,2025-07-31,309673.5161623182
2650,Charlotte County,FL,12,2025-07-31,311706.8320922726
3026,Santa Rosa County,FL,12,2025-07-31,340719.645510288
67,Bay County,FL,12,2025-07-31,341953.77391007595
3168,Indian River County,FL,12,2025-07-31,363028.8474761277
1176,Martin County,FL,12,2025-07-31,442482.0633406121
938,Citrus County,FL,12,2025-07-31,269571.3913226145
1409,Sumter County,FL,12,2025-07-31,387798.9406178204
1707,Flagler County,FL,12,2025-07-31,349931.15685060417
2724,Highlands County,FL,12,2025-07-31,232132.1299608246
1251,Nassau County,FL,12,2025-07-31,471954.387017433
1214,Monroe County,FL,12,2025-07-31,945260.259735428
1468,Walton County,FL,12,2025-07-31,644619.7554532735
1338,Putnam County,FL,12,2025-07-31,205896.36043887105
2212,Columbia County,FL,12,2025-07-31,263690.3529204815
1794,Jackson County,FL,12,2025-07-31,172839.52860687496
1717,Gadsden County,FL,12,2025-07-31,196863.3748675612
2570,Suwannee County,FL,12,2025-07-31,259462.0505658397
234,Levy County,FL,12,2025-07-31,285202.0517479587
2990,Okeechobee County,FL,12,2025-07-31,280174.9871009994
1093,Hendry County,FL,12,2025-07-31,274065.66766746406
1659,De Soto County,FL,12,2025-07-31,245573.19432199685
2066,Wakulla County,FL,12,2025-07-31,278422.8167482432
378,Baker County,FL,12,2025-07-31,300161.15710243885
2148,Bradford County,FL,12,2025-07-31,237122.53819009475
1076,Hardee County,FL,12,2025-07-31,220304.02367762983
3050,Washington County,FL,12,2025-07-31,215102.87164142504
1419,Taylor County,FL,12,2025-07-31,179611.43042942765
1094,Holmes County,FL,12,2025-07-31,187958.2074678213
1896,Madison County,FL,12,2025-07-31,204684.59942039847
2704,Gilchrist County,FL,12,2025-07-31,288334.95616085414
480,Dixie County,FL,12,2025-07-31,200363.1712820003
762,Union County,FL,12,2025-07-31,252425.9231427271
169,Gulf County,FL,12,2025-07-31,401243.77451472846
2735,Jefferson County,FL,12,2025-07-31,284524.81370757887
2315,Hamilton County,FL,12,2025-07-31,190369.61220443703
1571,Calhoun County,FL,12,2025-07-31,174741.85415334077
2272,Franklin County,FL,12,2025-07-31,425227.8548648164
1042,Glades County,FL,12,2025-07-31,258343.82958269943
2769,Lafayette County,FL,12,2025-07-31,236932.85161200145
1858,Liberty County,FL,12,2025-07-31,191748.93609343623
2964,Miami-Dade County,FL,12,2025-08-31,514709.7341363829
1561,Broward County,FL,12,2025-08-31,424825.71850521
2993,Palm Beach County,FL,12,2025-08-31,462759.3740059324
3165,Hillsborough County,FL,12,2025-08-31,373835.6446300356
1287,Orange County,FL,12,2025-08-31,398515.5972755508
489,Duval County,FL,12,2025-08-31,290444.7197126386
2480,Pinellas County,FL,12,2025-08-31,364370.8815494079
80,Lee County,FL,12,2025-08-31,346334.1562140331
285,Polk County,FL,12,2025-08-31,298019.4528793046
1556,Brevard County,FL,12,2025-08-31,337836.7039438282
669,Pasco County,FL,12,2025-08-31,330023.8816585929
2063,Volusia County,FL,12,2025-08-31,319786.5321917794
2538,Seminole County,FL,12,2025-08-31,397363.8871996957
2528,Sarasota County,FL,12,2025-08-31,403634.8676819022
1916,Manatee County,FL,12,2025-08-31,416348.8317551215
1957,Osceola County,FL,12,2025-08-31,365143.059540603
219,Lake County,FL,12,2025-08-31,361757.6008323821
1638,Collier County,FL,12,2025-08-31,559397.7592313243
1161,Marion County,FL,12,2025-08-31,273957.026820696
3131,Saint Lucie County,FL,12,2025-08-31,367931.25537216826
2259,Escambia County,FL,12,2025-08-31,270942.70654979657
232,Leon County,FL,12,2025-08-31,282093.23475534265
1509,Alachua County,FL,12,2025-08-31,297263.9608852062
3128,Saint Johns County,FL,12,2025-08-31,486217.3178168687
118,Clay County,FL,12,2025-08-31,330356.38396991853
2460,Okaloosa County,FL,12,2025-08-31,344409.2775464359
2341,Hernando County,FL,12,2025-08-31,307779.4200394674
2650,Charlotte County,FL,12,2025-08-31,306782.34287297307
3026,Santa Rosa County,FL,12,2025-08-31,339794.9924581009
67,Bay County,FL,12,2025-08-31,339627.5551402595
3168,Indian River County,FL,12,2025-08-31,360768.1546019701
1176,Martin County,FL,12,2025-08-31,438433.1049967522
938,Citrus County,FL,12,2025-08-31,267812.92266561376
1409,Sumter County,FL,12,2025-08-31,386540.5419927905
1707,Flagler County,FL,12,2025-08-31,347085.0745722192
2724,Highlands County,FL,12,2025-08-31,231012.58200637545
1251,Nassau County,FL,12,2025-08-31,469947.3725472569
1214,Monroe County,FL,12,2025-08-31,939175.6838401672
1468,Walton County,FL,12,2025-08-31,641559.9105060535
1338,Putnam County,FL,12,2025-08-31,205481.25203888072
2212,Columbia County,FL,12,2025-08-31,263398.95189553354
1794,Jackson County,FL,12,2025-08-31,173067.08858691595
1717,Gadsden County,FL,12,2025-08-31,196456.59562085988
2570,Suwannee County,FL,12,2025-08-31,259686.50780723445
234,Levy County,FL,12,2025-08-31,283452.7408379152
2990,Okeechobee County,FL,12,2025-08-31,279997.7978651603
1093,Hendry County,FL,12,2025-08-31,273010.031714737
1659,De Soto County,FL,12,2025-08-31,244703.8653255656
2066,Wakulla County,FL,12,2025-08-31,278145.6735424088
378,Baker County,FL,12,2025-08-31,300096.0463560393
2148,Bradford County,FL,12,2025-08-31,236614.62584313573
1076,Hardee County,FL,12,2025-08-31,222147.5043693805
3050,Washington County,FL,12,2025-08-31,214035.9554758519
1419,Taylor County,FL,12,2025-08-31,179303.4900043793
1094,Holmes County,FL,12,2025-08-31,185864.7227477333
1896,Madison County,FL,12,2025-08-31,205026.2208824184
2704,Gilchrist County,FL,12,2025-08-31,288740.4782566935
480,Dixie County,FL,12,2025-08-31,200853.8756046205
762,Union County,FL,12,2025-08-31,252660.0738247404
169,Gulf County,FL,12,2025-08-31,397953.0178058909
2735,Jefferson County,FL,12,2025-08-31,284049.7029262483
2315,Hamilton County,FL,12,2025-08-31,190485.0881836116
1571,Calhoun County,FL,12,2025-08-31,174825.44556195152
2272,Franklin County,FL,12,2025-08-31,421450.6472569513
1042,Glades County,FL,12,2025-08-31,256650.7014843148
2769,Lafayette County,FL,12,2025-08-31,238111.45480098668
1858,Liberty County,FL,12,2025-08-31,192822.9082054022
2964,Miami-Dade County,FL,12,2025-09-30,513220.2936070042
1561,Broward County,FL,12,2025-09-30,422792.7182040104
2993,Palm Beach County,FL,12,2025-09-30,460277.55559630174
3165,Hillsborough County,FL,12,2025-09-30,372267.3909989725
1287,Orange County,FL,12,2025-09-30,397133.3919325448
489,Duval County,FL,12,2025-09-30,289426.6474730251
2480,Pinellas County,FL,12,2025-09-30,361247.5654963834
80,Lee County,FL,12,2025-09-30,343089.5398255351
285,Polk County,FL,12,2025-09-30,296895.41651322844
1556,Brevard County,FL,12,2025-09-30,336636.5516530408
669,Pasco County,FL,12,2025-09-30,328690.0831541108
2063,Volusia County,FL,12,2025-09-30,318484.8931293608
2538,Seminole County,FL,12,2025-09-30,395983.4938041293
2528,Sarasota County,FL,12,2025-09-30,399849.2739428613
1916,Manatee County,FL,12,2025-09-30,413263.63114951394
1957,Osceola County,FL,12,2025-09-30,363219.1126718068
219,Lake County,FL,12,2025-09-30,359987.0922711105
1638,Collier County,FL,12,2025-09-30,555318.7892377488
1161,Marion County,FL,12,2025-09-30,273197.61686782824
3131,Saint Lucie County,FL,12,2025-09-30,366907.69194226456
2259,Escambia County,FL,12,2025-09-30,271101.231280687
232,Leon County,FL,12,2025-09-30,281826.11067895306
1509,Alachua County,FL,12,2025-09-30,296440.44521151605
3128,Saint Johns County,FL,12,2025-09-30,484300.563899141
118,Clay County,FL,12,2025-09-30,329712.4761386278
2460,Okaloosa County,FL,12,2025-09-30,343965.9090585887
2341,Hernando County,FL,12,2025-09-30,306475.914628102
2650,Charlotte County,FL,12,2025-09-30,302800.39076304046
3026,Santa Rosa County,FL,12,2025-09-30,339260.2336000717
67,Bay County,FL,12,2025-09-30,337785.4483475299
3168,Indian River County,FL,12,2025-09-30,359348.0935044072
1176,Martin County,FL,12,2025-09-30,435719.4137029728
938,Citrus County,FL,12,2025-09-30,266651.9647932707
1409,Sumter County,FL,12,2025-09-30,385498.8536175437
1707,Flagler County,FL,12,2025-09-30,344646.83215538465
2724,Highlands County,FL,12,2025-09-30,229988.8572893109
1251,Nassau County,FL,12,2025-09-30,468560.3433440313
1214,Monroe County,FL,12,2025-09-30,935103.3072738802
1468,Walton County,FL,12,2025-09-30,639893.7234924524
1338,Putnam County,FL,12,2025-09-30,205032.816233722
2212,Columbia County,FL,12,2025-09-30,262710.6940788855
1794,Jackson County,FL,12,2025-09-30,173233.20518574538
1717,Gadsden County,FL,12,2025-09-30,195962.5806240992
2570,Suwannee County,FL,12,2025-09-30,259619.0210297945
234,Levy County,FL,12,2025-09-30,281809.3074938759
2990,Okeechobee County,FL,12,2025-09-30,279629.2721836754
1093,Hendry County,FL,12,2025-09-30,272392.47969292884
1659,De Soto County,FL,12,2025-09-30,244095.18848678
2066,Wakulla County,FL,12,2025-09-30,277764.90814760537
378,Baker County,FL,12,2025-09-30,300693.22607396875
2148,Bradford County,FL,12,2025-09-30,235978.5448150305
1076,Hardee County,FL,12,2025-09-30,223777.93101390777
3050,Washington County,FL,12,2025-09-30,212851.9503154388
1419,Taylor County,FL,12,2025-09-30,179143.22868653623
1094,Holmes County,FL,12,2025-09-30,183628.5782530828
1896,Madison County,FL,12,2025-09-30,205396.96881150687
2704,Gilchrist County,FL,12,2025-09-30,289342.4026484173
480,Dixie County,FL,12,2025-09-30,201695.91648941403
762,Union County,FL,12,2025-09-30,252891.1930226237
169,Gulf County,FL,12,2025-09-30,396146.4643468124
2735,Jefferson County,FL,12,2025-09-30,284281.4421561853
2315,Hamilton County,FL,12,2025-09-30,190712.5590670196
1571,Calhoun County,FL,12,2025-09-30,174174.4952021103
2272,Franklin County,FL,12,2025-09-30,417366.55055022606
1042,Glades County,FL,12,2025-09-30,254764.93137590992
2769,Lafayette County,FL,12,2025-09-30,239263.02867673853
1858,Liberty County,FL,12,2025-09-30,193451.81448101703
2964,Miami-Dade County,FL,12,2025-10-31,512793.27056204615
1561,Broward County,FL,12,2025-10-31,421404.5789174091
2993,Palm Beach County,FL,12,2025-10-31,459403.9474180592
3165,Hillsborough County,FL,12,2025-10-31,371298.82135884586
1287,Orange County,FL,12,2025-10-31,396445.0799127717
489,Duval County,FL,12,2025-10-31,288655.8492711859
2480,Pinellas County,FL,12,2025-10-31,359403.3737946564
80,Lee County,FL,12,2025-10-31,340587.9893170504
285,Polk County,FL,12,2025-10-31,296065.22094377485
1556,Brevard County,FL,12,2025-10-31,335839.687159673
669,Pasco County,FL,12,2025-10-31,327891.63425489335
2063,Volusia County,FL,12,2025-10-31,317463.69998513
2538,Seminole County,FL,12,2025-10-31,395398.3108095426
2528,Sarasota County,FL,12,2025-10-31,397013.5870925085
1916,Manatee County,FL,12,2025-10-31,410832.8638064354
1957,Osceola County,FL,12,2025-10-31,361707.7450034029
219,Lake County,FL,12,2025-10-31,358671.6084364036
1638,Collier County,FL,12,2025-10-31,553063.881595946
1161,Marion County,FL,12,2025-10-31,272416.3912868881
3131,Saint Lucie County,FL,12,2025-10-31,366105.0838522028
2259,Escambia County,FL,12,2025-10-31,271058.5888190444
232,Leon County,FL,12,2025-10-31,281824.30947114545
1509,Alachua County,FL,12,2025-10-31,295777.7218905384
3128,Saint Johns County,FL,12,2025-10-31,483150.83415262745
118,Clay County,FL,12,2025-10-31,329178.6383981721
2460,Okaloosa County,FL,12,2025-10-31,343720.7100907333
2341,Hernando County,FL,12,2025-10-31,305703.96780287626
2650,Charlotte County,FL,12,2025-10-31,299370.83715748816
3026,Santa Rosa County,FL,12,2025-10-31,339139.9033258461
67,Bay County,FL,12,2025-10-31,336629.3964057647
3168,Indian River County,FL,12,2025-10-31,358477.5101236236
1176,Martin County,FL,12,2025-10-31,434226.435510912
938,Citrus County,FL,12,2025-10-31,265958.788350146
1409,Sumter County,FL,12,2025-10-31,385317.9545845701
1707,Flagler County,FL,12,2025-10-31,342967.3946345711
2724,Highlands County,FL,12,2025-10-31,229099.5122010331
1251,Nassau County,FL,12,2025-10-31,467803.93201504
1214,Monroe County,FL,12,2025-10-31,932839.3222476154
1468,Walton County,FL,12,2025-10-31,638652.2232938004
1338,Putnam County,FL,12,2025-10-31,204981.29980275533
2212,Columbia County,FL,12,2025-10-31,262102.11661401167
1794,Jackson County,FL,12,2025-10-31,173199.8786989456
1717,Gadsden County,FL,12,2025-10-31,195046.07342469343
2570,Suwannee County,FL,12,2025-10-31,259530.8774035424
234,Levy County,FL,12,2025-10-31,280422.7790631658
2990,Okeechobee County,FL,12,2025-10-31,279606.6064967354
1093,Hendry County,FL,12,2025-10-31,271857.9468595853
1659,De Soto County,FL,12,2025-10-31,243625.23347254543
2066,Wakulla County,FL,12,2025-10-31,277218.7923704116
378,Baker County,FL,12,2025-10-31,301585.85644403537
2148,Bradford County,FL,12,2025-10-31,235634.53578311577
1076,Hardee County,FL,12,2025-10-31,225125.78607532944
3050,Washington County,FL,12,2025-10-31,211852.2402282272
1419,Taylor County,FL,12,2025-10-31,178808.27725052906
1094,Holmes County,FL,12,2025-10-31,182029.51755423564
1896,Madison County,FL,12,2025-10-31,204774.0498424144
2704,Gilchrist County,FL,12,2025-10-31,289459.1345479153
480,Dixie County,FL,12,2025-10-31,202558.8905381273
762,Union County,FL,12,2025-10-31,253884.3582826969
169,Gulf County,FL,12,2025-10-31,395111.985402752
2735,Jefferson County,FL,12,2025-10-31,284540.3942485288
2315,Hamilton County,FL,12,2025-10-31,190589.43031303203
1571,Calhoun County,FL,12,2025-10-31,173266.1983868129
2272,Franklin County,FL,12,2025-10-31,413033.0137414406
1042,Glades County,FL,12,2025-10-31,252957.77986832164
2769,Lafayette County,FL,12,2025-10-31,239974.1355258881
1858,Liberty County,FL,12,2025-10-31,193387.06210081457
2964,Miami-Dade County,FL,12,2025-11-30,512683.3292383865
1561,Broward County,FL,12,2025-11-30,419913.3211241756
2993,Palm Beach County,FL,12,2025-11-30,459128.21909773885
3165,Hillsborough County,FL,12,2025-11-30,370866.58703992
1287,Orange County,FL,12,2025-11-30,396304.2101653264
489,Duval County,FL,12,2025-11-30,288115.0260732984
2480,Pinellas County,FL,12,2025-11-30,358415.922016575
80,Lee County,FL,12,2025-11-30,338821.9845936078
285,Polk County,FL,12,2025-11-30,295598.5237102981
1556,Brevard County,FL,12,2025-11-30,335469.69697317603
669,Pasco County,FL,12,2025-11-30,327451.19164033985
2063,Volusia County,FL,12,2025-11-30,316839.08592838584
2538,Seminole County,FL,12,2025-11-30,395108.20418042777
2528,Sarasota County,FL,12,2025-11-30,395014.67431498365
1916,Manatee County,FL,12,2025-11-30,408950.9706730643
1957,Osceola County,FL,12,2025-11-30,360801.9906232234
219,Lake County,FL,12,2025-11-30,357934.2719724116
1638,Collier County,FL,12,2025-11-30,551918.767638191
1161,Marion County,FL,12,2025-11-30,271854.8771830493
3131,Saint Lucie County,FL,12,2025-11-30,365485.493503536
2259,Escambia County,FL,12,2025-11-30,271226.1988706794
232,Leon County,FL,12,2025-11-30,282200.31800757645
1509,Alachua County,FL,12,2025-11-30,295571.5609120844
3128,Saint Johns County,FL,12,2025-11-30,482658.4670001534
118,Clay County,FL,12,2025-11-30,328880.2535288977
2460,Okaloosa County,FL,12,2025-11-30,343762.3048579326
2341,Hernando County,FL,12,2025-11-30,305565.5856915329
2650,Charlotte County,FL,12,2025-11-30,296666.4340649464
3026,Santa Rosa County,FL,12,2025-11-30,339449.1618795141
67,Bay County,FL,12,2025-11-30,336009.218822078
3168,Indian River County,FL,12,2025-11-30,357997.7576642184
1176,Martin County,FL,12,2025-11-30,433688.0492346562
938,Citrus County,FL,12,2025-11-30,265986.13808372634
1409,Sumter County,FL,12,2025-11-30,385781.9226692269
1707,Flagler County,FL,12,2025-11-30,342320.01756119257
2724,Highlands County,FL,12,2025-11-30,228697.489824519
1251,Nassau County,FL,12,2025-11-30,467665.456107591
1214,Monroe County,FL,12,2025-11-30,932324.1706947308
1468,Walton County,FL,12,2025-11-30,637553.6856756549
1338,Putnam County,FL,12,2025-11-30,204998.0707767509
2212,Columbia County,FL,12,2025-11-30,261505.6106759564
1794,Jackson County,FL,12,2025-11-30,172262.23353035923
1717,Gadsden County,FL,12,2025-11-30,193867.6530817373
2570,Suwannee County,FL,12,2025-11-30,259877.7515010944
234,Levy County,FL,12,2025-11-30,279389.89555850904
2990,Okeechobee County,FL,12,2025-11-30,279466.332860708
1093,Hendry County,FL,12,2025-11-30,271590.93821607484
1659,De Soto County,FL,12,2025-11-30,243663.2468684568
2066,Wakulla County,FL,12,2025-11-30,276952.5081388229
378,Baker County,FL,12,2025-11-30,302971.70389544684
2148,Bradford County,FL,12,2025-11-30,235271.7611431564
1076,Hardee County,FL,12,2025-11-30,225789.1239240172
3050,Washington County,FL,12,2025-11-30,210730.59374060304
1419,Taylor County,FL,12,2025-11-30,179317.23422817249
1094,Holmes County,FL,12,2025-11-30,181304.2214458045
1896,Madison County,FL,12,2025-11-30,204488.3248987141
2704,Gilchrist County,FL,12,2025-11-30,289584.4915062384
480,Dixie County,FL,12,2025-11-30,203455.0764265204
762,Union County,FL,12,2025-11-30,255469.2547851161
169,Gulf County,FL,12,2025-11-30,394926.1202603437
2735,Jefferson County,FL,12,2025-11-30,285275.1755556867
2315,Hamilton County,FL,12,2025-11-30,191153.2911653275
1571,Calhoun County,FL,12,2025-11-30,171639.66321278064
2272,Franklin County,FL,12,2025-11-30,409182.7664511146
1042,Glades County,FL,12,2025-11-30,251775.473357152
2769,Lafayette County,FL,12,2025-11-30,241557.4036129145
1858,Liberty County,FL,12,2025-11-30,193229.9846552324
2964,Miami-Dade County,FL,12,2025-12-31,512683.0351165203
1561,Broward County,FL,12,2025-12-31,418532.37733445736
2993,Palm Beach County,FL,12,2025-12-31,459539.75042544265
3165,Hillsborough County,FL,12,2025-12-31,370691.4361668367
1287,Orange County,FL,12,2025-12-31,396526.0555023794
489,Duval County,FL,12,2025-12-31,287953.2532119938
2480,Pinellas County,FL,12,2025-12-31,357926.5284823764
80,Lee County,FL,12,2025-12-31,337505.4263146567
285,Polk County,FL,12,2025-12-31,295361.620963213
1556,Brevard County,FL,12,2025-12-31,335517.40615850827
669,Pasco County,FL,12,2025-12-31,327113.74617151776
2063,Volusia County,FL,12,2025-12-31,316714.1859442358
2538,Seminole County,FL,12,2025-12-31,395197.1744037896
2528,Sarasota County,FL,12,2025-12-31,394032.7905129264
1916,Manatee County,FL,12,2025-12-31,407614.2847796044
1957,Osceola County,FL,12,2025-12-31,360110.86613749573
219,Lake County,FL,12,2025-12-31,357752.1093379017
1638,Collier County,FL,12,2025-12-31,551306.8122913903
1161,Marion County,FL,12,2025-12-31,271446.73474899493
3131,Saint Lucie County,FL,12,2025-12-31,365292.8534599816
2259,Escambia County,FL,12,2025-12-31,271662.86492346803
232,Leon County,FL,12,2025-12-31,282604.00419424445
1509,Alachua County,FL,12,2025-12-31,295724.9801751733
3128,Saint Johns County,FL,12,2025-12-31,482621.1046201855
118,Clay County,FL,12,2025-12-31,328754.5786890878
2460,Okaloosa County,FL,12,2025-12-31,344069.05368050485
2341,Hernando County,FL,12,2025-12-31,305641.14408406493
2650,Charlotte County,FL,12,2025-12-31,294719.8044883473
3026,Santa Rosa County,FL,12,2025-12-31,340085.08083016804
67,Bay County,FL,12,2025-12-31,335751.9500421317
3168,Indian River County,FL,12,2025-12-31,357751.3306672719
1176,Martin County,FL,12,2025-12-31,433761.9003103026
938,Citrus County,FL,12,2025-12-31,266376.21984571783
1409,Sumter County,FL,12,2025-12-31,386442.3016657922
1707,Flagler County,FL,12,2025-12-31,342567.0831207498
2724,Highlands County,FL,12,2025-12-31,228700.24179182303
1251,Nassau County,FL,12,2025-12-31,467741.2873014461
1214,Monroe County,FL,12,2025-12-31,932186.6628708123
1468,Walton County,FL,12,2025-12-31,636908.2115835223
1338,Putnam County,FL,12,2025-12-31,205499.16551794249
2212,Columbia County,FL,12,2025-12-31,261103.43443651983
1794,Jackson County,FL,12,2025-12-31,170424.11277391537
1717,Gadsden County,FL,12,2025-12-31,192689.03535359493
2570,Suwannee County,FL,12,2025-12-31,260720.40093793112
234,Levy County,FL,12,2025-12-31,279100.2951115955
2990,Okeechobee County,FL,12,2025-12-31,279913.0209263899
1093,Hendry County,FL,12,2025-12-31,271673.42109153647
1659,De Soto County,FL,12,2025-12-31,243872.1649705728
2066,Wakulla County,FL,12,2025-12-31,277047.90064510365
378,Baker County,FL,12,2025-12-31,304355.78598905937
2148,Bradford County,FL,12,2025-12-31,235444.76259404048
1076,Hardee County,FL,12,2025-12-31,226518.5656044045
3050,Washington County,FL,12,2025-12-31,208866.86136518847
1419,Taylor County,FL,12,2025-12-31,180556.81899517137
1094,Holmes County,FL,12,2025-12-31,181052.0370495016
1896,Madison County,FL,12,2025-12-31,204344.5871697996
2704,Gilchrist County,FL,12,2025-12-31,290193.7191749609
480,Dixie County,FL,12,2025-12-31,204472.429445449
762,Union County,FL,12,2025-12-31,257278.46110680056
169,Gulf County,FL,12,2025-12-31,394216.8012671895
2735,Jefferson County,FL,12,2025-12-31,287087.3728390205
2315,Hamilton County,FL,12,2025-12-31,192439.20692450667
1571,Calhoun County,FL,12,2025-12-31,169618.17551629525
2272,Franklin County,FL,12,2025-12-31,406730.2324764792
1042,Glades County,FL,12,2025-12-31,251176.38148405703
2769,Lafayette County,FL,12,2025-12-31,243545.3199992788
1858,Liberty County,FL,12,2025-12-31,192613.2214095732
